title,summary,authors,published,link,category,keywords
"Enhancing Sign Language Teaching: A Mixed Reality Approach for Immersive
  Learning and Multi-Dimensional Feedback","Traditional sign language teaching methods face challenges such as limited feedback and diverse learning scenarios. Although 2D resources lack real-time feedback, classroom teaching is constrained by a scarcity of teacher. Methods based on VR and AR have relatively primitive interaction feedback mechanisms. This study proposes an innovative teaching model that uses real-time monocular vision and mixed reality technology. First, we introduce an improved hand-posture reconstruction method to achieve sign language semantic retention and real-time feedback. Second, a ternary system evaluation algorithm is proposed for a comprehensive assessment, maintaining good consistency with experts in sign language. Furthermore, we use mixed reality technology to construct a scenario-based 3D sign language classroom and explore the user experience of scenario teaching. Overall, this paper presents a novel teaching method that provides an immersive learning experience, advanced posture reconstruction, and precise feedback, achieving positive feedback on user experience and learning effectiveness.","['Hongli Wen', 'Yang Xu', 'Lin Li', 'Xudong Ru', 'Xingce Wang', 'Zhongke Wu']",2024-04-16T11:57:03Z,http://arxiv.org/abs/2404.10490v2,['cs.CV'],
"Experiences with CAMRE: Single-Device Collaborative Adaptive Mixed
  Reality Environment","During collaboration in XR (eXtended Reality), users typically share and interact with virtual objects in a common, shared virtual environment. Specifically, collaboration among users in Mixed Reality (MR) requires knowing their position, movement, and understanding of the visual scene surrounding their physical environments. Otherwise, one user could move an important virtual object to a position blocked by the physical environment for others. However, even for a single physical environment, 3D reconstruction takes a long time and the produced 3D data is typically very large in size. Also, these large amounts of 3D data take a long time to be streamed to receivers making real-time updates on the rendered scene challenging. Furthermore, many collaboration systems in MR require multiple devices, which take up space and make setup difficult. To address these challenges, in this paper, we describe a single-device system called Collaborative Adaptive Mixed Reality Environment (CAMRE). We build CAMRE using the scene understanding capabilities of HoloLens 2 devices to create shared MR virtual environments for each connected user and demonstrate using a Leader-Follower(s) paradigm: faster reconstruction and scene update times due to smaller data. Consequently, multiple users can receive shared, synchronized, and close-to-real-time latency virtual scenes from a chosen Leader, based on their physical position and movement. We also illustrate other expanded features of CAMRE MR virtual environment such as navigation using a real-time virtual mini-map and X-ray vision for handling adaptive wall opacity. We share several experimental results that evaluate the performance of CAMRE in terms of the network latency in sharing virtual objects and other capabilities.","['Hung-Jui Guo', 'Omeed Eshaghi Ashtiani', 'Balakrishnan Prabhakaran']",2023-10-08T03:48:04Z,http://arxiv.org/abs/2310.04996v1,['cs.HC'],
Context-Aware Mixed Reality: A Framework for Ubiquitous Interaction,"Mixed Reality (MR) is a powerful interactive technology that yields new types of user experience. We present a semantic based interactive MR framework that exceeds the current geometry level approaches, a step change in generating high-level context-aware interactions. Our key insight is to build semantic understanding in MR that not only can greatly enhance user experience through object-specific behaviours, but also pave the way for solving complex interaction design challenges. The framework generates semantic properties of the real world environment through dense scene reconstruction and deep image understanding. We demonstrate our approach with a material-aware prototype system for generating context-aware physical interactions between the real and the virtual objects. Quantitative and qualitative evaluations are carried out and the results show that the framework delivers accurate and fast semantic information in interactive MR environment, providing effective semantic level interactions.","['Long Chen', 'Wen Tang', 'Nigel John', 'Tao Ruan Wan', 'Jian Jun Zhang']",2018-03-14T23:38:54Z,http://arxiv.org/abs/1803.05541v1,['cs.CV'],
Single-Camera 3D Head Fitting for Mixed Reality Clinical Applications,"We address the problem of estimating the shape of a person's head, defined as the geometry of the complete head surface, from a video taken with a single moving camera, and determining the alignment of the fitted 3D head for all video frames, irrespective of the person's pose. 3D head reconstructions commonly tend to focus on perfecting the face reconstruction, leaving the scalp to a statistical approximation. Our goal is to reconstruct the head model of each person to enable future mixed reality applications. To do this, we recover a dense 3D reconstruction and camera information via structure-from-motion and multi-view stereo. These are then used in a new two-stage fitting process to recover the 3D head shape by iteratively fitting a 3D morphable model of the head with the dense reconstruction in canonical space and fitting it to each person's head, using both traditional facial landmarks and scalp features extracted from the head's segmentation mask. Our approach recovers consistent geometry for varying head shapes, from videos taken by different people, with different smartphones, and in a variety of environments from living rooms to outdoor spaces.","['Tejas Mane', 'Aylar Bayramova', 'Kostas Daniilidis', 'Philippos Mordohai', 'Elena Bernardis']",2021-09-06T21:03:52Z,http://arxiv.org/abs/2109.02740v2,['cs.CV'],
"BioNet-XR: Biological Network Visualization Framework for Virtual
  Reality and Mixed Reality Environments","Protein-protein interaction networks (PPIN) enable the study of cellular processes in organisms. Visualizing PPINs in extended reality (XR), including virtual reality (VR) and mixed reality (MR), is crucial for exploring subnetworks, evaluating protein positions, and collaboratively analyzing and discussing on networks with the help of recent technological advancements. Here, we present BioNet-XR, a 3D visualization framework, to visualize PPINs in VR and MR environments. BioNet-XR was developed with the Unity3D game engine. Our framework provides state-of-the-art methods and visualization features including teleportation between nodes, general and first-person view to explore the network, subnetwork construction via PageRank, Steiner tree, and all-pair shortest path algorithms for a given set of initial nodes. We used usability tests to gather feedback from both specialists (bioinformaticians) and generalists (multidisciplinary groups), addressing the need for usability evaluations of visualization tools. In the MR version of BioNet-XR, users can seamlessly transition to real-world environments and interact with protein interaction networks. BioNet-XR is highly modular and adaptable for visualization of other biological networks, such as metabolic and regulatory networks, and extension with additional network methods.","['Busra Senderin', 'Nurcan Tuncbag', 'Elif Surer']",2024-02-06T12:20:10Z,http://arxiv.org/abs/2402.03946v1,['cs.MM'],
Automated Reconstruction of 3D Open Surfaces from Sparse Point Clouds,"Real-world 3D data may contain intricate details defined by salient surface gaps. Automated reconstruction of these open surfaces (e.g., non-watertight meshes) is a challenging problem for environment synthesis in mixed reality applications. Current learning-based implicit techniques can achieve high fidelity on closed-surface reconstruction. However, their dependence on the distinction between the inside and outside of a surface makes them incapable of reconstructing open surfaces. Recently, a new class of implicit functions have shown promise in reconstructing open surfaces by regressing an unsigned distance field. Yet, these methods rely on a discretized representation of the raw data, which loses important surface details and can lead to outliers in the reconstruction. We propose IPVNet, a learning-based implicit model that predicts the unsigned distance between a surface and a query point in 3D space by leveraging both raw point cloud data and its discretized voxel counterpart. Experiments on synthetic and real-world public datasets demonstrates that IPVNet outperforms the state of the art while producing far fewer outliers in the reconstruction.","['Mohammad Samiul Arshad', 'William J. Beksi']",2022-10-26T22:02:45Z,http://arxiv.org/abs/2210.15059v2,"['cs.CV', 'cs.GR']",
"Complementary Textures. A Novel Approach to Object Alignment in Mixed
  Reality","Alignment between real and virtual objects is a challenging task required for the deployment of Mixed Reality (MR) into manufacturing, medical, and construction applications. To face this challenge, a series of methods have been proposed. While many approaches use dynamic augmentations such as animations, arrows, or text to assist users, they require tracking the position of real objects. In contrast, when tracking of the real objects is not available or desired, alternative approaches use virtual replicas of real objects to allow for interactive, perceptual virtual-to-real, and/or real-to-virtual alignment. In these cases, the accuracy achieved strongly depends on the quality of the perceptual information provided to the user. This paper proposes a novel set of perceptual alignment concepts that go beyond the use of traditional visualization of virtual replicas, introducing the concept of COMPLEMENTARY TEXTURES to improve interactive alignment in MR applications. To showcase the advantages of using COMPLEMENTARY TEXTURES, we describe three different implementations that provide highly salient visual cues when misalignment is observed; or present semantic augmentations that, when combined with a real object, provide contextual information that can be used during the alignment process. The authors aim to open new paths for the community to explore rather than describing end-to-end solutions. The objective is to show the multitude of opportunities such concepts could provide for further research and development.","['Alejandro Martin-Gomez', 'Alexander Winkler', 'Rafael de la Tijera Obert', 'Javad Fotouhi', 'Daniel Roth', 'Ulrich Eck', 'Nassir Navab']",2022-11-16T16:50:21Z,http://arxiv.org/abs/2211.09037v1,"['cs.HC', 'cs.GR']",
"HoloPOCUS: Portable Mixed-Reality 3D Ultrasound Tracking, Reconstruction
  and Overlay","Ultrasound (US) imaging provides a safe and accessible solution to procedural guidance and diagnostic imaging. The effective usage of conventional 2D US for interventional guidance requires extensive experience to project the image plane onto the patient, and the interpretation of images in diagnostics suffers from high intra- and inter-user variability. 3D US reconstruction allows for more consistent diagnosis and interpretation, but existing solutions are limited in terms of equipment and applicability in real-time navigation. To address these issues, we propose HoloPOCUS - a mixed reality US system (MR-US) that overlays rich US information onto the user's vision in a point-of-care setting. HoloPOCUS extends existing MR-US methods beyond placing a US plane in the user's vision to include a 3D reconstruction and projection that can aid in procedural guidance using conventional probes. We validated a tracking pipeline that demonstrates higher accuracy compared to existing MR-US works. Furthermore, user studies conducted via a phantom task showed significant improvements in navigation duration when using our proposed methods.","['Kian Wei Ng', 'Yujia Gao', 'Shaheryar Mohammed Furqan', 'Zachery Yeo', 'Joel Lau', 'Kee Yuan Ngiam', 'Eng Tat Khoo']",2023-08-26T09:28:20Z,http://arxiv.org/abs/2308.13823v1,"['cs.CV', 'cs.HC']",
"BrickStARt: Enabling In-situ Design and Tangible Exploration for
  Personal Fabrication using Mixed Reality","3D printers enable end-users to design and fabricate unique physical artifacts but maintain an increased entry barrier and friction. End users must design tangible artifacts through intangible media away from the main problem space (ex-situ) and transfer spatial requirements to an abstract software environment. To allow users to evaluate dimensions, balance, or fit early and in-situ, we developed BrickStARt, a design tool using tangible construction blocks paired with a mixed-reality headset. Users assemble a physical block model at the envisioned location of the fabricated artifact. Designs can be tested tangibly, refined, and digitally post-processed, remaining continuously in-situ. We implemented BrickStARt using a Magic Leap headset and present walkthroughs, highlighting novel interactions for 3D design. In a user study (n=16), first-time 3D modelers succeeded more often using BrickStARt than Tinkercad. Our results suggest that BrickStARt provides an accessible and explorative process while facilitating quick, tangible design iterations that allow users to detect physics-related issues (e.g., clearance) early on.","['Evgeny Stemasov', 'Jessica Hohn', 'Maurice Cordts', 'Anja Schikorr', 'Enrico Rukzio', 'Jan Gugenheimer']",2023-10-05T17:18:13Z,http://arxiv.org/abs/2310.03700v1,"['cs.HC', 'H.5.1; H.5.2; H.5.m']",
"Deep Learning-based Framework for Automatic Cranial Defect
  Reconstruction and Implant Modeling","The goal of this work is to propose a robust, fast, and fully automatic method for personalized cranial defect reconstruction and implant modeling.   We propose a two-step deep learning-based method using a modified U-Net architecture to perform the defect reconstruction, and a dedicated iterative procedure to improve the implant geometry, followed by automatic generation of models ready for 3-D printing. We propose a cross-case augmentation based on imperfect image registration combining cases from different datasets. We perform ablation studies regarding different augmentation strategies and compare them to other state-of-the-art methods.   We evaluate the method on three datasets introduced during the AutoImplant 2021 challenge, organized jointly with the MICCAI conference. We perform the quantitative evaluation using the Dice and boundary Dice coefficients, and the Hausdorff distance. The average Dice coefficient, boundary Dice coefficient, and the 95th percentile of Hausdorff distance are 0.91, 0.94, and 1.53 mm respectively. We perform an additional qualitative evaluation by 3-D printing and visualization in mixed reality to confirm the implant's usefulness.   We propose a complete pipeline that enables one to create the cranial implant model ready for 3-D printing. The described method is a greatly extended version of the method that scored 1st place in all AutoImplant 2021 challenge tasks. We freely release the source code, that together with the open datasets, makes the results fully reproducible. The automatic reconstruction of cranial defects may enable manufacturing personalized implants in a significantly shorter time, possibly allowing one to perform the 3-D printing process directly during a given intervention. Moreover, we show the usability of the defect reconstruction in mixed reality that may further reduce the surgery time.","['Marek Wodzinski', 'Mateusz Daniol', 'Miroslaw Socha', 'Daria Hemmerling', 'Maciej Stanuch', 'Andrzej Skalski']",2022-04-13T11:33:26Z,http://arxiv.org/abs/2204.06310v1,"['eess.IV', 'cs.CV', 'cs.LG']",
BodyDigitizer: An Open Source Photogrammetry-based 3D Body Scanner,"With the rising popularity of Augmented and Virtual Reality, there is a need for representing humans as virtual avatars in various application domains ranging from remote telepresence, games to medical applications. Besides explicitly modelling 3D avatars, sensing approaches that create person-specific avatars are becoming popular. However, affordable solutions typically suffer from a low visual quality and professional solution are often too expensive to be deployed in nonprofit projects.   We present an open-source project, BodyDigitizer, which aims at providing both build instructions and configuration software for a high-resolution photogrammetry-based 3D body scanner. Our system encompasses up to 96 Rasperry PI cameras, active LED lighting, a sturdy frame construction and open-source configuration software. %We demonstrate the applicability of the body scanner in a nonprofit Mixed Reality health project. The detailed build instruction and software are available at http://www.bodydigitizer.org.","['Travis Gesslein', 'Daniel Scherer', 'Jens Grubert']",2017-10-03T20:10:10Z,http://arxiv.org/abs/1710.01370v2,"['cs.CV', 'cs.HC']",
Efficient Scene Compression for Visual-based Localization,"Estimating the pose of a camera with respect to a 3D reconstruction or scene representation is a crucial step for many mixed reality and robotics applications. Given the vast amount of available data nowadays, many applications constrain storage and/or bandwidth to work efficiently. To satisfy these constraints, many applications compress a scene representation by reducing its number of 3D points. While state-of-the-art methods use $K$-cover-based algorithms to compress a scene, they are slow and hard to tune. To enhance speed and facilitate parameter tuning, this work introduces a novel approach that compresses a scene representation by means of a constrained quadratic program (QP). Because this QP resembles a one-class support vector machine, we derive a variant of the sequential minimal optimization to solve it. Our approach uses the points corresponding to the support vectors as the subset of points to represent a scene. We also present an efficient initialization method that allows our method to converge quickly. Our experiments on publicly available datasets show that our approach compresses a scene representation quickly while delivering accurate pose estimates.","['Marcela Mera-Trujillo', 'Benjamin Smith', 'Victor Fragoso']",2020-11-27T18:36:06Z,http://arxiv.org/abs/2011.13894v1,['cs.CV'],
Ditto: Building Digital Twins of Articulated Objects from Interaction,"Digitizing physical objects into the virtual world has the potential to unlock new research and applications in embodied AI and mixed reality. This work focuses on recreating interactive digital twins of real-world articulated objects, which can be directly imported into virtual environments. We introduce Ditto to learn articulation model estimation and 3D geometry reconstruction of an articulated object through interactive perception. Given a pair of visual observations of an articulated object before and after interaction, Ditto reconstructs part-level geometry and estimates the articulation model of the object. We employ implicit neural representations for joint geometry and articulation modeling. Our experiments show that Ditto effectively builds digital twins of articulated objects in a category-agnostic way. We also apply Ditto to real-world objects and deploy the recreated digital twins in physical simulation. Code and additional results are available at https://ut-austin-rpl.github.io/Ditto","['Zhenyu Jiang', 'Cheng-Chun Hsu', 'Yuke Zhu']",2022-02-16T18:12:14Z,http://arxiv.org/abs/2202.08227v3,"['cs.CV', 'cs.AI', 'cs.RO']",
BNV-Fusion: Dense 3D Reconstruction using Bi-level Neural Volume Fusion,"Dense 3D reconstruction from a stream of depth images is the key to many mixed reality and robotic applications. Although methods based on Truncated Signed Distance Function (TSDF) Fusion have advanced the field over the years, the TSDF volume representation is confronted with striking a balance between the robustness to noisy measurements and maintaining the level of detail. We present Bi-level Neural Volume Fusion (BNV-Fusion), which leverages recent advances in neural implicit representations and neural rendering for dense 3D reconstruction. In order to incrementally integrate new depth maps into a global neural implicit representation, we propose a novel bi-level fusion strategy that considers both efficiency and reconstruction quality by design. We evaluate the proposed method on multiple datasets quantitatively and qualitatively, demonstrating a significant improvement over existing methods.","['Kejie Li', 'Yansong Tang', 'Victor Adrian Prisacariu', 'Philip H. S. Torr']",2022-04-03T19:33:09Z,http://arxiv.org/abs/2204.01139v1,['cs.CV'],
"IPDAE: Improved Patch-Based Deep Autoencoder for Lossy Point Cloud
  Geometry Compression","Point cloud is a crucial representation of 3D contents, which has been widely used in many areas such as virtual reality, mixed reality, autonomous driving, etc. With the boost of the number of points in the data, how to efficiently compress point cloud becomes a challenging problem. In this paper, we propose a set of significant improvements to patch-based point cloud compression, i.e., a learnable context model for entropy coding, octree coding for sampling centroid points, and an integrated compression and training process. In addition, we propose an adversarial network to improve the uniformity of points during reconstruction. Our experiments show that the improved patch-based autoencoder outperforms the state-of-the-art in terms of rate-distortion performance, on both sparse and large-scale point clouds. More importantly, our method can maintain a short compression time while ensuring the reconstruction quality.","['Kang You', 'Pan Gao', 'Qing Li']",2022-08-04T08:12:35Z,http://arxiv.org/abs/2208.02519v1,"['cs.CV', 'cs.IT', 'cs.MM', 'eess.IV', 'math.IT']",
"Towards Live 3D Reconstruction from Wearable Video: An Evaluation of
  V-SLAM, NeRF, and Videogrammetry Techniques","Mixed reality (MR) is a key technology which promises to change the future of warfare. An MR hybrid of physical outdoor environments and virtual military training will enable engagements with long distance enemies, both real and simulated. To enable this technology, a large-scale 3D model of a physical environment must be maintained based on live sensor observations. 3D reconstruction algorithms should utilize the low cost and pervasiveness of video camera sensors, from both overhead and soldier-level perspectives. Mapping speed and 3D quality can be balanced to enable live MR training in dynamic environments. Given these requirements, we survey several 3D reconstruction algorithms for large-scale mapping for military applications given only live video. We measure 3D reconstruction performance from common structure from motion, visual-SLAM, and photogrammetry techniques. This includes the open source algorithms COLMAP, ORB-SLAM3, and NeRF using Instant-NGP. We utilize the autonomous driving academic benchmark KITTI, which includes both dashboard camera video and lidar produced 3D ground truth. With the KITTI data, our primary contribution is a quantitative evaluation of 3D reconstruction computational speed when considering live video.","['David Ramirez', 'Suren Jayasuriya', 'Andreas Spanias']",2022-11-21T19:57:51Z,http://arxiv.org/abs/2211.11836v1,"['eess.IV', 'cs.CV']",
"BoDiffusion: Diffusing Sparse Observations for Full-Body Human Motion
  Synthesis","Mixed reality applications require tracking the user's full-body motion to enable an immersive experience. However, typical head-mounted devices can only track head and hand movements, leading to a limited reconstruction of full-body motion due to variability in lower body configurations. We propose BoDiffusion -- a generative diffusion model for motion synthesis to tackle this under-constrained reconstruction problem. We present a time and space conditioning scheme that allows BoDiffusion to leverage sparse tracking inputs while generating smooth and realistic full-body motion sequences. To the best of our knowledge, this is the first approach that uses the reverse diffusion process to model full-body tracking as a conditional sequence generation task. We conduct experiments on the large-scale motion-capture dataset AMASS and show that our approach outperforms the state-of-the-art approaches by a significant margin in terms of full-body motion realism and joint reconstruction error.","['Angela Castillo', 'Maria Escobar', 'Guillaume Jeanneret', 'Albert Pumarola', 'Pablo Arbeláez', 'Ali Thabet', 'Artsiom Sanakoyeu']",2023-04-21T16:39:05Z,http://arxiv.org/abs/2304.11118v1,"['cs.CV', 'cs.AI']",
Large AI Model-Based Semantic Communications,"Semantic communication (SC) is an emerging intelligent paradigm, offering solutions for various future applications like metaverse, mixed-reality, and the Internet of everything. However, in current SC systems, the construction of the knowledge base (KB) faces several issues, including limited knowledge representation, frequent knowledge updates, and insecure knowledge sharing. Fortunately, the development of the large AI model provides new solutions to overcome above issues. Here, we propose a large AI model-based SC framework (LAM-SC) specifically designed for image data, where we first design the segment anything model (SAM)-based KB (SKB) that can split the original image into different semantic segments by universal semantic knowledge. Then, we present an attention-based semantic integration (ASI) to weigh the semantic segments generated by SKB without human participation and integrate them as the semantic-aware image. Additionally, we propose an adaptive semantic compression (ASC) encoding to remove redundant information in semantic features, thereby reducing communication overhead. Finally, through simulations, we demonstrate the effectiveness of the LAM-SC framework and the significance of the large AI model-based KB development in future SC paradigms.","['Feibo Jiang', 'Yubo Peng', 'Li Dong', 'Kezhi Wang', 'Kun Yang', 'Cunhua Pan', 'Xiaohu You']",2023-07-07T10:01:08Z,http://arxiv.org/abs/2307.03492v1,"['cs.AI', 'cs.NI']",
Neural RGB-D Surface Reconstruction,"Obtaining high-quality 3D reconstructions of room-scale scenes is of paramount importance for upcoming applications in AR or VR. These range from mixed reality applications for teleconferencing, virtual measuring, virtual room planing, to robotic applications. While current volume-based view synthesis methods that use neural radiance fields (NeRFs) show promising results in reproducing the appearance of an object or scene, they do not reconstruct an actual surface. The volumetric representation of the surface based on densities leads to artifacts when a surface is extracted using Marching Cubes, since during optimization, densities are accumulated along the ray and are not used at a single sample point in isolation. Instead of this volumetric representation of the surface, we propose to represent the surface using an implicit function (truncated signed distance function). We show how to incorporate this representation in the NeRF framework, and extend it to use depth measurements from a commodity RGB-D sensor, such as a Kinect. In addition, we propose a pose and camera refinement technique which improves the overall reconstruction quality. In contrast to concurrent work on integrating depth priors in NeRF which concentrates on novel view synthesis, our approach is able to reconstruct high-quality, metrical 3D reconstructions.","['Dejan Azinović', 'Ricardo Martin-Brualla', 'Dan B Goldman', 'Matthias Nießner', 'Justus Thies']",2021-04-09T18:00:01Z,http://arxiv.org/abs/2104.04532v3,['cs.CV'],
"FreeStyleGAN: Free-view Editable Portrait Rendering with the Camera
  Manifold","Current Generative Adversarial Networks (GANs) produce photorealistic renderings of portrait images. Embedding real images into the latent space of such models enables high-level image editing. While recent methods provide considerable semantic control over the (re-)generated images, they can only generate a limited set of viewpoints and cannot explicitly control the camera. Such 3D camera control is required for 3D virtual and mixed reality applications. In our solution, we use a few images of a face to perform 3D reconstruction, and we introduce the notion of the GAN camera manifold, the key element allowing us to precisely define the range of images that the GAN can reproduce in a stable manner. We train a small face-specific neural implicit representation network to map a captured face to this manifold and complement it with a warping scheme to obtain free-viewpoint novel-view synthesis. We show how our approach - due to its precise camera control - enables the integration of a pre-trained StyleGAN into standard 3D rendering pipelines, allowing e.g., stereo rendering or consistent insertion of faces in synthetic 3D environments. Our solution proposes the first truly free-viewpoint rendering of realistic faces at interactive rates, using only a small number of casual photos as input, while simultaneously allowing semantic editing capabilities, such as facial expression or lighting changes.","['Thomas Leimkühler', 'George Drettakis']",2021-09-20T08:59:21Z,http://arxiv.org/abs/2109.09378v1,"['cs.GR', 'cs.CV']",
Learning Online Multi-Sensor Depth Fusion,"Many hand-held or mixed reality devices are used with a single sensor for 3D reconstruction, although they often comprise multiple sensors. Multi-sensor depth fusion is able to substantially improve the robustness and accuracy of 3D reconstruction methods, but existing techniques are not robust enough to handle sensors which operate with diverse value ranges as well as noise and outlier statistics. To this end, we introduce SenFuNet, a depth fusion approach that learns sensor-specific noise and outlier statistics and combines the data streams of depth frames from different sensors in an online fashion. Our method fuses multi-sensor depth streams regardless of time synchronization and calibration and generalizes well with little training data. We conduct experiments with various sensor combinations on the real-world CoRBS and Scene3D datasets, as well as the Replica dataset. Experiments demonstrate that our fusion strategy outperforms traditional and recent online depth fusion approaches. In addition, the combination of multiple sensors yields more robust outlier handling and more precise surface reconstruction than the use of a single sensor. The source code and data are available at https://github.com/tfy14esa/SenFuNet.","['Erik Sandström', 'Martin R. Oswald', 'Suryansh Kumar', 'Silvan Weder', 'Fisher Yu', 'Cristian Sminchisescu', 'Luc Van Gool']",2022-04-07T10:45:32Z,http://arxiv.org/abs/2204.03353v2,['cs.CV'],
"A Novel Light Field Coding Scheme Based on Deep Belief Network &
  Weighted Binary Images for Additive Layered Displays","Light-field displays create an immersive experience by providing binocular depth sensation and motion parallax. Stacking light attenuating layers is one approach to implement a light field display with a broader depth of field, wide viewing angles and high resolution. Due to the transparent holographic optical element (HOE) layers, additive layered displays can be integrated into augmented reality (AR) wearables to overlay virtual objects onto the real world, creating a seamless mixed reality (XR) experience. This paper proposes a novel framework for light field representation and coding that utilizes Deep Belief Network (DBN) and weighted binary images suitable for additive layered displays. The weighted binary representation of layers makes the framework more flexible for adaptive bitrate encoding. The framework effectively captures intrinsic redundancies in the light field data, and thus provides a scalable solution for light field coding suitable for XR display applications. The latent code is encoded by H.265 codec generating a rate-scalable bit-stream. We achieve adaptive bitrate decoding by varying the number of weighted binary images and the H.265 quantization parameter, while maintaining an optimal reconstruction quality. The framework is tested on real and synthetic benchmark datasets, and the results validate the rate-scalable property of the proposed scheme.","['Sally Khaidem', 'Mansi Sharma']",2022-10-04T08:18:06Z,http://arxiv.org/abs/2210.01447v2,"['cs.CV', 'eess.IV']",
Fast and Lightweight Scene Regressor for Camera Relocalization,"Camera relocalization involving a prior 3D reconstruction plays a crucial role in many mixed reality and robotics applications. Estimating the camera pose directly with respect to pre-built 3D models can be prohibitively expensive for several applications with limited storage and/or communication bandwidth. Although recent scene and absolute pose regression methods have become popular for efficient camera localization, most of them are computation-resource intensive and difficult to obtain a real-time inference with high accuracy constraints. This study proposes a simple scene regression method that requires only a multi-layer perceptron network for mapping scene coordinates to achieve accurate camera pose estimations. The proposed approach uses sparse descriptors to regress the scene coordinates, instead of a dense RGB image. The use of sparse features provides several advantages. First, the proposed regressor network is substantially smaller than those reported in previous studies. This makes our system highly efficient and scalable. Second, the pre-built 3D models provide the most reliable and robust 2D-3D matches. Therefore, learning from them can lead to an awareness of equivalent features and substantially improve the generalization performance. A detailed analysis of our approach and extensive evaluations using existing datasets are provided to support the proposed method. The implementation detail is available at https://github.com/aislab/feat2map","['Thuan B. Bui', 'Dinh-Tuan Tran', 'Joo-Ho Lee']",2022-12-04T14:41:20Z,http://arxiv.org/abs/2212.01830v1,"['cs.CV', 'cs.RO']",
"Generative AI-driven Semantic Communication Framework for NextG Wireless
  Network","This work designs a novel semantic communication (SemCom) framework for the next-generation wireless network to tackle the challenges of unnecessary transmission of vast amounts that cause high bandwidth consumption, more latency, and experience with bad quality of services (QoS). In particular, these challenges hinder applications like intelligent transportation systems (ITS), metaverse, mixed reality, and the Internet of Everything, where real-time and efficient data transmission is paramount. Therefore, to reduce communication overhead and maintain the QoS of emerging applications such as metaverse, ITS, and digital twin creation, this work proposes a novel semantic communication framework. First, an intelligent semantic transmitter is designed to capture the meaningful information (e.g., the rode-side image in ITS) by designing a domain-specific Mobile Segment Anything Model (MSAM)-based mechanism to reduce the potential communication traffic while QoS remains intact. Second, the concept of generative AI is introduced for building the SemCom to reconstruct and denoise the received semantic data frame at the receiver end. In particular, the Generative Adversarial Network (GAN) mechanism is designed to maintain a superior quality reconstruction under different signal-to-noise (SNR) channel conditions. Finally, we have tested and evaluated the proposed semantic communication (SemCom) framework with the real-world 6G scenario of ITS; in particular, the base station equipped with an RGB camera and a mmWave phased array. Experimental results demonstrate the efficacy of the proposed SemCom framework by achieving high-quality reconstruction across various SNR channel conditions, resulting in 93.45% data reduction in communication.","['Avi Deb Raha', 'Md. Shirajum Munir', 'Apurba Adhikary', 'Yu Qiao', 'Choong Seon Hong']",2023-10-13T11:33:54Z,http://arxiv.org/abs/2310.09021v1,['cs.NI'],
"VR-GS: A Physical Dynamics-Aware Interactive Gaussian Splatting System
  in Virtual Reality","As consumer Virtual Reality (VR) and Mixed Reality (MR) technologies gain momentum, there's a growing focus on the development of engagements with 3D virtual content. Unfortunately, traditional techniques for content creation, editing, and interaction within these virtual spaces are fraught with difficulties. They tend to be not only engineering-intensive but also require extensive expertise, which adds to the frustration and inefficiency in virtual object manipulation. Our proposed VR-GS system represents a leap forward in human-centered 3D content interaction, offering a seamless and intuitive user experience. By developing a physical dynamics-aware interactive Gaussian Splatting in a Virtual Reality setting, and constructing a highly efficient two-level embedding strategy alongside deformable body simulations, VR-GS ensures real-time execution with highly realistic dynamic responses. The components of our Virtual Reality system are designed for high efficiency and effectiveness, starting from detailed scene reconstruction and object segmentation, advancing through multi-view image in-painting, and extending to interactive physics-based editing. The system also incorporates real-time deformation embedding and dynamic shadow casting, ensuring a comprehensive and engaging virtual experience.Our project page is available at: https://yingjiang96.github.io/VR-GS/.","['Ying Jiang', 'Chang Yu', 'Tianyi Xie', 'Xuan Li', 'Yutao Feng', 'Huamin Wang', 'Minchen Li', 'Henry Lau', 'Feng Gao', 'Yin Yang', 'Chenfanfu Jiang']",2024-01-30T01:28:36Z,http://arxiv.org/abs/2401.16663v2,"['cs.HC', 'cs.CV']",
"The Value of Extended Reality Techniques to Improve Remote Collaborative
  Maintenance Operations: A User Study","In the Architecture, Engineering and Construction (AEC) sector, data extracted from building information modelling (BIM) can be used to create a digital twin (DT). The algorithms of a BIM-based DT can facilitate the retrieval of information, which can then be used to improve building operation and maintenance procedures. However, with the increased complexity and automation of the building, maintenance operations are likely to become more complex and may require expert intervention. Collaboration and interaction between the operator and the expert may be limited as the latter may not be on site or within the company. Recently, extended reality (XR) technologies have proven to be effective in improving collaboration during maintenance operations,through data display and shared interactions. This paper presents a new collaborative solution using these technologies to enhance collaboration during remote maintenance operations. The proposed approach consists of a mixed reality (MR) set-up for the operator, a virtual reality (VR) set-up for the remote expert and a shared Digital Model of a heat exchanger. The MR set-up is used for tracking and displaying specific information, provided by the VR module. A user study was carried out to compare the efficiency of our solution with a standard audio-video collaboration. Our approach demonstrated substantial enhancements in collaborative inspection, resulting in a significative reduction in both the overall completion time of the inspection and the frequency of errors committed by the operators.","['Corentin Coupry', 'Paul Richard', 'David Bigaud', 'Sylvain Noblecourt', 'David Baudry']",2024-02-29T12:28:40Z,http://arxiv.org/abs/2403.05580v1,"['cs.HC', 'cs.GR']",
"BundleFusion: Real-time Globally Consistent 3D Reconstruction using
  On-the-fly Surface Re-integration","Real-time, high-quality, 3D scanning of large-scale scenes is key to mixed reality and robotic applications. However, scalability brings challenges of drift in pose estimation, introducing significant errors in the accumulated model. Approaches often require hours of offline processing to globally correct model errors. Recent online methods demonstrate compelling results, but suffer from: (1) needing minutes to perform online correction preventing true real-time use; (2) brittle frame-to-frame (or frame-to-model) pose estimation resulting in many tracking failures; or (3) supporting only unstructured point-based representations, which limit scan quality and applicability. We systematically address these issues with a novel, real-time, end-to-end reconstruction framework. At its core is a robust pose estimation strategy, optimizing per frame for a global set of camera poses by considering the complete history of RGB-D input with an efficient hierarchical approach. We remove the heavy reliance on temporal tracking, and continually localize to the globally optimized frames instead. We contribute a parallelizable optimization framework, which employs correspondences based on sparse features and dense geometric and photometric matching. Our approach estimates globally optimized (i.e., bundle adjusted) poses in real-time, supports robust tracking with recovery from gross tracking failures (i.e., relocalization), and re-estimates the 3D model in real-time to ensure global consistency; all within a single framework. Our approach outperforms state-of-the-art online systems with quality on par to offline methods, but with unprecedented speed and scan completeness. Our framework leads to a comprehensive online scanning solution for large indoor environments, enabling ease of use and high-quality results.","['Angela Dai', 'Matthias Nießner', 'Michael Zollhöfer', 'Shahram Izadi', 'Christian Theobalt']",2016-04-05T00:06:39Z,http://arxiv.org/abs/1604.01093v3,"['cs.GR', 'cs.CV']",
Fristograms: Revealing and Exploiting Light Field Internals,"In recent years, light field (LF) capture and processing has become an integral part of media production. The richness of information available in LFs has enabled novel applications like post-capture depth-of-field editing, 3D reconstruction, segmentation and matting, saliency detection, object detection and recognition, and mixed reality. The efficacy of such applications depends on certain underlying requirements, which are often ignored. For example, some operations such as noise-reduction, or hyperfan-filtering are only possible if a scene point Lambertian radiator. Some other operations such as the removal of obstacles or looking behind objects are only possible if there is at least one ray capturing the required scene point. Consequently, the ray distribution representing a certain scene point is an important characteristic for evaluating processing possibilities. The primary idea in this paper is to establish a relation between the capturing setup and the rays of the LF. To this end, we discretize the view frustum. Traditionally, a uniform discretization of the view frustum results in voxels that represents a single sample on a regularly spaced, 3-D grid. Instead, we use frustum-shaped voxels (froxels), by using depth and capturing-setup dependent discretization of the view frustum. Based on such discretization, we count the number of rays mapping to the same pixel on the capturing device(s). By means of this count, we propose histograms of ray-counts over the froxels (fristograms). Fristograms can be used as a tool to analyze and reveal interesting aspects of the underlying LF, like the number of rays originating from a scene point and the color distribution of these rays. As an example, we show its ability by significantly reducing the number of rays which enables noise reduction while maintaining the realistic rendering of non-Lambertian or partially occluded regions.","['Thorsten Herfet', 'Kelvin Chelli', 'Tobias Lange', 'Robin Kremer']",2021-07-22T10:33:13Z,http://arxiv.org/abs/2107.10563v1,"['eess.IV', 'cs.CV']",
"MedShapeNet -- A Large-Scale Dataset of 3D Medical Shapes for Computer
  Vision","Prior to the deep learning era, shape was commonly used to describe the objects. Nowadays, state-of-the-art (SOTA) algorithms in medical imaging are predominantly diverging from computer vision, where voxel grids, meshes, point clouds, and implicit surface models are used. This is seen from numerous shape-related publications in premier vision conferences as well as the growing popularity of ShapeNet (about 51,300 models) and Princeton ModelNet (127,915 models). For the medical domain, we present a large collection of anatomical shapes (e.g., bones, organs, vessels) and 3D models of surgical instrument, called MedShapeNet, created to facilitate the translation of data-driven vision algorithms to medical applications and to adapt SOTA vision algorithms to medical problems. As a unique feature, we directly model the majority of shapes on the imaging data of real patients. As of today, MedShapeNet includes 23 dataset with more than 100,000 shapes that are paired with annotations (ground truth). Our data is freely accessible via a web interface and a Python application programming interface (API) and can be used for discriminative, reconstructive, and variational benchmarks as well as various applications in virtual, augmented, or mixed reality, and 3D printing. Exemplary, we present use cases in the fields of classification of brain tumors, facial and skull reconstructions, multi-class anatomy completion, education, and 3D printing. In future, we will extend the data and improve the interfaces. The project pages are: https://medshapenet.ikim.nrw/ and https://github.com/Jianningli/medshapenet-feedback","['Jianning Li', 'Zongwei Zhou', 'Jiancheng Yang', 'Antonio Pepe', 'Christina Gsaxner', 'Gijs Luijten', 'Chongyu Qu', 'Tiezheng Zhang', 'Xiaoxi Chen', 'Wenxuan Li', 'Marek Wodzinski', 'Paul Friedrich', 'Kangxian Xie', 'Yuan Jin', 'Narmada Ambigapathy', 'Enrico Nasca', 'Naida Solak', 'Gian Marco Melito', 'Viet Duc Vu', 'Afaque R. Memon', 'Christopher Schlachta', 'Sandrine De Ribaupierre', 'Rajnikant Patel', 'Roy Eagleson', 'Xiaojun Chen', 'Heinrich Mächler', 'Jan Stefan Kirschke', 'Ezequiel de la Rosa', 'Patrick Ferdinand Christ', 'Hongwei Bran Li', 'David G. Ellis', 'Michele R. Aizenberg', 'Sergios Gatidis', 'Thomas Küstner', 'Nadya Shusharina', 'Nicholas Heller', 'Vincent Andrearczyk', 'Adrien Depeursinge', 'Mathieu Hatt', 'Anjany Sekuboyina', 'Maximilian Löffler', 'Hans Liebl', 'Reuben Dorent', 'Tom Vercauteren', 'Jonathan Shapey', 'Aaron Kujawa', 'Stefan Cornelissen', 'Patrick Langenhuizen', 'Achraf Ben-Hamadou', 'Ahmed Rekik', 'Sergi Pujades', 'Edmond Boyer', 'Federico Bolelli', 'Costantino Grana', 'Luca Lumetti', 'Hamidreza Salehi', 'Jun Ma', 'Yao Zhang', 'Ramtin Gharleghi', 'Susann Beier', 'Arcot Sowmya', 'Eduardo A. Garza-Villarreal', 'Thania Balducci', 'Diego Angeles-Valdez', 'Roberto Souza', 'Leticia Rittner', 'Richard Frayne', 'Yuanfeng Ji', 'Vincenzo Ferrari', 'Soumick Chatterjee', 'Florian Dubost', 'Stefanie Schreiber', 'Hendrik Mattern', 'Oliver Speck', 'Daniel Haehn', 'Christoph John', 'Andreas Nürnberger', 'João Pedrosa', 'Carlos Ferreira', 'Guilherme Aresta', 'António Cunha', 'Aurélio Campilho', 'Yannick Suter', 'Jose Garcia', 'Alain Lalande', 'Vicky Vandenbossche', 'Aline Van Oevelen', 'Kate Duquesne', 'Hamza Mekhzoum', 'Jef Vandemeulebroucke', 'Emmanuel Audenaert', 'Claudia Krebs', 'Timo van Leeuwen', 'Evie Vereecke', 'Hauke Heidemeyer', 'Rainer Röhrig', 'Frank Hölzle', 'Vahid Badeli', 'Kathrin Krieger', 'Matthias Gunzer', 'Jianxu Chen', 'Timo van Meegdenburg', 'Amin Dada', 'Miriam Balzer', 'Jana Fragemann', 'Frederic Jonske', 'Moritz Rempe', 'Stanislav Malorodov', 'Fin H. Bahnsen', 'Constantin Seibold', 'Alexander Jaus', 'Zdravko Marinov', 'Paul F. Jaeger', 'Rainer Stiefelhagen', 'Ana Sofia Santos', 'Mariana Lindo', 'André Ferreira', 'Victor Alves', 'Michael Kamp', 'Amr Abourayya', 'Felix Nensa', 'Fabian Hörst', 'Alexander Brehmer', 'Lukas Heine', 'Yannik Hanusrichter', 'Martin Weßling', 'Marcel Dudda', 'Lars E. Podleska', 'Matthias A. Fink', 'Julius Keyl', 'Konstantinos Tserpes', 'Moon-Sung Kim', 'Shireen Elhabian', 'Hans Lamecker', 'Dženan Zukić', 'Beatriz Paniagua', 'Christian Wachinger', 'Martin Urschler', 'Luc Duong', 'Jakob Wasserthal', 'Peter F. Hoyer', 'Oliver Basu', 'Thomas Maal', 'Max J. H. Witjes', 'Gregor Schiele', 'Ti-chiun Chang', 'Seyed-Ahmad Ahmadi', 'Ping Luo', 'Bjoern Menze', 'Mauricio Reyes', 'Thomas M. Deserno', 'Christos Davatzikos', 'Behrus Puladi', 'Pascal Fua', 'Alan L. Yuille', 'Jens Kleesiek', 'Jan Egger']",2023-08-30T16:52:20Z,http://arxiv.org/abs/2308.16139v5,"['cs.CV', 'cs.DB', 'cs.LG', '68T01']",
"Exploring an Application of Virtual Reality for Early Detection of
  Dementia","Facing the severe global dementia problem, an exploration was conducted adopting the technology of virtual reality (VR). This report lays a technical foundation for further research project ""Early Detection of Dementia Using Testing Tools in VR Environment"", which illustrates the process of developing a VR application using Unity 3D software on Oculus Go. This preliminary exploration is composed of three steps, including 3D virtual scene construction, VR interaction design and monitoring. The exploration was recorded to provide basic technical guidance and detailed method for subsequent research.","['Yiming Zhong', 'Yuan Tian', 'Mira Park', 'Soonja Yeom']",2020-01-15T03:27:36Z,http://arxiv.org/abs/2001.07546v1,['cs.HC'],"virtual reality,early detection,dementia,Unity 3D,Oculus Go"
"VR-GS: A Physical Dynamics-Aware Interactive Gaussian Splatting System
  in Virtual Reality","As consumer Virtual Reality (VR) and Mixed Reality (MR) technologies gain momentum, there's a growing focus on the development of engagements with 3D virtual content. Unfortunately, traditional techniques for content creation, editing, and interaction within these virtual spaces are fraught with difficulties. They tend to be not only engineering-intensive but also require extensive expertise, which adds to the frustration and inefficiency in virtual object manipulation. Our proposed VR-GS system represents a leap forward in human-centered 3D content interaction, offering a seamless and intuitive user experience. By developing a physical dynamics-aware interactive Gaussian Splatting in a Virtual Reality setting, and constructing a highly efficient two-level embedding strategy alongside deformable body simulations, VR-GS ensures real-time execution with highly realistic dynamic responses. The components of our Virtual Reality system are designed for high efficiency and effectiveness, starting from detailed scene reconstruction and object segmentation, advancing through multi-view image in-painting, and extending to interactive physics-based editing. The system also incorporates real-time deformation embedding and dynamic shadow casting, ensuring a comprehensive and engaging virtual experience.Our project page is available at: https://yingjiang96.github.io/VR-GS/.","['Ying Jiang', 'Chang Yu', 'Tianyi Xie', 'Xuan Li', 'Yutao Feng', 'Huamin Wang', 'Minchen Li', 'Henry Lau', 'Feng Gao', 'Yin Yang', 'Chenfanfu Jiang']",2024-01-30T01:28:36Z,http://arxiv.org/abs/2401.16663v2,"['cs.HC', 'cs.CV']","Virtual Reality,Mixed Reality,3D virtual content,interactive,Gaussian Splatting,physical dynamics-aware,deformable body simulations,real-time execution,dynamic responses,object segmentation."
Ubiq: A System to Build Flexible Social Virtual Reality Experiences,"While they have long been a subject of academic study, social virtual reality (SVR) systems are now attracting increasingly large audiences on current consumer virtual reality systems. The design space of SVR systems is very large, and relatively little is known about how these systems should be constructed in order to be usable and efficient. In this paper we present Ubiq, a toolkit that focuses on facilitating the construction of SVR systems. We argue for the design strategy of Ubiq and its scope. Ubiq is built on the Unity platform. It provides core functionality of many SVR systems such as connection management, voice, avatars, etc. However, its design remains easy to extend. We demonstrate examples built on Ubiq and how it has been successfully used in classroom teaching. Ubiq is open source (Apache License) and thus enables several use cases that commercial systems cannot.","['Sebastian Friston', 'Ben Congdon', 'David Swapp', 'Lisa Izzouzi', 'Klara Brandstätter', 'Daniel Archer', 'Otto Olkkonen', 'Felix Thiel', 'Anthony Steed']",2021-12-16T12:49:06Z,http://arxiv.org/abs/2112.08842v1,['cs.HC'],"social virtual reality,Ubiq,toolkit,SVR systems,Unity platform,connection management,voice,avatars,design strategy,classroom teaching"
"Cost/benefit analysis model for implementing virtual reality in
  construction companies","Immersive technologies (ImT), like Virtual Reality (VR), have several potential applications in the construction industry. However, the absence of a cost-benefit analysis discourages construction decision-makers from implementing these technologies. In this study, we proposed a primary model for conducting a cost-benefit analysis for implementing virtual reality in construction companies. The cost and benefit factors were identified through a literature review and considered input variables for the model, and then using synthetic data, a Monte Carlo simulation was performed to generate a distribution of outcome. Given the uncertainty in input parameters, this distribution reflected the potential range of total net benefit. Considering synthetic data and input factors obtained only through literature and assumptions, VR implementation could be a promising decision based on the results. This study's results would benefit decision-makers in construction companies about the costs and benefits of implementing VR and other researchers interested in this field.","['Payam Mohammadi', 'Claudia Garrido Martins']",2023-10-08T00:48:16Z,http://arxiv.org/abs/2311.10726v1,['cs.CY'],"Immersive technologies,Virtual Reality,cost-benefit analysis,construction industry,decision-makers,Monte Carlo simulation,net benefit,input variables,synthetic data."
"Rapid 3D Reconstruction of Indoor Environments to Generate Virtual
  Reality Serious Games Scenarios","Virtual Reality (VR) for Serious Games (SGs) is attracting increasing attention for training applications due to its potential to provide significantly enhanced learning to users. Some examples of the application of VR for SGs are complex training evacuation problems such as indoor earthquake evacuation or fire evacuation. The indoor 3D geometry of existing buildings can largely influence evacuees' behaviour, being instrumental in the design of VR SGs storylines and simulation scenarios. The VR scenarios of existing buildings can be generated from drawings and models. However, these data may not reflect the 'as-is' state of the indoor environment and may not be suitable to reflect dynamic changes of the system (e.g. Earthquakes), resulting in excessive development efforts to design credible and meaningful user experience. This paper explores several workflows for the rapid and effective reconstruction of 3D indoor environments of existing buildings that are suitable for earthquake simulations. These workflows start from Building Information Modelling (BIM), laser scanning and 360-degree panoramas. We evaluated the feasibility and efficiency of different approaches by using an earthquake-based case study developed for VR SGs.","['Zhenan Feng', 'Vicente A. González', 'Ling Ma', 'Mustafa M. A. Al-Adhami', 'Claudio Mourgues']",2018-12-04T21:58:49Z,http://arxiv.org/abs/1812.01706v1,['cs.HC'],"Virtual reality,Serious Games,3D reconstruction,Indoor environments,Building Information Modelling,Laser scanning,Earthquake simulations,Simulation scenarios,Evacuation problems"
"Bionic Tracking: Using Eye Tracking to Track Biological Cells in Virtual
  Reality","We present Bionic Tracking, a novel method for solving biological cell tracking problems with eye tracking in virtual reality using commodity hardware. Using gaze data, and especially smooth pursuit eye movements, we are able to track cells in time series of 3D volumetric datasets. The problem of tracking cells is ubiquitous in developmental biology, where large volumetric microscopy datasets are acquired on a daily basis, often comprising hundreds or thousands of time points that span hours or days. The image data, however, is only a means to an end, and scientists are often interested in the reconstruction of cell trajectories and cell lineage trees. Reliably tracking cells in crowded three-dimensional space over many timepoints remains an open problem, and many current approaches rely on tedious manual annotation and curation. In our Bionic Tracking approach, we substitute the usual 2D point-and-click annotation to track cells with eye tracking in a virtual reality headset, where users simply have to follow a cell with their eyes in 3D space in order to track it. We detail the interaction design of our approach and explain the graph-based algorithm used to connect different time points, also taking occlusion and user distraction into account. We demonstrate our cell tracking method using the example of two different biological datasets. Finally, we report on a user study with seven cell tracking experts, demonstrating the benefits of our approach over manual point-and-click tracking.","['Ulrik Günther', 'Kyle I. S. Harrington', 'Raimund Dachselt', 'Ivo F. Sbalzarini']",2020-05-01T14:08:40Z,http://arxiv.org/abs/2005.00387v2,"['cs.HC', 'cs.GR']","Bionic Tracking,Eye Tracking,Biological Cells,Virtual Reality,Smooth Pursuit Eye Movements,3D Volumetric Datasets,Developmental Biology,Cell Trajectories,Cell Lineage Trees,Graph-Based Algorithm"
"BIM LOD + Virtual Reality -- Using Game Engine for Visualization in
  Architectural & Construction Education","Architectural Education faces limitations due to its tactile approach to learning in classrooms with only 2-D and 3-D tools. At a higher level, virtual reality provides a potential for delivering more information to individuals undergoing design learning. This paper investigates a hypothesis establishing grounds towards a new research in Building Information Modeling (BIM) and Virtual Reality (VR). The hypothesis is projected to determine best practices for content creation and tactile object virtual interaction, which potentially can improve learning in architectural & construction education with a less costly approach and ease of access to well-known buildings. We explored this hypothesis in a step-by-step game design demonstration in VR, by showcasing the exploration of the Farnsworth House and reproducing assemblage of the same with different game levels of difficulty which correspond with varying BIM levels of development (LODs). The game design prototype equally provides an entry way and learning style for users with or without a formal architectural or construction education seeking to understand design tectonics within diverse or cross-disciplinary study cases. This paper shows that developing geometric abstract concepts of design pedagogy, using varying LODs for game content and levels, while utilizing newly developed features such as snap-to-grid, snap-to-position and snap-to-angle to improve user engagement during assemblage may provide deeper learning objectives for architectural precedent study.","['Hassan Anifowose', 'Wei Yan', 'Manish Dixit']",2022-01-24T21:12:40Z,http://arxiv.org/abs/2201.09954v1,"['cs.HC', 'cs.GT']","Building Information Modeling,Virtual Reality,Game Engine,Visualization,Architectural Education,Construction Education,BIM Levels of Development,LODs,Design Learning,Design Pedagogy"
Are temperature reconstructions regionally biased?,"Are temperature reconstructions possibly biased due to regionally differing density of utilized proxy-networks? This question is assessed utilizing a simple process-based forward model of tree growth in the virtual reality of two simulations of the climate of the last millennium with different amplitude of solar forcing variations. The pseudo-tree ring series cluster in high latitudes of the northern hemisphere and east Asia. Only weak biases are found for the full network. However, for a strong solar forcing amplitude the high latitudes indicate a warmer first half of the last millennium while mid-latitudes and Asia were slightly colder than the extratropical hemispheric average. Reconstruction skill is weak or non-existent for two simple reconstruction schemes, and comparison of virtual reality target and reconstructions reveals strong deficiencies. The temporal resolution of the proxies has an influence on the reconstruction task and results are sensitive to the construction of the proxy-network. Existing regional temperature biases can be attenuated or accentuated by the skill of the reconstruction approach.",['O. Bothe'],2012-04-26T09:51:06Z,http://arxiv.org/abs/1204.5871v1,['physics.ao-ph'],"temperature reconstructions,proxy-networks,forward model,tree growth,solar forcing variations,virtual reality,pseudo-tree ring series,extratropical hemispheric average,reconstruction skill,temporal resolution"
"Virtual reality based approach to protein heavy-atom structure
  reconstruction","A commonly recurring problem in structural protein studies, is the determination of all heavy atom positions from the knowledge of the central alpha-carbon coordinates. We employ advances in virtual reality to address the problem. The outcome is a 3D visualisation based technique where all the heavy backbone and side chain atoms are treated on equal footing, in terms of the C-alpha coordinates. Each heavy atom can be visualised on the surfaces of the different two-spheres, that are centered at the other heavy backbone and side chain atoms. In particular, the rotamers are visible as clusters which display strong dependence on the underlying backbone secondary structure. Our method easily detects those atoms in a crystallographic protein structure which have been been likely misplaced. Our approach forms a basis for the development of a new generation, visualisation based side chain construction, validation and refinement tools. The heavy atom positions are identified in a manner which accounts for the secondary structure environment, leading to improved accuracy over existing methods.","['Xubiao Peng', 'Alireza Chenani', 'Shuangwei Hu', 'Yifan Zhou', 'Antti J. Niemi']",2014-12-26T19:31:52Z,http://arxiv.org/abs/1412.7975v1,"['q-bio.BM', 'cond-mat.soft', 'physics.bio-ph']","virtual reality,protein structure,heavy atoms,alpha-carbon coordinates,3D visualization,side chain atoms,rotamers,crystallographic structure,secondary structure,refinement"
"Dense 3D Facial Reconstruction from a Single Depth Image in
  Unconstrained Environment","With the increasing demands of applications in virtual reality such as 3D films, virtual Human-Machine Interactions and virtual agents, the analysis of 3D human face analysis is considered to be more and more important as a fundamental step for those virtual reality tasks. Due to information provided by an additional dimension, 3D facial reconstruction enables aforementioned tasks to be achieved with higher accuracy than those based on 2D facial analysis. The denser the 3D facial model is, the more information it could provide. However, most existing dense 3D facial reconstruction methods require complicated processing and high system cost. To this end, this paper presents a novel method that simplifies the process of dense 3D facial reconstruction by employing only one frame of depth data obtained with an off-the-shelf RGB-D sensor. The experiments showed competitive results with real world data.","['Shu Zhang', 'Hui Yu', 'Ting Wang', 'Junyu Dong', 'Honghai Liu']",2017-04-24T10:58:47Z,http://arxiv.org/abs/1704.07142v1,['cs.CV'],"3D facial reconstruction,single depth image,unconstrained environment,virtual reality,human face analysis,dense model,RGB-D sensor,system cost,competitive results"
Inspection of histological 3D reconstructions in virtual reality,"3D reconstruction is a challenging current topic in medical research. We perform 3D reconstructions from serial sections stained by immunohistological methods. This paper presents an immersive visualisation solution to quality control (QC), inspect, and analyse such reconstructions. QC is essential to establish correct digital processing methodologies. Visual analytics, such as annotation placement, mesh painting, and classification utility, facilitates medical research insights. We propose a visualisation in virtual reality (VR) for these purposes. In this manner, we advance the microanatomical research of human bone marrow and spleen. Both 3D reconstructions and original data are available in VR. Data inspection is streamlined by subtle implementation details and general immersion in VR.","['Oleg Lobachev', 'Moritz Berthold', 'Henriette Pfeffer', 'Michael Guthe', 'Birte S. Steiniger']",2020-09-02T08:21:59Z,http://arxiv.org/abs/2009.00887v2,"['cs.GR', '68U05, 68U35, 92C55, 94A08', 'I.3.7']","3D reconstruction,virtual reality,histological,immunohistological methods,quality control,visual analytics,annotation placement,mesh painting,classification utility,microanatomical"
"A System for Acquiring, Processing, and Rendering Panoramic Light Field
  Stills for Virtual Reality","We present a system for acquiring, processing, and rendering panoramic light field still photography for display in Virtual Reality (VR). We acquire spherical light field datasets with two novel light field camera rigs designed for portable and efficient light field acquisition. We introduce a novel real-time light field reconstruction algorithm that uses a per-view geometry and a disk-based blending field. We also demonstrate how to use a light field prefiltering operation to project from a high-quality offline reconstruction model into our real-time model while suppressing artifacts. We introduce a practical approach for compressing light fields by modifying the VP9 video codec to provide high quality compression with real-time, random access decompression.   We combine these components into a complete light field system offering convenient acquisition, compact file size, and high-quality rendering while generating stereo views at 90Hz on commodity VR hardware. Using our system, we built a freely available light field experience application called Welcome to Light Fields featuring a library of panoramic light field stills for consumer VR which has been downloaded over 15,000 times.","['Ryan S. Overbeck', 'Daniel Erickson', 'Daniel Evangelakos', 'Matt Pharr', 'Paul Debevec']",2018-10-20T22:26:27Z,http://arxiv.org/abs/1810.08860v1,['cs.GR'],"Acquiring,Processing,Rendering,Panoramic Light Field,Virtual Reality,Light Field Camera,Real-time Reconstruction Algorithm,Prefiltering,Compression,VP9 Video Codec"
Virtual replicas of real places: Experimental investigations,"The emergence of social virtual reality (VR) experiences, such as Facebook Spaces, Oculus Rooms, and Oculus Venues, will generate increased interest from users who want to share real places (both personal and public) with their fellow users in VR. At the same time, advances in scanning and reconstruction technology are making the realistic capture of real places more and more feasible. These complementary pressures mean that the representation of real places in virtual reality will be an increasingly common use case for VR. Despite this, there has been very little research into how users perceive such replicated spaces. This paper reports the results from a series of three user studies investigating this topic. Taken together, these results show that getting the scale of the space correct is the most important factor for generating a ""feeling of reality"", that it is important to avoid incoherent behaviors (such as floating objects), and that lighting makes little difference to perceptual similarity.","['Richard Skarbez', 'Doug A. Bowman', 'J. Todd Ogle', 'Thomas Tucker', 'Joseph L. Gabbard']",2018-12-09T08:04:00Z,http://arxiv.org/abs/1812.03441v1,"['cs.HC', 'I.3.7']","virtual reality,virtual replicas,real places,scanning technology,reconstruction technology,user perception,scale,incoherent behaviors,lighting"
"Utilization of Virtual Reality Visualizations on Heavy Mobile Crane
  Planning for Modular Construction","Many kinds of industrial projects involve the use of prefabricated modules built offsite, and installation on-site using mobile cranes. Due to their costly operation and safety concerns, utilization of such heavy lift mobile cranes requires a precise heavy lift planning. Traditional heavy lift path planning methods on congested industrial job sites are ineffective, time-consuming and non-precise in many cases, whereas computer-based simulation models and visualization can be a substantial improving tool. This paper provides a Virtual Reality (VR) environment in which the user can experience lifting process in an immerse virtual environment. Providing such a VR model not only facilitates planning for critical lifts (e.g. modules, heavy vessels), but also it provides a training environment to enhance safe climate prior to the actual lift. The developed VR model is implemented successfully on an actual construction site of a petrochemical plant on a modular basis in which heavy lift mobile cranes are employed.","['Navid Kayhani', 'Hosein Taghaddos', 'Mojtaba Noghabaee', 'Ulrich', 'Hermann']",2019-01-12T21:22:57Z,http://arxiv.org/abs/1901.06248v1,['cs.CY'],"Virtual Reality,Visualizations,Heavy Mobile Crane,Planning,Modular Construction,Industrial Projects,Prefabricated Modules,Simulation Models,Training Environment,Petrochemical Plant"
Generating Animatable 3D Cartoon Faces from Single Portraits,"With the booming of virtual reality (VR) technology, there is a growing need for customized 3D avatars. However, traditional methods for 3D avatar modeling are either time-consuming or fail to retain similarity to the person being modeled. We present a novel framework to generate animatable 3D cartoon faces from a single portrait image. We first transfer an input real-world portrait to a stylized cartoon image with a StyleGAN. Then we propose a two-stage reconstruction method to recover the 3D cartoon face with detailed texture, which first makes a coarse estimation based on template models, and then refines the model by non-rigid deformation under landmark supervision. Finally, we propose a semantic preserving face rigging method based on manually created templates and deformation transfer. Compared with prior arts, qualitative and quantitative results show that our method achieves better accuracy, aesthetics, and similarity criteria. Furthermore, we demonstrate the capability of real-time facial animation of our 3D model.","['Chuanyu Pan', 'Guowei Yang', 'Taijiang Mu', 'Yu-Kun Lai']",2023-07-04T04:12:50Z,http://arxiv.org/abs/2307.01468v1,['cs.CV'],"virtual reality,3D avatars,StyleGAN,3D cartoon faces,landmark supervision,non-rigid deformation,face rigging,deformation transfer,facial animation"
"BioNet-XR: Biological Network Visualization Framework for Virtual
  Reality and Mixed Reality Environments","Protein-protein interaction networks (PPIN) enable the study of cellular processes in organisms. Visualizing PPINs in extended reality (XR), including virtual reality (VR) and mixed reality (MR), is crucial for exploring subnetworks, evaluating protein positions, and collaboratively analyzing and discussing on networks with the help of recent technological advancements. Here, we present BioNet-XR, a 3D visualization framework, to visualize PPINs in VR and MR environments. BioNet-XR was developed with the Unity3D game engine. Our framework provides state-of-the-art methods and visualization features including teleportation between nodes, general and first-person view to explore the network, subnetwork construction via PageRank, Steiner tree, and all-pair shortest path algorithms for a given set of initial nodes. We used usability tests to gather feedback from both specialists (bioinformaticians) and generalists (multidisciplinary groups), addressing the need for usability evaluations of visualization tools. In the MR version of BioNet-XR, users can seamlessly transition to real-world environments and interact with protein interaction networks. BioNet-XR is highly modular and adaptable for visualization of other biological networks, such as metabolic and regulatory networks, and extension with additional network methods.","['Busra Senderin', 'Nurcan Tuncbag', 'Elif Surer']",2024-02-06T12:20:10Z,http://arxiv.org/abs/2402.03946v1,['cs.MM'],"Biological Network Visualization,Protein-protein interaction networks,Extended Reality,Virtual Reality,Mixed Reality,Unity3D game engine,Usability tests,PageRank algorithm,Steiner tree algorithm"
"Integrating Large Language Models with Multimodal Virtual Reality
  Interfaces to Support Collaborative Human-Robot Construction Work","In the construction industry, where work environments are complex, unstructured and often dangerous, the implementation of Human-Robot Collaboration (HRC) is emerging as a promising advancement. This underlines the critical need for intuitive communication interfaces that enable construction workers to collaborate seamlessly with robotic assistants. This study introduces a conversational Virtual Reality (VR) interface integrating multimodal interaction to enhance intuitive communication between construction workers and robots. By integrating voice and controller inputs with the Robot Operating System (ROS), Building Information Modeling (BIM), and a game engine featuring a chat interface powered by a Large Language Model (LLM), the proposed system enables intuitive and precise interaction within a VR setting. Evaluated by twelve construction workers through a drywall installation case study, the proposed system demonstrated its low workload and high usability with succinct command inputs. The proposed multimodal interaction system suggests that such technological integration can substantially advance the integration of robotic assistants in the construction industry.","['Somin Park', 'Carol C. Menassa', 'Vineet R. Kamat']",2024-04-04T14:56:41Z,http://arxiv.org/abs/2404.03498v1,"['cs.RO', 'cs.HC']","Large Language Models,Multimodal Virtual Reality,Human-Robot Collaboration,Construction Work,Virtual Reality Interface,Robot Operating System,Building Information Modeling,Game Engine,Chat Interface,Technological Integration"
ASIAVR: Asian Studies Virtual Reality Game a Learning Tool,"The study aims to develop an application that will serve as an alternative learning tool for learning Asian Studies. The delivery of lessons into a virtual reality game depends on the pace of students. The developed application comprises several more features that enable users to get valuable information from an immersive environment. The researchers used Rapid Application Development (RAD) in developing the application. It follows phases such as requirement planning, user design, construction, and cutover. Two sets of questionnaires were developed, one for the teachers and another for the students. Then, testing and evaluation were conducted through purposive sampling to select the respondents. The application was overall rated as 3.56 which is verbally interpreted as very good. The result was based on the system evaluation using ISO 9126 in terms of functionality, usability, content, reliability, and performance. The developed application meets the objectives to provide an alternative learning tool for learning Asian Studies. The application is well commended and accepted by the end-users to provide an interactive and immersive environment for students to learn at their own pace. Further enhancement of the audio, gameplay, and graphics of the tool. Schools should take into consideration the adoption of the Asian Studies Virtual Reality is a good alternative tool for their teachers and students to teach and learn Asian Studies. The use of more 3D objects relevant to the given information to enhance the game experience may be considered. A databank for the quiz questions that will be loaded into the game should also be considered.","['Kenn Migan Vincent C. Gumonan', 'Aleta C. Fabregas']",2020-11-23T04:24:03Z,http://arxiv.org/abs/2012.01162v1,"['cs.CY', 'cs.HC', 'I.3.7']","Asian Studies,Virtual Reality,Learning Tool,Rapid Application Development,ISO 9126,Immersive Environment,3D Objects,Quiz Questions,Game Experience"
"Population-based Respiratory 4D Motion Atlas Construction and its
  Application for VR Simulations of Liver Punctures","Virtual reality (VR) training simulators of liver needle insertion in the hepatic area of breathing virtual patients currently need 4D data acquisitions as a prerequisite. Here, first a population-based breathing virtual patient 4D atlas can be built and second the requirement of a dose-relevant or expensive acquisition of a 4D data set for a new static 3D patient can be mitigated by warping the mean atlas motion. The breakthrough contribution of this work is the construction and reuse of population-based learned 4D motion models.","['Andre Mastmeyer', 'Matthias Wilms', 'Heinz Handels']",2017-12-05T19:59:20Z,http://arxiv.org/abs/1712.01893v2,['cs.CV'],"population-based,respiratory,4D motion atlas,VR simulations,liver punctures,virtual reality,training simulators,data acquisitions,4D atlas,motion models."
"MolecuSense: Using Force-Feedback Gloves for Creating and Interacting
  with Ball-and-Stick Molecules in VR","We contribute MolecuSense, a virtual version of a physical molecule construction kit, based on visualization in Virtual Reality (VR) and interaction with force-feedback gloves. Targeting at chemistry education, our goal is to make virtual molecule structures more tangible. Results of an initial user study indicate that the VR molecular construction kit was positively received. Compared to a physical construction kit, the VR molecular construction kit is on the same level in terms of natural interaction. Besides, it fosters the typical digital advantages though, such as saving, exporting, and sharing of molecules. Feedback from the study participants has also revealed potential future avenues for tangible molecule visualizations.","['Patrick Gebhardt', 'Xingyao Yu', 'Andreas Köhn', 'Michael Sedlmair']",2022-03-17T19:35:42Z,http://arxiv.org/abs/2203.09577v1,['cs.HC'],"Force-feedback gloves,Ball-and-stick molecules,Virtual Reality (VR),MolecuSense,Chemistry education,Molecule structures,User study,Natural interaction,Digital advantages,Molecule visualizations"
"Efficient coding of 360° videos exploiting inactive regions in
  projection formats","This paper presents an efficient method for encoding common projection formats in 360$^\circ$ video coding, in which we exploit inactive regions. These regions are ignored in the reconstruction of the equirectangular format or the viewport in virtual reality applications. As the content of these pixels is irrelevant, we neglect the corresponding pixel values in ratedistortion optimization, residual transformation, as well as inloop filtering and achieve bitrate savings of up to 10%.","['Christian Herglotz', 'Mohammadreza Jamali', 'Stéphane Coulombe', 'Carlos Vazquez', 'Ahmad Vakili']",2023-07-17T09:33:46Z,http://arxiv.org/abs/2307.08344v1,['eess.IV'],"360° videos,encoding,projection formats,inactive regions,equirectangular format,viewport,virtual reality,ratedistortion optimization,residual transformation,bitrate savings"
Virtual Heritage at iGrid 2000,"As part of the iGrid Research Demonstration at INET 2000, we created two Virtual Cultural Heritage environments - ""Virtual Harlem"" and ""Shared Miletus"". The purpose of these applications was to explore possibilities in using the combination of high-speed international networks and virtual reality (VR) displays for cultural heritage education. Our ultimate goal is to enable the construction of tele-immersive museums and classes. In this paper we present an overview of the infrastructure used for these applications, and some details of their construction.","['Dave Pape', 'Josephine Anstey', 'Bryan Carter', 'Jason Leigh', 'Maria Roussou', 'Tim Portlock']",2023-11-17T03:25:53Z,http://arxiv.org/abs/2311.10303v1,['cs.HC'],"Virtual Heritage,iGrid 2000,Virtual Cultural Heritage,Virtual Reality,high-speed international networks,tele-immersive museums,tele-immersive classes"
SurfaceBrush: From Virtual Reality Drawings to Manifold Surfaces,"Popular Virtual Reality (VR) tools allow users to draw varying-width, ribbon-like 3D brush strokes by moving a hand-held controller in 3D space. Artists frequently use dense collections of such strokes to draw virtual 3D shapes. We propose SurfaceBrush, a surfacing method that converts such VR drawings into user-intended manifold free-form 3D surfaces, providing a novel approach for modeling 3D shapes. The inputs to our method consist of dense collections of artist-drawn stroke ribbons described by the positions and normals of their central polylines, and ribbon widths. These inputs are highly distinct from those handled by existing surfacing frameworks and exhibit different sparsity and error patterns, necessitating a novel surfacing approach. We surface the input stroke drawings by identifying and leveraging local coherence between nearby artist strokes. In particular, we observe that strokes intended to be adjacent on the artist imagined surface often have similar tangent directions along their respective polylines. We leverage this local stroke direction consistency by casting the computation of the user-intended manifold surface as a constrained matching problem on stroke polyline vertices and edges. We first detect and smoothly connect adjacent similarly-directed sequences of stroke edges producing one or more manifold partial surfaces. We then complete the surfacing process by identifying and connecting adjacent similarly directed edges along the borders of these partial surfaces. We confirm the usability of the SurfaceBrush interface and the validity of our drawing analysis via an observational study. We validate our stroke surfacing algorithm by demonstrating an array of manifold surfaces computed by our framework starting from a range of inputs of varying complexity, and by comparing our outputs to reconstructions computed using alternative means.","['Enrique Rosales', 'Jafet Rodriguez', 'Alla Sheffer']",2019-04-28T10:23:06Z,http://arxiv.org/abs/1904.12297v1,['cs.GR'],"Virtual Reality,3D brush strokes,Manifold surfaces,Surfacing method,3D shapes,Central polylines,Local coherence,Matching problem,Partial surfaces,Drawing analysis"
"Improving the Usability of Virtual Reality Neuron Tracing with
  Topological Elements","Researchers in the field of connectomics are working to reconstruct a map of neural connections in the brain in order to understand at a fundamental level how the brain processes information. Constructing this wiring diagram is done by tracing neurons through high-resolution image stacks acquired with fluorescence microscopy imaging techniques. While a large number of automatic tracing algorithms have been proposed, these frequently rely on local features in the data and fail on noisy data or ambiguous cases, requiring time-consuming manual correction. As a result, manual and semi-automatic tracing methods remain the state-of-the-art for creating accurate neuron reconstructions. We propose a new semi-automatic method that uses topological features to guide users in tracing neurons and integrate this method within a virtual reality (VR) framework previously used for manual tracing. Our approach augments both visualization and interaction with topological elements, allowing rapid understanding and tracing of complex morphologies. In our pilot study, neuroscientists demonstrated a strong preference for using our tool over prior approaches, reported less fatigue during tracing, and commended the ability to better understand possible paths and alternatives. Quantitative evaluation of the traces reveals that users' tracing speed increased, while retaining similar accuracy compared to a fully manual approach.","['Torin McDonald', 'Will Usher', 'Nate Morrical', 'Attila Gyulassy', 'Steve Petruzza', 'Frederick Federer', 'Alessandra Angelucci', 'Valerio Pascucci']",2020-09-03T19:20:50Z,http://arxiv.org/abs/2009.01891v1,['cs.GR'],"connectomics,neural connections,neuron tracing,virtual reality,topological elements,fluorescence microscopy imaging,automatic tracing algorithms,semi-automatic tracing methods,neuron reconstructions,pilot study"
EgoCap: Egocentric Marker-less Motion Capture with Two Fisheye Cameras,"Marker-based and marker-less optical skeletal motion-capture methods use an outside-in arrangement of cameras placed around a scene, with viewpoints converging on the center. They often create discomfort by possibly needed marker suits, and their recording volume is severely restricted and often constrained to indoor scenes with controlled backgrounds. Alternative suit-based systems use several inertial measurement units or an exoskeleton to capture motion. This makes capturing independent of a confined volume, but requires substantial, often constraining, and hard to set up body instrumentation. We therefore propose a new method for real-time, marker-less and egocentric motion capture which estimates the full-body skeleton pose from a lightweight stereo pair of fisheye cameras that are attached to a helmet or virtual reality headset. It combines the strength of a new generative pose estimation framework for fisheye views with a ConvNet-based body-part detector trained on a large new dataset. Our inside-in method captures full-body motion in general indoor and outdoor scenes, and also crowded scenes with many people in close vicinity. The captured user can freely move around, which enables reconstruction of larger-scale activities and is particularly useful in virtual reality to freely roam and interact, while seeing the fully motion-captured virtual body.","['Helge Rhodin', 'Christian Richardt', 'Dan Casas', 'Eldar Insafutdinov', 'Mohammad Shafiei', 'Hans-Peter Seidel', 'Bernt Schiele', 'Christian Theobalt']",2016-09-23T10:46:19Z,http://arxiv.org/abs/1609.07306v1,['cs.CV'],"egocentric,marker-less,motion capture,fisheye cameras,pose estimation,ConvNet,indoor scenes,outdoor scenes,virtual reality,skeletal"
"Automatic Recommendation of Strategies for Minimizing Discomfort in
  Virtual Environments","Virtual reality (VR) is an imminent trend in games, education, entertainment, military, and health applications, as the use of head-mounted displays is becoming accessible to the mass market. Virtual reality provides immersive experiences but still does not offer an entirely perfect situation, mainly due to Cybersickness (CS) issues. In this work, we first present a detailed review about possible causes of CS. Following, we propose a novel CS prediction solution. Our system is able to suggest if the user may be entering in the next moments of the application into an illness situation. We use Random Forest classifiers, based on a dataset we have produced. The CSPQ (Cybersickness Profile Questionnaire) is also proposed, which is used to identify the player's susceptibility to CS and the dataset construction. In addition, we designed two immersive environments for empirical studies where participants are asked to complete the questionnaire and describe (orally) the degree of discomfort during their gaming experience. Our data was achieved through 84 individuals on different days, using VR devices. Our proposal also allows us to identify which are the most frequent attributes (causes) in the observed discomfort situations.","['Thiago Porcino', 'Esteban Clua', 'Daniela Trevisan', 'Érick Rodrigues', 'Alexandre Silva']",2020-06-27T19:28:48Z,http://arxiv.org/abs/2006.15432v1,"['cs.HC', 'cs.GR', 'cs.LG']","Virtual reality,Head-mounted displays,Cybersickness,Random Forest classifiers,Dataset,Cybersickness Profile Questionnaire,Immersive environments,Empirical studies,Discomfort,Attributes"
"Unmasking Communication Partners: A Low-Cost AI Solution for Digitally
  Removing Head-Mounted Displays in VR-Based Telepresence","Face-to-face conversation in Virtual Reality (VR) is a challenge when participants wear head-mounted displays (HMD). A significant portion of a participant's face is hidden and facial expressions are difficult to perceive. Past research has shown that high-fidelity face reconstruction with personal avatars in VR is possible under laboratory conditions with high-cost hardware. In this paper, we propose one of the first low-cost systems for this task which uses only open source, free software and affordable hardware. Our approach is to track the user's face underneath the HMD utilizing a Convolutional Neural Network (CNN) and generate corresponding expressions with Generative Adversarial Networks (GAN) for producing RGBD images of the person's face. We use commodity hardware with low-cost extensions such as 3D-printed mounts and miniature cameras. Our approach learns end-to-end without manual intervention, runs in real time, and can be trained and executed on an ordinary gaming computer. We report evaluation results showing that our low-cost system does not achieve the same fidelity of research prototypes using high-end hardware and closed source software, but it is capable of creating individual facial avatars with person-specific characteristics in movements and expressions.","['Philipp Ladwig', 'Alexander Pech', 'Ralf Dörner', 'Christian Geiger']",2020-11-06T23:17:12Z,http://arxiv.org/abs/2011.03630v1,"['cs.GR', 'cs.CV']","Virtual Reality,Head-Mounted Display,Face Reconstruction,Convolutional Neural Network,Generative Adversarial Networks,RGBD images,3D-printed mounts,Miniature cameras,End-to-end learning,Gaming computer"
"Digital Reconstruction of Elmina Castle for Mobile Virtual Reality via
  Point-based Detail Transfer","Reconstructing 3D models from large, dense point clouds is critical to enable Virtual Reality (VR) as a platform for entertainment, education, and heritage preservation. Existing 3D reconstruction systems inevitably make trade-offs between three conflicting goals: the efficiency of reconstruction (e.g., time and memory requirements), the visual quality of the constructed scene, and the rendering speed on the VR device. This paper proposes a reconstruction system that simultaneously meets all three goals. The key idea is to avoid the resource-demanding process of reconstructing a high-polygon mesh altogether. Instead, we propose to directly transfer details from the original point cloud to a low polygon mesh, which significantly reduces the reconstruction time and cost, preserves the scene details, and enables real-time rendering on mobile VR devices.   While our technique is general, we demonstrate it in reconstructing cultural heritage sites. We for the first time digitally reconstruct the Elmina Castle, a UNESCO world heritage site at Ghana, from billions of laser-scanned points. The reconstruction process executes on low-end desktop systems without requiring high processing power, making it accessible to the broad community. The reconstructed scenes render on Oculus Go in 60 FPS, providing a real-time VR experience with high visual quality. Our project is part of the Digital Elmina effort (http://digitalelmina.org/) between University of Rochester and University of Ghana.","['Sifan Ye', 'Ting Wu', 'Michael Jarvis', 'Yuhao Zhu']",2020-12-19T17:11:43Z,http://arxiv.org/abs/2012.10739v3,['cs.MM'],"3D models,point clouds,Virtual Reality (VR),reconstruction system,high-polygon mesh,low polygon mesh,real-time rendering,mobile VR devices,cultural heritage sites,Elmina Castle"
"Improved Perception of AEC Construction Details via Immersive Teaching
  in Virtual Reality","This work proposes, implements and tests an immersive framework upon Virtual Reality (VR) for comprehension, knowledge development and learning process assisting an improved perception of complex spatial arrangements in AEC in comparison to the traditional 2D projection drawing-based method. The research focuses on the prototypical example of construction details as a traditionally difficult teaching task for conveying geometric and semantic information to students. Our mixed-methods study analyses test results of two test panel groups upon different questions about geometric and functional aspects of the construction detail as well as surveys and interviews of participating lecturers, students and laypersons towards their experience using the VR tool. The quantitative analysis of the test results prove that for participants with little pre-existing knowledge (such as novice students), a significantly better learning score for the test group is detected. Moreover, both groups rated the VR experience as an enjoyable and engaging way of learning. Analysis of survey results towards the VR experience reveals, that students, lecturers and professionals alike enjoyed the VR experience more than traditional learning of the construction detail. During the post-experiment qualitative evaluation in the form of interviews, the panel expressed an improved understanding, increased enthusiasm for the topic, and greater desire for other topics to be presented using VR tools. The expressed better understanding of design concepts after the VR experience by the students is statistically significant on average in the exam results. The results support our core assumption, that the presentation of contextual 3D models is a promising teaching approach to illustrate content.","['Michael Kraus', 'Romana Rust', 'Maximilian Rietschel', 'Daniel Hall']",2022-09-21T19:22:25Z,http://arxiv.org/abs/2209.10617v1,['cs.HC'],"immersive framework,Virtual Reality (VR),AEC,spatial arrangements,construction details,geometric information,semantic information,mixed-methods study,VR tool,qualitative evaluation"
"A New Technique of the Virtual Reality Visualization of Complex Volume
  Images from the Computer Tomography and Magnetic Resonance Imaging","This paper presents a new technique for the virtual reality (VR) visu-alization of complex volume images obtained from computer tomography (CT) and Magnetic Resonance Imaging (MRI) by combining three-dimensional (3D) mesh processing and software coding within the gaming engine. The method operates on real representations of human organs avoiding any structural ap-proximations of the real physiological shape. In order to obtain realistic repre-sentation of the mesh model, geometrical and topological corrections are per-formed on the mesh surface with preserving real shape and geometric structure. Using mathematical intervention on the 3D model and mesh triangulation the second part of our algorithm ensures an automatic construction of new two-dimensional (2D) shapes that represent vector slices along any user chosen di-rection. The final result of our algorithm is developed software application that allows to user complete visual experience and perceptual exploration of real human organs through spatial manipulation of their 3D models. Thus our pro-posed method achieves a threefold effect: i) high definition VR representation of real models of human organs, ii) the real time generated slices of such a model along any directions, and iii) almost unlimited amount of training data for machine learning that is very useful in process of diagnosis. In addition, our developed application also offers significant benefits to educational process by ensuring interactive features and quality perceptual user experience.","['Iva Vasic', 'Roberto Pierdicca', 'Emanuele Frontoni', 'Bata Vasic']",2023-04-28T22:27:33Z,http://arxiv.org/abs/2305.00116v1,['cs.MM'],"Virtual Reality,Visualization,Complex Volume Images,Computer Tomography,Magnetic Resonance Imaging,3D Mesh Processing,Software Coding,Gaming Engine,Mesh Model,Geometrical Corrections"
"The Value of Extended Reality Techniques to Improve Remote Collaborative
  Maintenance Operations: A User Study","In the Architecture, Engineering and Construction (AEC) sector, data extracted from building information modelling (BIM) can be used to create a digital twin (DT). The algorithms of a BIM-based DT can facilitate the retrieval of information, which can then be used to improve building operation and maintenance procedures. However, with the increased complexity and automation of the building, maintenance operations are likely to become more complex and may require expert intervention. Collaboration and interaction between the operator and the expert may be limited as the latter may not be on site or within the company. Recently, extended reality (XR) technologies have proven to be effective in improving collaboration during maintenance operations,through data display and shared interactions. This paper presents a new collaborative solution using these technologies to enhance collaboration during remote maintenance operations. The proposed approach consists of a mixed reality (MR) set-up for the operator, a virtual reality (VR) set-up for the remote expert and a shared Digital Model of a heat exchanger. The MR set-up is used for tracking and displaying specific information, provided by the VR module. A user study was carried out to compare the efficiency of our solution with a standard audio-video collaboration. Our approach demonstrated substantial enhancements in collaborative inspection, resulting in a significative reduction in both the overall completion time of the inspection and the frequency of errors committed by the operators.","['Corentin Coupry', 'Paul Richard', 'David Bigaud', 'Sylvain Noblecourt', 'David Baudry']",2024-02-29T12:28:40Z,http://arxiv.org/abs/2403.05580v1,"['cs.HC', 'cs.GR']","Extended Reality Techniques,Remote Collaborative Maintenance Operations,Building Information Modelling,Digital Twin,Maintenance Procedures,Collaboration,Interaction,Extended Reality Technologies,Mixed Reality,Virtual Reality"
"Ergonomic Optimization in Worker-Robot Bimanual Object Handover:
  Implementing REBA Using Reinforcement Learning in Virtual Reality","Robots can serve as safety catalysts on construction job sites by taking over hazardous and repetitive tasks while alleviating the risks associated with existing manual workflows. Research on the safety of physical human-robot interaction (pHRI) is traditionally focused on addressing the risks associated with potential collisions. However, it is equally important to ensure that the workflows involving a collaborative robot are inherently safe, even though they may not result in an accident. For example, pHRI may require the human counterpart to use non-ergonomic body postures to conform to the robot hardware and physical configurations. Frequent and long-term exposure to such situations may result in chronic health issues. Safety and ergonomics assessment measures can be understood by robots if they are presented in algorithmic fashions so optimization for body postures is attainable. While frameworks such as Rapid Entire Body Assessment (REBA) have been an industry standard for many decades, they lack a rigorous mathematical structure which poses challenges in using them immediately for pHRI safety optimization purposes. Furthermore, learnable approaches have limited robustness outside of their training data, reducing generalizability. In this paper, we propose a novel framework that approaches optimization through Reinforcement Learning, ensuring precise, online ergonomic scores as compared to approximations, while being able to generalize and tune the regiment to any human and any task. To ensure practicality, the training is done in virtual reality utilizing Inverse Kinematics to simulate human movement mechanics. Experimental findings are compared to ergonomically naive object handover heuristics and indicate promising results where the developed framework can find the optimal object handover coordinates in pHRI contexts for manual material handling exemplary situations.","['Mani Amani', 'Reza Akhavian']",2024-03-18T18:03:08Z,http://arxiv.org/abs/2403.12149v1,['cs.RO'],"Ergonomics,Worker-Robot Interaction,REBA,Reinforcement Learning,Virtual Reality,Safety,Human-Robot Interaction,Inverse Kinematics,Optimization,Object Handover"
"Self-Avatar Animation in Virtual Reality: Impact of Motion Signals
  Artifacts on the Full-Body Pose Reconstruction","Virtual Reality (VR) applications have revolutionized user experiences by immersing individuals in interactive 3D environments. These environments find applications in numerous fields, including healthcare, education, or architecture. A significant aspect of VR is the inclusion of self-avatars, representing users within the virtual world, which enhances interaction and embodiment. However, generating lifelike full-body self-avatar animations remains challenging, particularly in consumer-grade VR systems, where lower-body tracking is often absent. One method to tackle this problem is by providing an external source of motion information that includes lower body information such as full Cartesian positions estimated from RGB(D) cameras. Nevertheless, the limitations of these systems are multiples: the desynchronization between the two motion sources and occlusions are examples of significant issues that hinder the implementations of such systems. In this paper, we aim to measure the impact on the reconstruction of the articulated self-avatar's full-body pose of (1) the latency between the VR motion features and estimated positions, (2) the data acquisition rate, (3) occlusions, and (4) the inaccuracy of the position estimation algorithm. In addition, we analyze the motion reconstruction errors using ground truth and 3D Cartesian coordinates estimated from \textit{YOLOv8} pose estimation. These analyzes show that the studied methods are significantly sensitive to any degradation tested, especially regarding the velocity reconstruction error.","['Antoine Maiorca', 'Seyed Abolfazl Ghasemzadeh', 'Thierry Ravet', 'François Cresson', 'Thierry Dutoit', 'Christophe De Vleeschouwer']",2024-04-29T12:02:06Z,http://arxiv.org/abs/2404.18628v1,['cs.CV'],"Virtual Reality,Self-avatar Animation,Motion Signals,Full-body Pose Reconstruction,Lower-body Tracking,Motion Information,Cartesian Positions,Occlusions,Latency,Pose Estimation"
The Starlab Environment for Dense Stellar Systems,"Traditionally, a simulation of a dense stellar system required choosing an initial model, running an integrator, and analyzing the output. Almost all of the effort went into writing a clever integrator that could handle binaries, triples and encounters between various multiple systems efficiently. Recently, the scope and complexity of these simulations has increased dramatically, for three reasons: 1) the sheer size of the data sets, measured in Terabytes, make traditional `awking and grepping' of a single output file impractical; 2) the addition of stellar evolution data brings qualitatively new challenges to the data reduction; 3) increased realism of the simulations invites realistic forms of `SOS': Simulations of Observations of Simulations, to be compared directly with observations. We are now witnessing a shift toward the construction of archives as well as tailored forms of visualization including the use of virtual reality simulators and planetarium domes, and a coupling of both with budding efforts in constructing virtual observatories. This review describes these new trends, presenting Starlab as the first example of a full software environment for realistic large-scale simulations of dense stellar systems.",['Piet Hut'],2002-04-25T16:53:23Z,http://arxiv.org/abs/astro-ph/0204431v1,['astro-ph'],"simulation,dense stellar systems,integrator,binaries,triples,encounters,data sets,stellar evolution,data reduction,virtual reality"
Implementation of perception and action at nanoscale,"Real time combination of nanosensors and nanoactuators with virtual reality environment and multisensorial interfaces enable us to efficiently act and perceive at nanoscale. Advanced manipulation of nanoobjects and new strategies for scientific education are the key motivations. We have no existing intuitive representation of the nanoworld ruled by laws foreign to our experience. A central challenge is then the construction of nanoworld simulacrum that we can start to visit and to explore. In this nanoworld simulacrum, object identifications will be based on probed entity physical and chemical intrinsic properties, on their interactions with sensors and on the final choices made in building a multisensorial interface so that these objects become coherent elements of the human sphere of action and perception. Here we describe a 1D virtual nanomanipulator, part of the Cit\'e des Sciences EXPO NANO in Paris, that is the first realization based on this program.","['Sylvain Marlière', 'Jean Loup Florens', 'Florence Marchi', 'Annie Luciani', 'Joel Chevrier']",2008-01-04T13:38:39Z,http://arxiv.org/abs/0801.0678v1,"['cs.RO', 'cs.HC']","nanosensors,nanoactuators,virtual reality,multisensorial interfaces,nanoobjects,scientific education,nanoworld,simulacrum,physical properties,chemical properties"
"Intelligent Approaches to interact with Machines using Hand Gesture
  Recognition in Natural way: A Survey","Hand gestures recognition (HGR) is one of the main areas of research for the engineers, scientists and bioinformatics. HGR is the natural way of Human Machine interaction and today many researchers in the academia and industry are working on different application to make interactions more easy, natural and convenient without wearing any extra device. HGR can be applied from games control to vision enabled robot control, from virtual reality to smart home systems. In this paper we are discussing work done in the area of hand gesture recognition where focus is on the intelligent approaches including soft computing based methods like artificial neural network, fuzzy logic, genetic algorithms etc. The methods in the preprocessing of image for segmentation and hand image construction also taken into study. Most researchers used fingertips for hand detection in appearance based modeling. Finally the comparison of results given by different researchers is also presented.","['Ankit Chaudhary', 'J. L. Raheja', 'Karen Das', 'Sonia Raheja']",2013-03-10T08:29:48Z,http://arxiv.org/abs/1303.2292v1,"['cs.HC', 'cs.CV']","hand gesture recognition,human machine interaction,soft computing,artificial neural network,fuzzy logic,genetic algorithms,image preprocessing,segmentation,appearance based modeling"
BodyDigitizer: An Open Source Photogrammetry-based 3D Body Scanner,"With the rising popularity of Augmented and Virtual Reality, there is a need for representing humans as virtual avatars in various application domains ranging from remote telepresence, games to medical applications. Besides explicitly modelling 3D avatars, sensing approaches that create person-specific avatars are becoming popular. However, affordable solutions typically suffer from a low visual quality and professional solution are often too expensive to be deployed in nonprofit projects.   We present an open-source project, BodyDigitizer, which aims at providing both build instructions and configuration software for a high-resolution photogrammetry-based 3D body scanner. Our system encompasses up to 96 Rasperry PI cameras, active LED lighting, a sturdy frame construction and open-source configuration software. %We demonstrate the applicability of the body scanner in a nonprofit Mixed Reality health project. The detailed build instruction and software are available at http://www.bodydigitizer.org.","['Travis Gesslein', 'Daniel Scherer', 'Jens Grubert']",2017-10-03T20:10:10Z,http://arxiv.org/abs/1710.01370v2,"['cs.CV', 'cs.HC']","Photogrammetry,3D body scanner,Open source,Augmented Reality,Virtual Reality,Avatar,Rasperry PI cameras,LED lighting,Mixed Reality"
Temporally Coherent General Dynamic Scene Reconstruction,"Existing techniques for dynamic scene reconstruction from multiple wide-baseline cameras primarily focus on reconstruction in controlled environments, with fixed calibrated cameras and strong prior constraints. This paper introduces a general approach to obtain a 4D representation of complex dynamic scenes from multi-view wide-baseline static or moving cameras without prior knowledge of the scene structure, appearance, or illumination. Contributions of the work are: An automatic method for initial coarse reconstruction to initialize joint estimation; Sparse-to-dense temporal correspondence integrated with joint multi-view segmentation and reconstruction to introduce temporal coherence; and a general robust approach for joint segmentation refinement and dense reconstruction of dynamic scenes by introducing shape constraint. Comparison with state-of-the-art approaches on a variety of complex indoor and outdoor scenes, demonstrates improved accuracy in both multi-view segmentation and dense reconstruction. This paper demonstrates unsupervised reconstruction of complete temporally coherent 4D scene models with improved non-rigid object segmentation and shape reconstruction and its application to free-viewpoint rendering and virtual reality.","['Armin Mustafa', 'Marco Volino', 'Hansung Kim', 'Jean-Yves Guillemaut', 'Adrian Hilton']",2019-07-18T12:33:25Z,http://arxiv.org/abs/1907.08195v2,['cs.CV'],"dynamic scene reconstruction,wide-baseline cameras,multi-view,4D representation,temporal coherence,joint estimation,segmentation,dense reconstruction,shape constraint,non-rigid object segmentation"
Graph-Based Classification of Omnidirectional Images,"Omnidirectional cameras are widely used in such areas as robotics and virtual reality as they provide a wide field of view. Their images are often processed with classical methods, which might unfortunately lead to non-optimal solutions as these methods are designed for planar images that have different geometrical properties than omnidirectional ones. In this paper we study image classification task by taking into account the specific geometry of omnidirectional cameras with graph-based representations. In particular, we extend deep learning architectures to data on graphs; we propose a principled way of graph construction such that convolutional filters respond similarly for the same pattern on different positions of the image regardless of lens distortions. Our experiments show that the proposed method outperforms current techniques for the omnidirectional image classification problem.","['Renata Khasanova', 'Pascal Frossard']",2017-07-26T06:39:45Z,http://arxiv.org/abs/1707.08301v1,"['cs.CV', 'cs.LG']","omnidirectional images,graph-based classification,deep learning architectures,image classification,omnidirectional cameras,convolutional filters,graph construction,lens distortions,virtual reality,robotics"
PlaneRCNN: 3D Plane Detection and Reconstruction from a Single Image,"This paper proposes a deep neural architecture, PlaneRCNN, that detects and reconstructs piecewise planar surfaces from a single RGB image. PlaneRCNN employs a variant of Mask R-CNN to detect planes with their plane parameters and segmentation masks. PlaneRCNN then jointly refines all the segmentation masks with a novel loss enforcing the consistency with a nearby view during training. The paper also presents a new benchmark with more fine-grained plane segmentations in the ground-truth, in which, PlaneRCNN outperforms existing state-of-the-art methods with significant margins in the plane detection, segmentation, and reconstruction metrics. PlaneRCNN makes an important step towards robust plane extraction, which would have an immediate impact on a wide range of applications including Robotics, Augmented Reality, and Virtual Reality.","['Chen Liu', 'Kihwan Kim', 'Jinwei Gu', 'Yasutaka Furukawa', 'Jan Kautz']",2018-12-10T20:35:55Z,http://arxiv.org/abs/1812.04072v2,['cs.CV'],"deep neural architecture,PlaneRCNN,3D plane detection,reconstruction,single image,Mask R-CNN,segmentation masks,plane parameters,benchmark,fine-grained plane segmentations"
X-Section: Cross-Section Prediction for Enhanced RGBD Fusion,"Detailed 3D reconstruction is an important challenge with application to robotics, augmented and virtual reality, which has seen impressive progress throughout the past years. Advancements were driven by the availability of depth cameras (RGB-D), as well as increased compute power, e.g.\ in the form of GPUs -- but also thanks to inclusion of machine learning in the process. Here, we propose X-Section, an RGB-D 3D reconstruction approach that leverages deep learning to make object-level predictions about thicknesses that can be readily integrated into a volumetric multi-view fusion process, where we propose an extension to the popular KinectFusion approach. In essence, our method allows to complete shape in general indoor scenes behind what is sensed by the RGB-D camera, which may be crucial e.g.\ for robotic manipulation tasks or efficient scene exploration. Predicting object thicknesses rather than volumes allows us to work with comparably high spatial resolution without exploding memory and training data requirements on the employed Convolutional Neural Networks. In a series of qualitative and quantitative evaluations, we demonstrate how we accurately predict object thickness and reconstruct general 3D scenes containing multiple objects.","['Andrea Nicastro', 'Ronald Clark', 'Stefan Leutenegger']",2019-03-03T20:58:04Z,http://arxiv.org/abs/1903.00987v3,['cs.CV'],"3D reconstruction,RGB-D fusion,cross-section prediction,deep learning,object-level predictions,volumetric multi-view fusion,KinectFusion,indoor scenes,robotic manipulation,Convolutional Neural Networks"
"Hazard recognition in an immersive virtual environment: Framework for
  the simultaneous analysis of visual search and EEG patterns","Unmanaged hazards in dangerous construction environments proved to be one of the main sources of injuries and accidents. Hazard recognition is crucial to achieve effective safety management and reduce injuries and fatalities in hazardous job sites. Still, there has been lack of effort that can efficiently assist workers in improving their hazard recognition skills. This study presents virtual safety training in an Immersive Virtual Environment (IVE) to enhance worker's hazard recognition skills. A worker wearing a Virtual Reality (VR) device, that is equipped with an eye-tracker, virtually recognizes hazards on simulated construction sites while a brainwave-sensing device records brain activities. This platform can analyze the overall performance of the workers in a visual hazard recognition task and identify hazards that need additional intervention for each worker. This study provides novel insights on how a worker's brain and eye act simultaneously during a visual hazard recognition process. The presented method can take current safety training programs into another level by providing personalized feedback to the workers.","['Mojtaba Noghabaei', 'Kevin Han']",2020-03-14T20:12:38Z,http://arxiv.org/abs/2003.09494v1,"['cs.HC', 'cs.CY', 'eess.SP']","Hazard recognition,Immersive Virtual Environment,Visual search,EEG patterns,Virtual Reality,Eye-tracker,Brainwave-sensing device,Safety training,Hazard analysis,Personalized feedback"
"A Survey Study to Understand Industry Vision for Virtual and Augmented
  Reality Applications in Design and Construction","With advances in Building Information Modeling (BIM), Virtual Reality (VR) and Augmented Reality (AR) technologies have many potential applications in the Architecture, Engineering, and Construction (AEC) industry. However, the AEC industry, relative to other industries, has been slow in adopting AR/VR technologies, partly due to lack of feasibility studies examining the actual cost of implementation versus an increase in profit. The main objectives of this paper are to understand the industry trends in adopting AR/VR technologies and identifying gaps between AEC research and industry practices. The identified gaps can lead to opportunities for developing new tools and finding new use cases. To achieve these goals, two rounds of a survey at two different time periods (a year apart) were conducted. Responses from 158 industry experts and researchers were analyzed to assess the current state, growth, and saving opportunities for AR/VR technologies for the AEC industry. The authors used t-test for hypothesis testing. The findings show a significant increase in AR/VR utilization in the AEC industry over the past year from 2017 to 2018. The industry experts also anticipate strong growth in the use of AR/VR technologies over the next 5 to 10 years.","['Mojtaba Noghabaei', 'Arsalan Heydarian', 'Vahid Balali', 'Kevin Han']",2020-05-06T13:16:05Z,http://arxiv.org/abs/2005.02795v1,['cs.CY'],"Building Information Modeling,Virtual Reality,Augmented Reality,Architecture,Engineering,Construction,Feasibility Studies,Industry Trends,Use Cases"
"Multi-Dimension Fusion Network for Light Field Spatial Super-Resolution
  using Dynamic Filters","Light field cameras have been proved to be powerful tools for 3D reconstruction and virtual reality applications. However, the limited resolution of light field images brings a lot of difficulties for further information display and extraction. In this paper, we introduce a novel learning-based framework to improve the spatial resolution of light fields. First, features from different dimensions are parallelly extracted and fused together in our multi-dimension fusion architecture. These features are then used to generate dynamic filters, which extract subpixel information from micro-lens images and also implicitly consider the disparity information. Finally, more high-frequency details learned in the residual branch are added to the upsampled images and the final super-resolved light fields are obtained. Experimental results show that the proposed method uses fewer parameters but achieves better performances than other state-of-the-art methods in various kinds of datasets. Our reconstructed images also show sharp details and distinct lines in both sub-aperture images and epipolar plane images.","['Qingyan Sun', 'Shuo Zhang', 'Song Chang', 'Lixi Zhu', 'Youfang Lin']",2020-08-26T09:05:07Z,http://arxiv.org/abs/2008.11449v1,"['eess.IV', 'cs.CV']","Light field cameras,3D reconstruction,virtual reality,spatial super-resolution,dynamic filters,multi-dimension fusion network,micro-lens images,disparity information,high-frequency details,residual branch"
Light Field Compression by Residual CNN Assisted JPEG,"Light field (LF) imaging has gained significant attention due to its recent success in 3-dimensional (3D) displaying and rendering as well as augmented and virtual reality usage. Nonetheless, because of the two extra dimensions, LFs are much larger than conventional images. We develop a JPEG-assisted learning-based technique to reconstruct an LF from a JPEG bitstream with a bit per pixel ratio of 0.0047 on average. For compression, we keep the LF's center view and use JPEG compression with 50% quality. Our reconstruction pipeline consists of a small JPEG enhancement network (JPEG-Hance), a depth estimation network (Depth-Net), followed by view synthesizing by warping the enhanced center view. Our pipeline is significantly faster than using video compression on pseudo-sequences extracted from an LF, both in compression and decompression, while maintaining effective performance. We show that with a 1% compression time cost and 18x speedup for decompression, our methods reconstructed LFs have better structural similarity index metric (SSIM) and comparable peak signal-to-noise ratio (PSNR) compared to the state-of-the-art video compression techniques used to compress LFs.","['Eisa Hedayati', 'Timothy C. Havens', 'Jeremy P. Bos']",2020-09-30T19:09:37Z,http://arxiv.org/abs/2010.00062v2,"['eess.IV', 'cs.LG']","Light field,Compression,Residual CNN,JPEG,3-dimensional,Rendering,Augmented reality,Virtual reality,SSIM,PSNR"
"S3: Neural Shape, Skeleton, and Skinning Fields for 3D Human Modeling","Constructing and animating humans is an important component for building virtual worlds in a wide variety of applications such as virtual reality or robotics testing in simulation. As there are exponentially many variations of humans with different shape, pose and clothing, it is critical to develop methods that can automatically reconstruct and animate humans at scale from real world data. Towards this goal, we represent the pedestrian's shape, pose and skinning weights as neural implicit functions that are directly learned from data. This representation enables us to handle a wide variety of different pedestrian shapes and poses without explicitly fitting a human parametric body model, allowing us to handle a wider range of human geometries and topologies. We demonstrate the effectiveness of our approach on various datasets and show that our reconstructions outperform existing state-of-the-art methods. Furthermore, our re-animation experiments show that we can generate 3D human animations at scale from a single RGB image (and/or an optional LiDAR sweep) as input.","['Ze Yang', 'Shenlong Wang', 'Sivabalan Manivasagam', 'Zeng Huang', 'Wei-Chiu Ma', 'Xinchen Yan', 'Ersin Yumer', 'Raquel Urtasun']",2021-01-17T02:16:56Z,http://arxiv.org/abs/2101.06571v1,['cs.CV'],"Neural Shape,Skeleton,Skinning Fields,3D Human Modeling,Implicit Functions,Parametric Body Model,Human Geometries,Topologies,Reconstruction,Re-animation"
"I2UV-HandNet: Image-to-UV Prediction Network for Accurate and
  High-fidelity 3D Hand Mesh Modeling","Reconstructing a high-precision and high-fidelity 3D human hand from a color image plays a central role in replicating a realistic virtual hand in human-computer interaction and virtual reality applications. The results of current methods are lacking in accuracy and fidelity due to various hand poses and severe occlusions. In this study, we propose an I2UV-HandNet model for accurate hand pose and shape estimation as well as 3D hand super-resolution reconstruction. Specifically, we present the first UV-based 3D hand shape representation. To recover a 3D hand mesh from an RGB image, we design an AffineNet to predict a UV position map from the input in an image-to-image translation fashion. To obtain a higher fidelity shape, we exploit an additional SRNet to transform the low-resolution UV map outputted by AffineNet into a high-resolution one. For the first time, we demonstrate the characterization capability of the UV-based hand shape representation. Our experiments show that the proposed method achieves state-of-the-art performance on several challenging benchmarks.","['Ping Chen', 'Yujin Chen', 'Dong Yang', 'Fangyin Wu', 'Qin Li', 'Qingpei Xia', 'Yong Tan']",2021-02-07T05:49:50Z,http://arxiv.org/abs/2102.03725v2,['cs.CV'],"Image-to-UV Prediction,3D Hand Mesh Modeling,Hand Pose Estimation,Shape Estimation,3D Reconstruction,AffineNet,UV Representation,Image-to-Image Translation,Super-Resolution,Characterization"
Deep Learning for Multi-View Stereo via Plane Sweep: A Survey,"3D reconstruction has lately attracted increasing attention due to its wide application in many areas, such as autonomous driving, robotics and virtual reality. As a dominant technique in artificial intelligence, deep learning has been successfully adopted to solve various computer vision problems. However, deep learning for 3D reconstruction is still at its infancy due to its unique challenges and varying pipelines. To stimulate future research, this paper presents a review of recent progress in deep learning methods for Multi-view Stereo (MVS), which is considered as a crucial task of image-based 3D reconstruction. It also presents comparative results on several publicly available datasets, with insightful observations and inspiring future research directions.","['Qingtian Zhu', 'Chen Min', 'Zizhuang Wei', 'Yisong Chen', 'Guoping Wang']",2021-06-18T14:10:44Z,http://arxiv.org/abs/2106.15328v2,['cs.CV'],"Deep Learning,Multi-View Stereo,Plane Sweep,3D Reconstruction,Artificial Intelligence,Computer Vision,Pipelines,Research Directions"
"VREUD -- An End-User Development Tool to Simplify the Creation of
  Interactive VR Scenes","Recent advances in Virtual Reality (VR) technology and the increased availability of VR-equipped devices enable a wide range of consumer-oriented applications. For novice developers, however, creating interactive scenes for VR applications is a complex and cumbersome task that requires high technical knowledge which is often missing. This hinders the potential of enabling novices to create, modify, and execute their own interactive VR scenes. Although recent authoring tools for interactive VR scenes are promising, most of them focus on expert professionals as the target group and neglect the novices with low programming knowledge. To lower the entry barrier, we provide an open-source web-based End-User Development (EUD) tool, called VREUD, that supports the rapid construction and execution of interactive VR scenes. Concerning construction, VREUD enables the specification of the VR scene including interactions and tasks. Furthermore, VREUD supports the execution and immersive experience of the created interactive VR scenes on VR head-mounted displays. Based on a user study, we have analyzed the effectiveness, efficiency, and user satisfaction of VREUD which shows promising results to empower novices in creating their interactive VR scenes.","['Enes Yigitbas', 'Jonas Klauke', 'Sebastian Gottschalk', 'Gregor Engels']",2021-07-01T11:30:42Z,http://arxiv.org/abs/2107.00377v1,['cs.HC'],"End-User Development,Virtual Reality,VR Scenes,Interactive,Authoring Tools,Novices,Programming Knowledge,Web-based,Immersive Experience"
Attention based Occlusion Removal for Hybrid Telepresence Systems,"Traditionally, video conferencing is a widely adopted solution for telecommunication, but a lack of immersiveness comes inherently due to the 2D nature of facial representation. The integration of Virtual Reality (VR) in a communication/telepresence system through Head Mounted Displays (HMDs) promises to provide users a much better immersive experience. However, HMDs cause hindrance by blocking the facial appearance and expressions of the user. To overcome these issues, we propose a novel attention-enabled encoder-decoder architecture for HMD de-occlusion. We also propose to train our person-specific model using short videos (1-2 minutes) of the user, captured in varying appearances, and demonstrated generalization to unseen poses and appearances of the user. We report superior qualitative and quantitative results over state-of-the-art methods. We also present applications of this approach to hybrid video teleconferencing using existing animation and 3D face reconstruction pipelines.","['Surabhi Gupta', 'Ashwath Shetty', 'Avinash Sharma']",2021-12-02T10:18:22Z,http://arxiv.org/abs/2112.01098v1,['cs.CV'],"telepresence systems,Attention,Occlusion Removal,Hybrid Systems,Virtual Reality (VR),Head Mounted Displays (HMDs),Encoder-decoder architecture,person-specific model,3D face reconstruction."
"Sharing Construction Safety Inspection Experiences and Site-Specific
  Knowledge through XR-Augmented Visual Assistance","Early identification of on-site hazards is crucial for accident prevention in the construction industry. Currently, the construction industry relies on experienced safety advisors (SAs) to identify site hazards and generate mitigation measures to guide field workers. However, more than half of the site hazards remain unrecognized due to the lack of field experience or site-specific knowledge of some SAs. To address these limitations, this study proposed an Extended Reality (XR)-augmented visual assistance framework, including Virtual Reality (VR) and Augmented Reality (AR), that enables capturing and transferring subconscious inspection strategies between workers or workers/machines for a construction safety inspection. The purpose is to enhance SA's training and real-time situational awareness for identifying on-site hazards while reducing their mental workloads.","['Pengkun Liu', 'Jinding Xing', 'Ruoxin Xiong', 'Pingbo Tang']",2022-05-31T14:37:22Z,http://arxiv.org/abs/2205.15833v1,['cs.HC'],"construction industry,safety inspection,XR,augmented visual assistance,Virtual Reality,Augmented Reality,site-specific knowledge,accident prevention,on-site hazards"
NeuralPassthrough: Learned Real-Time View Synthesis for VR,"Virtual reality (VR) headsets provide an immersive, stereoscopic visual experience, but at the cost of blocking users from directly observing their physical environment. Passthrough techniques are intended to address this limitation by leveraging outward-facing cameras to reconstruct the images that would otherwise be seen by the user without the headset. This is inherently a real-time view synthesis challenge, since passthrough cameras cannot be physically co-located with the eyes. Existing passthrough techniques suffer from distracting reconstruction artifacts, largely due to the lack of accurate depth information (especially for near-field and disoccluded objects), and also exhibit limited image quality (e.g., being low resolution and monochromatic). In this paper, we propose the first learned passthrough method and assess its performance using a custom VR headset that contains a stereo pair of RGB cameras. Through both simulations and experiments, we demonstrate that our learned passthrough method delivers superior image quality compared to state-of-the-art methods, while meeting strict VR requirements for real-time, perspective-correct stereoscopic view synthesis over a wide field of view for desktop-connected headsets.","['Lei Xiao', 'Salah Nouri', 'Joel Hegland', 'Alberto Garcia Garcia', 'Douglas Lanman']",2022-07-05T17:39:22Z,http://arxiv.org/abs/2207.02186v1,"['cs.CV', 'cs.LG']","Real-Time View Synthesis,Virtual Reality,Passthrough Techniques,Neural Networks,Stereo Pair,Depth Information,Image Quality,VR Headset,Perspective-Correct"
"IPDAE: Improved Patch-Based Deep Autoencoder for Lossy Point Cloud
  Geometry Compression","Point cloud is a crucial representation of 3D contents, which has been widely used in many areas such as virtual reality, mixed reality, autonomous driving, etc. With the boost of the number of points in the data, how to efficiently compress point cloud becomes a challenging problem. In this paper, we propose a set of significant improvements to patch-based point cloud compression, i.e., a learnable context model for entropy coding, octree coding for sampling centroid points, and an integrated compression and training process. In addition, we propose an adversarial network to improve the uniformity of points during reconstruction. Our experiments show that the improved patch-based autoencoder outperforms the state-of-the-art in terms of rate-distortion performance, on both sparse and large-scale point clouds. More importantly, our method can maintain a short compression time while ensuring the reconstruction quality.","['Kang You', 'Pan Gao', 'Qing Li']",2022-08-04T08:12:35Z,http://arxiv.org/abs/2208.02519v1,"['cs.CV', 'cs.IT', 'cs.MM', 'eess.IV', 'math.IT']","point cloud,deep autoencoder,geometry compression,entropy coding,octree coding,adversarial network,rate-distortion performance,reconstruction quality,compression time"
"End-to-End Multi-View Structure-from-Motion with Hypercorrelation
  Volumes","Image-based 3D reconstruction is one of the most important tasks in Computer Vision with many solutions proposed over the last few decades. The objective is to extract metric information i.e. the geometry of scene objects directly from images. These can then be used in a wide range of applications such as film, games, virtual reality, etc. Recently, deep learning techniques have been proposed to tackle this problem. They rely on training on vast amounts of data to learn to associate features between images through deep convolutional neural networks and have been shown to outperform traditional procedural techniques. In this paper, we improve on the state-of-the-art two-view structure-from-motion(SfM) approach of [11] by incorporating 4D correlation volume for more accurate feature matching and reconstruction. Furthermore, we extend it to the general multi-view case and evaluate it on the complex benchmark dataset DTU [4]. Quantitative evaluations and comparisons with state-of-the-art multi-view 3D reconstruction methods demonstrate its superiority in terms of the accuracy of reconstructions.","['Qiao Chen', 'Charalambos Poullis']",2022-09-14T20:58:44Z,http://arxiv.org/abs/2209.06926v1,['cs.CV'],"structure-from-motion,multi-view,hypercorrelation volumes,deep learning,3D reconstruction,metric information,convolutional neural networks,feature matching,benchmark dataset,accuracy"
"OmniNeRF: Hybriding Omnidirectional Distance and Radiance fields for
  Neural Surface Reconstruction","3D reconstruction from images has wide applications in Virtual Reality and Automatic Driving, where the precision requirement is very high. Ground-breaking research in the neural radiance field (NeRF) by utilizing Multi-Layer Perceptions has dramatically improved the representation quality of 3D objects. Some later studies improved NeRF by building truncated signed distance fields (TSDFs) but still suffer from the problem of blurred surfaces in 3D reconstruction. In this work, this surface ambiguity is addressed by proposing a novel way of 3D shape representation, OmniNeRF. It is based on training a hybrid implicit field of Omni-directional Distance Field (ODF) and neural radiance field, replacing the apparent density in NeRF with omnidirectional information. Moreover, we introduce additional supervision on the depth map to further improve reconstruction quality. The proposed method has been proven to effectively deal with NeRF defects at the edges of the surface reconstruction, providing higher quality 3D scene reconstruction results.","['Jiaming Shen', 'Bolin Song', 'Zirui Wu', 'Yi Xu']",2022-09-27T14:39:23Z,http://arxiv.org/abs/2209.13433v1,['cs.CV'],"Neural Radiance Field,Multi-Layer Perceptions,Truncated Signed Distance Fields,Omni-directional Distance Field,Depth Map"
"3D Reconstruction of Sculptures from Single Images via Unsupervised
  Domain Adaptation on Implicit Models","Acquiring the virtual equivalent of exhibits, such as sculptures, in virtual reality (VR) museums, can be labour-intensive and sometimes infeasible. Deep learning based 3D reconstruction approaches allow us to recover 3D shapes from 2D observations, among which single-view-based approaches can reduce the need for human intervention and specialised equipment in acquiring 3D sculptures for VR museums. However, there exist two challenges when attempting to use the well-researched human reconstruction methods: limited data availability and domain shift. Considering sculptures are usually related to humans, we propose our unsupervised 3D domain adaptation method for adapting a single-view 3D implicit reconstruction model from the source (real-world humans) to the target (sculptures) domain. We have compared the generated shapes with other methods and conducted ablation studies as well as a user study to demonstrate the effectiveness of our adaptation method. We also deploy our results in a VR application.","['Ziyi Chang', 'George Alex Koulieris', 'Hubert P. H. Shum']",2022-10-09T13:48:00Z,http://arxiv.org/abs/2210.04265v1,['cs.CV'],"3D Reconstruction,Sculptures,Single Images,Unsupervised Domain Adaptation,Implicit Models,Deep Learning,Virtual Reality,Domain Shift,Ablation Studies,VR Application"
"Self-Supervised 3D Human Pose Estimation in Static Video Via Neural
  Rendering","Inferring 3D human pose from 2D images is a challenging and long-standing problem in the field of computer vision with many applications including motion capture, virtual reality, surveillance or gait analysis for sports and medicine. We present preliminary results for a method to estimate 3D pose from 2D video containing a single person and a static background without the need for any manual landmark annotations. We achieve this by formulating a simple yet effective self-supervision task: our model is required to reconstruct a random frame of a video given a frame from another timepoint and a rendered image of a transformed human shape template. Crucially for optimisation, our ray casting based rendering pipeline is fully differentiable, enabling end to end training solely based on the reconstruction task.","['Luca Schmidtke', 'Benjamin Hou', 'Athanasios Vlontzos', 'Bernhard Kainz']",2022-10-10T09:24:07Z,http://arxiv.org/abs/2210.04514v1,"['cs.CV', 'cs.AI', 'cs.GR']","3D human pose estimation,self-supervised,static video,neural rendering,computer vision,motion capture,virtual reality,surveillance,gait analysis,ray casting."
"A Modular Multi-stage Lightweight Graph Transformer Network for Human
  Pose and Shape Estimation from 2D Human Pose","In this research, we address the challenge faced by existing deep learning-based human mesh reconstruction methods in balancing accuracy and computational efficiency. These methods typically prioritize accuracy, resulting in large network sizes and excessive computational complexity, which may hinder their practical application in real-world scenarios, such as virtual reality systems. To address this issue, we introduce a modular multi-stage lightweight graph-based transformer network for human pose and shape estimation from 2D human pose, a pose-based human mesh reconstruction approach that prioritizes computational efficiency without sacrificing reconstruction accuracy. Our method consists of a 2D-to-3D lifter module that utilizes graph transformers to analyze structured and implicit joint correlations in 2D human poses, and a mesh regression module that combines the extracted pose features with a mesh template to produce the final human mesh parameters.","['Ayman Ali', 'Ekkasit Pinyoanuntapong', 'Pu Wang', 'Mohsen Dorodchi']",2023-01-31T04:42:47Z,http://arxiv.org/abs/2301.13403v1,"['cs.CV', 'cs.AI']","modular,multi-stage,lightweight,graph transformer network,human pose,shape estimation,2D human pose,lifter module,mesh regression module"
"Demonstration of a Standalone, Descriptive, and Predictive Digital Twin
  of a Floating Offshore Wind Turbine","Digital Twins bring several benefits for planning, operation, and maintenance of remote offshore assets. In this work, we explain the digital twin concept and the capability level scale in the context of wind energy. Furthermore, we demonstrate a standalone digital twin, a descriptive digital twin, and a prescriptive digital twin of an operational floating offshore wind turbine. The standalone digital twin consists of the virtual representation of the wind turbine and its operating environment. While at this level the digital twin does not evolve with the physical turbine, it can be used during the planning-, design-, and construction phases. At the next level, the descriptive digital twin is built upon the standalone digital twin by enhancing the latter with real data from the turbine. All the data is visualized in virtual reality for informed decision-making. Besides being used for data bundling and visualization, the descriptive digital twin forms the basis for diagnostic, predictive, prescriptive, and autonomous tools. A predictive digital twin is created through the use of weather forecasts, neural networks, and transfer learning. Finally, digital twin technology is discussed in a much wider context of ocean engineering.","['Florian Stadtmann', 'Henrik Gusdal Wassertheurer', 'Adil Rasheed']",2023-04-03T15:53:22Z,http://arxiv.org/abs/2304.01093v1,['eess.SP'],"Digital Twin,Wind Energy,Floating Offshore Wind Turbine,Virtual Reality,Data Visualization,Predictive Maintenance,Neural Networks,Transfer Learning,Ocean Engineering"
"Pilgrimage to Pureland: Art, Perception and the Wutai Mural VR
  Reconstruction","Virtual reality (VR) supports audiences to engage with cultural heritage proactively. We designed an easy-to-access and guided Pilgrimage To Pureland VR reconstruction of Dunhuang Mogao Grottoes to offer the general public an accessible and engaging way to explore the Dunhuang murals. We put forward an immersive VR reconstruction paradigm that can efficiently convert complex 2D artwork into a VR environment. We reconstructed the Mt. Wutai pilgrimage mural in Cave 61, Mogao Grottoes, Dunhuang, into an immersive VR environment and created a plot-based and interactive experience that offers users a more accessible solution to visit, understand and appreciate the complex religious, historical, and artistic value of Dunhuang murals. \textcolor{black}{Our system remarkably smoothed users' approaches to those elusive cultural heritages. Appropriate adaptation of plots and 3D VR transfer consistent with the original art style could enhance the accessibility of cultural heritages.","['Rongxuan Mu', 'Yuhe Nie', 'Kent Cao', 'Ruoxin You', 'Yinzong Wei', 'Xin Tong']",2023-04-15T08:42:51Z,http://arxiv.org/abs/2304.07511v1,['cs.HC'],"Virtual reality,cultural heritage,pilgrimage,Dunhuang,mural,immersive,2D artwork,plot-based,interactive,VR environment"
"Towards Large-Scale Incremental Dense Mapping using Robot-centric
  Implicit Neural Representation","Large-scale dense mapping is vital in robotics, digital twins, and virtual reality. Recently, implicit neural mapping has shown remarkable reconstruction quality. However, incremental large-scale mapping with implicit neural representations remains problematic due to low efficiency, limited video memory, and the catastrophic forgetting phenomenon. To counter these challenges, we introduce the Robot-centric Implicit Mapping (RIM) technique for large-scale incremental dense mapping. This method employs a hybrid representation, encoding shapes with implicit features via a multi-resolution voxel map and decoding signed distance fields through a shallow MLP. We advocate for a robot-centric local map to boost model training efficiency and curb the catastrophic forgetting issue. A decoupled scalable global map is further developed to archive learned features for reuse and maintain constant video memory consumption. Validation experiments demonstrate our method's exceptional quality, efficiency, and adaptability across diverse scales and scenes over advanced dense mapping methods using range sensors. Our system's code will be accessible at https://github.com/HITSZ-NRSL/RIM.git.","['Jianheng Liu', 'Haoyao Chen']",2023-06-18T04:26:12Z,http://arxiv.org/abs/2306.10472v3,['cs.RO'],"large-scale mapping,incremental dense mapping,implicit neural representation,robot-centric,hybrid representation,multi-resolution voxel map,signed distance fields,catastrophic forgetting,model training efficiency,video memory"
Panoramas from Photons,"Scene reconstruction in the presence of high-speed motion and low illumination is important in many applications such as augmented and virtual reality, drone navigation, and autonomous robotics. Traditional motion estimation techniques fail in such conditions, suffering from too much blur in the presence of high-speed motion and strong noise in low-light conditions. Single-photon cameras have recently emerged as a promising technology capable of capturing hundreds of thousands of photon frames per second thanks to their high speed and extreme sensitivity. Unfortunately, traditional computer vision techniques are not well suited for dealing with the binary-valued photon data captured by these cameras because these are corrupted by extreme Poisson noise. Here we present a method capable of estimating extreme scene motion under challenging conditions, such as low light or high dynamic range, from a sequence of high-speed image frames such as those captured by a single-photon camera. Our method relies on iteratively improving a motion estimate by grouping and aggregating frames after-the-fact, in a stratified manner. We demonstrate the creation of high-quality panoramas under fast motion and extremely low light, and super-resolution results using a custom single-photon camera prototype. For code and supplemental material see our $\href{https://wisionlab.com/project/panoramas-from-photons/}{\text{project webpage}}$.","['Sacha Jungerman', 'Atul Ingle', 'Mohit Gupta']",2023-09-07T16:07:31Z,http://arxiv.org/abs/2309.03811v1,['cs.CV'],"scene reconstruction,high-speed motion,low illumination,single-photon cameras,motion estimation,computer vision techniques,Poisson noise,extreme scene motion,high dynamic range,super-resolution"
ArtHDR-Net: Perceptually Realistic and Accurate HDR Content Creation,"High Dynamic Range (HDR) content creation has become an important topic for modern media and entertainment sectors, gaming and Augmented/Virtual Reality industries. Many methods have been proposed to recreate the HDR counterparts of input Low Dynamic Range (LDR) images/videos given a single exposure or multi-exposure LDRs. The state-of-the-art methods focus primarily on the preservation of the reconstruction's structural similarity and the pixel-wise accuracy. However, these conventional approaches do not emphasize preserving the artistic intent of the images in terms of human visual perception, which is an essential element in media, entertainment and gaming. In this paper, we attempt to study and fill this gap. We propose an architecture called ArtHDR-Net based on a Convolutional Neural Network that uses multi-exposed LDR features as input. Experimental results show that ArtHDR-Net can achieve state-of-the-art performance in terms of the HDR-VDP-2 score (i.e., mean opinion score index) while reaching competitive performance in terms of PSNR and SSIM.","['Hrishav Bakul Barua', 'Ganesh Krishnasamy', 'KokSheik Wong', 'Kalin Stefanov', 'Abhinav Dhall']",2023-09-07T16:40:49Z,http://arxiv.org/abs/2309.03827v1,"['cs.CV', 'cs.GR', 'cs.LG', 'cs.MM', 'eess.IV', 'I.2.10; I.4.5; I.3.3; I.4.3']","High Dynamic Range (HDR),Low Dynamic Range (LDR),content creation,Convolutional Neural Network,HDR-VDP-2 score,mean opinion score index,PSNR,SSIM,media,entertainment,gaming"
"Animatable Virtual Humans: Learning pose-dependent human representations
  in UV space for interactive performance synthesis","We propose a novel representation of virtual humans for highly realistic real-time animation and rendering in 3D applications. We learn pose dependent appearance and geometry from highly accurate dynamic mesh sequences obtained from state-of-the-art multiview-video reconstruction. Learning pose-dependent appearance and geometry from mesh sequences poses significant challenges, as it requires the network to learn the intricate shape and articulated motion of a human body. However, statistical body models like SMPL provide valuable a-priori knowledge which we leverage in order to constrain the dimension of the search space enabling more efficient and targeted learning and define pose-dependency. Instead of directly learning absolute pose-dependent geometry, we learn the difference between the observed geometry and the fitted SMPL model. This allows us to encode both pose-dependent appearance and geometry in the consistent UV space of the SMPL model. This approach not only ensures a high level of realism but also facilitates streamlined processing and rendering of virtual humans in real-time scenarios.","['Wieland Morgenstern', 'Milena T. Bagdasarian', 'Anna Hilsmann', 'Peter Eisert']",2023-10-05T15:49:44Z,http://arxiv.org/abs/2310.03615v1,"['cs.CV', 'cs.GR']","virtual humans,pose-dependent,human representations,UV space,interactive performance synthesis,dynamic mesh sequences,multiview-video reconstruction,statistical body models,SMPL model,real-time animation"
"fMRI-PTE: A Large-scale fMRI Pretrained Transformer Encoder for
  Multi-Subject Brain Activity Decoding","The exploration of brain activity and its decoding from fMRI data has been a longstanding pursuit, driven by its potential applications in brain-computer interfaces, medical diagnostics, and virtual reality. Previous approaches have primarily focused on individual subject analysis, highlighting the need for a more universal and adaptable framework, which is the core motivation behind our work. In this work, we propose fMRI-PTE, an innovative auto-encoder approach for fMRI pre-training, with a focus on addressing the challenges of varying fMRI data dimensions due to individual brain differences. Our approach involves transforming fMRI signals into unified 2D representations, ensuring consistency in dimensions and preserving distinct brain activity patterns. We introduce a novel learning strategy tailored for pre-training 2D fMRI images, enhancing the quality of reconstruction. fMRI-PTE's adaptability with image generators enables the generation of well-represented fMRI features, facilitating various downstream tasks, including within-subject and cross-subject brain activity decoding. Our contributions encompass introducing fMRI-PTE, innovative data transformation, efficient training, a novel learning strategy, and the universal applicability of our approach. Extensive experiments validate and support our claims, offering a promising foundation for further research in this domain.","['Xuelin Qian', 'Yun Wang', 'Jingyang Huo', 'Jianfeng Feng', 'Yanwei Fu']",2023-11-01T07:24:22Z,http://arxiv.org/abs/2311.00342v1,['cs.CV'],"fMRI,Pretrained Transformer Encoder,Brain Activity Decoding,Auto-encoder,fMRI signals,2D representations,Learning Strategy,Image Generators,Within-subject decoding,Cross-subject decoding"
DSR-Diff: Depth Map Super-Resolution with Diffusion Model,"Color-guided depth map super-resolution (CDSR) improve the spatial resolution of a low-quality depth map with the corresponding high-quality color map, benefiting various applications such as 3D reconstruction, virtual reality, and augmented reality. While conventional CDSR methods typically rely on convolutional neural networks or transformers, diffusion models (DMs) have demonstrated notable effectiveness in high-level vision tasks. In this work, we present a novel CDSR paradigm that utilizes a diffusion model within the latent space to generate guidance for depth map super-resolution. The proposed method comprises a guidance generation network (GGN), a depth map super-resolution network (DSRN), and a guidance recovery network (GRN). The GGN is specifically designed to generate the guidance while managing its compactness. Additionally, we integrate a simple but effective feature fusion module and a transformer-style feature extraction module into the DSRN, enabling it to leverage guided priors in the extraction, fusion, and reconstruction of multi-model images. Taking into account both accuracy and efficiency, our proposed method has shown superior performance in extensive experiments when compared to state-of-the-art methods. Our codes will be made available at https://github.com/shiyuan7/DSR-Diff.","['Yuan Shi', 'Bin Xia', 'Rui Zhu', 'Qingmin Liao', 'Wenming Yang']",2023-11-16T14:18:10Z,http://arxiv.org/abs/2311.09919v1,"['cs.CV', 'cs.AI']","Depth map super-resolution,Diffusion model,Color-guided,Guidance generation network,Latent space,Feature fusion module,Transformer-style feature extraction,Multi-model images,Superior performance,State-of-the-art."
Reconstruction of Sound Field through Diffusion Models,"Reconstructing the sound field in a room is an important task for several applications, such as sound control and augmented (AR) or virtual reality (VR). In this paper, we propose a data-driven generative model for reconstructing the magnitude of acoustic fields in rooms with a focus on the modal frequency range. We introduce, for the first time, the use of a conditional Denoising Diffusion Probabilistic Model (DDPM) trained in order to reconstruct the sound field (SF-Diff) over an extended domain. The architecture is devised in order to be conditioned on a set of limited available measurements at different frequencies and generate the sound field in target, unknown, locations. The results show that SF-Diff is able to provide accurate reconstructions, outperforming a state-of-the-art baseline based on kernel interpolation.","['Federico Miotello', 'Luca Comanducci', 'Mirco Pezzoli', 'Alberto Bernardini', 'Fabio Antonacci', 'Augusto Sarti']",2023-12-14T11:11:26Z,http://arxiv.org/abs/2312.08821v2,"['eess.AS', 'cs.LG', 'cs.SD', 'eess.SP']","Diffusion Models,Sound Field,Data-driven,Generative Model,Acoustic Fields,Modal Frequency Range,Conditional Denoising,Probabilistic Model,Reconstruction,Kernel Interpolation"
Human101: Training 100+FPS Human Gaussians in 100s from 1 View,"Reconstructing the human body from single-view videos plays a pivotal role in the virtual reality domain. One prevalent application scenario necessitates the rapid reconstruction of high-fidelity 3D digital humans while simultaneously ensuring real-time rendering and interaction. Existing methods often struggle to fulfill both requirements. In this paper, we introduce Human101, a novel framework adept at producing high-fidelity dynamic 3D human reconstructions from 1-view videos by training 3D Gaussians in 100 seconds and rendering in 100+ FPS. Our method leverages the strengths of 3D Gaussian Splatting, which provides an explicit and efficient representation of 3D humans. Standing apart from prior NeRF-based pipelines, Human101 ingeniously applies a Human-centric Forward Gaussian Animation method to deform the parameters of 3D Gaussians, thereby enhancing rendering speed (i.e., rendering 1024-resolution images at an impressive 60+ FPS and rendering 512-resolution images at 100+ FPS). Experimental results indicate that our approach substantially eclipses current methods, clocking up to a 10 times surge in frames per second and delivering comparable or superior rendering quality. Code and demos will be released at https://github.com/longxiang-ai/Human101.","['Mingwei Li', 'Jiachen Tao', 'Zongxin Yang', 'Yi Yang']",2023-12-23T13:41:56Z,http://arxiv.org/abs/2312.15258v1,['cs.CV'],"human body reconstruction,3D digital humans,single-view videos,real-time rendering,interaction,3D Gaussians,Gaussian Splatting,NeRF-based pipelines,rendering speed,frames per second"
GPAvatar: Generalizable and Precise Head Avatar from Image(s),"Head avatar reconstruction, crucial for applications in virtual reality, online meetings, gaming, and film industries, has garnered substantial attention within the computer vision community. The fundamental objective of this field is to faithfully recreate the head avatar and precisely control expressions and postures. Existing methods, categorized into 2D-based warping, mesh-based, and neural rendering approaches, present challenges in maintaining multi-view consistency, incorporating non-facial information, and generalizing to new identities. In this paper, we propose a framework named GPAvatar that reconstructs 3D head avatars from one or several images in a single forward pass. The key idea of this work is to introduce a dynamic point-based expression field driven by a point cloud to precisely and effectively capture expressions. Furthermore, we use a Multi Tri-planes Attention (MTA) fusion module in the tri-planes canonical field to leverage information from multiple input images. The proposed method achieves faithful identity reconstruction, precise expression control, and multi-view consistency, demonstrating promising results for free-viewpoint rendering and novel view synthesis.","['Xuangeng Chu', 'Yu Li', 'Ailing Zeng', 'Tianyu Yang', 'Lijian Lin', 'Yunfei Liu', 'Tatsuya Harada']",2024-01-18T18:56:34Z,http://arxiv.org/abs/2401.10215v1,['cs.CV'],"head avatar reconstruction,virtual reality,computer vision,3D head avatars,point cloud,Multi Tri-planes Attention (MTA) fusion module,free-viewpoint rendering,novel view synthesis"
Diffusion-based Light Field Synthesis,"Light fields (LFs), conducive to comprehensive scene radiance recorded across angular dimensions, find wide applications in 3D reconstruction, virtual reality, and computational photography.However, the LF acquisition is inevitably time-consuming and resource-intensive due to the mainstream acquisition strategy involving manual capture or laborious software synthesis.Given such a challenge, we introduce LFdiff, a straightforward yet effective diffusion-based generative framework tailored for LF synthesis, which adopts only a single RGB image as input.LFdiff leverages disparity estimated by a monocular depth estimation network and incorporates two distinctive components: a novel condition scheme and a noise estimation network tailored for LF data.Specifically, we design a position-aware warping condition scheme, enhancing inter-view geometry learning via a robust conditional signal.We then propose DistgUnet, a disentanglement-based noise estimation network, to harness comprehensive LF representations.Extensive experiments demonstrate that LFdiff excels in synthesizing visually pleasing and disparity-controllable light fields with enhanced generalization capability.Additionally, comprehensive results affirm the broad applicability of the generated LF data, spanning applications like LF super-resolution and refocusing.","['Ruisheng Gao', 'Yutong Liu', 'Zeyu Xiao', 'Zhiwei Xiong']",2024-02-01T13:13:16Z,http://arxiv.org/abs/2402.00575v1,['cs.CV'],"light field,diffusion,synthesis,generative framework,monocular depth estimation,disparity,condition scheme,noise estimation network,disentanglement,LF data"
"Transferring facade labels between point clouds with semantic octrees
  while considering change detection","Point clouds and high-resolution 3D data have become increasingly important in various fields, including surveying, construction, and virtual reality. However, simply having this data is not enough; to extract useful information, semantic labeling is crucial. In this context, we propose a method to transfer annotations from a labeled to an unlabeled point cloud using an octree structure. The structure also analyses changes between the point clouds. Our experiments confirm that our method effectively transfers annotations while addressing changes. The primary contribution of this project is the development of the method for automatic label transfer between two different point clouds that represent the same real-world object. The proposed method can be of great importance for data-driven deep learning algorithms as it can also allow circumventing stochastic transfer learning by deterministic label transfer between datasets depicting the same objects.","['Sophia Schwarz', 'Tanja Pilz', 'Olaf Wysocki', 'Ludwig Hoegner', 'Uwe Stilla']",2024-02-09T16:43:34Z,http://arxiv.org/abs/2402.06531v1,"['cs.CV', 'cs.LG']","point clouds,semantic labeling,octree structure,change detection,label transfer,deep learning algorithms"
"Enhancing Bandwidth Efficiency for Video Motion Transfer Applications
  using Deep Learning Based Keypoint Prediction","We propose a deep learning based novel prediction framework for enhanced bandwidth reduction in motion transfer enabled video applications such as video conferencing, virtual reality gaming and privacy preservation for patient health monitoring. To model complex motion, we use the First Order Motion Model (FOMM) that represents dynamic objects using learned keypoints along with their local affine transformations. Keypoints are extracted by a self-supervised keypoint detector and organized in a time series corresponding to the video frames. Prediction of keypoints, to enable transmission using lower frames per second on the source device, is performed using a Variational Recurrent Neural Network (VRNN). The predicted keypoints are then synthesized to video frames using an optical flow estimator and a generator network. This efficacy of leveraging keypoint based representations in conjunction with VRNN based prediction for both video animation and reconstruction is demonstrated on three diverse datasets. For real-time applications, our results show the effectiveness of our proposed architecture by enabling up to 2x additional bandwidth reduction over existing keypoint based video motion transfer frameworks without significantly compromising video quality.","['Xue Bai', 'Tasmiah Haque', 'Sumit Mohan', 'Yuliang Cai', 'Byungheon Jeong', 'Adam Halasz', 'Srinjoy Das']",2024-03-17T20:36:43Z,http://arxiv.org/abs/2403.11337v1,"['cs.CV', 'cs.AI']","bandwidth efficiency,deep learning,keypoint prediction,motion transfer,video applications,First Order Motion Model (FOMM),keypoints,Variational Recurrent Neural Network (VRNN),optical flow estimator,generator network"
"SMPLX-Lite: A Realistic and Drivable Avatar Benchmark with Rich Geometry
  and Texture Annotations","Recovering photorealistic and drivable full-body avatars is crucial for numerous applications, including virtual reality, 3D games, and tele-presence. Most methods, whether reconstruction or generation, require large numbers of human motion sequences and corresponding textured meshes. To easily learn a drivable avatar, a reasonable parametric body model with unified topology is paramount. However, existing human body datasets either have images or textured models and lack parametric models which fit clothes well. We propose a new parametric model SMPLX-Lite-D, which can fit detailed geometry of the scanned mesh while maintaining stable geometry in the face, hand and foot regions. We present SMPLX-Lite dataset, the most comprehensive clothing avatar dataset with multi-view RGB sequences, keypoints annotations, textured scanned meshes, and textured SMPLX-Lite-D models. With the SMPLX-Lite dataset, we train a conditional variational autoencoder model that takes human pose and facial keypoints as input, and generates a photorealistic drivable human avatar.","['Yujiao Jiang', 'Qingmin Liao', 'Zhaolong Wang', 'Xiangru Lin', 'Zongqing Lu', 'Yuxi Zhao', 'Hanqing Wei', 'Jingrui Ye', 'Yu Zhang', 'Zhijing Shao']",2024-05-30T01:53:39Z,http://arxiv.org/abs/2405.19609v1,"['cs.CV', 'cs.GR']","drivable avatar,benchmark,geometry,texture annotations,parametric body model,topology,parametric model,SMPLX-Lite-D,RGB sequences,keypoints annotations"
"Ambiguity of large scale temperature reconstructions from artificial
  tree growth in millennial climate simulations","The ambiguity of temperature reconstructions is assessed using pseudo tree growth series in the virtual reality of two simulations of the climate of the last millennium. The simple, process-based Vaganov-Shashkin-Lite (VS-Lite) code calculates tree growth responses controlled by a limited number of climatic parameters. Growth limitation by different ambient climate conditions allows for possible nonlinearity and non-stationarity in the pseudo tree growth series. Statistical reconstructions of temperature are achieved from simulated tree growth for random selections of pseudo-proxy locations by simple local regression and composite plus scaling techniques to address additional ambiguities in paleoclimate reconstructions besides the known uncertainty and shortcomings of the reconstruction methods. A systematic empirical evaluation shows that the interrelations between simulated target and reconstructed temperatures undergo strong variations with possibly pronounced misrepresentations of temperatures. Thus (i) centennial scale inter-annual correlations can be very weak; (ii) the decadal range of reconstructed temperatures may be as large as the range of the temperature variations over the considered time-period; (iii) decadal variability is under-represented in the reconstructions. The misrepresentations are in part due to the temporally varying temperature-growth relations and to an apparent lack of decadal scale variability in the simulated pseudo-growth series compared to the local temperatures.","['Oliver Bothe', 'Davide Zanchettin']",2012-07-10T09:39:47Z,http://arxiv.org/abs/1207.2279v1,['physics.ao-ph'],"temperature reconstructions,artificial tree growth,millennial climate simulations,Vaganov-Shashkin-Lite,climatic parameters,pseudo-proxy locations,paleoclimate reconstructions,local regression,composite plus scaling techniques,paleoclimate reconstructions"
"The Effectiveness of Traditional Tools and Computer-Aided Technologies
  for Health and Safety Training in the Construction Sector: A Systematic
  Review","For workers, the exposure to on-site hazards can result in fatalities and serious injuries. To improve safety outcomes, different approaches have been implemented for health and safety training in the construction sector, such as traditional tools and computer-aided technologies (e.g., serious games and virtual reality). However, the effectiveness of these approaches has been barely explored. In order to bridge this gap, a systematic review of existing studies was conducted. Unlike previous review studies in this field that focused on uncovering the technology characters and challenges, this study mainly evaluated the effectiveness of training using traditional tools and computer-aided technologies on the well-being of individuals. Measures of the effectiveness included knowledge acquisition, unsafe behaviour alteration, and injury rate reduction. Results indicated that: 1. the effectiveness of traditional tools is sufficiently supported by statistical evidence; and 2. the use of computer-aided technologies has evidence to support its effectiveness, but more solid evidence is required to support this statement. It was also found that the overall performance of computer-aided technologies is superior in several technical aspects compared to traditional tools, namely, representing actual workplace situations, providing text-free interfaces, having better user engagement, and being more cost-efficient. Finally, using the systematic review findings, a theoretical framework is proposed as a potential solution to help future research in this field systematically examine the effectiveness and usability of their approaches. This framework is theoretical in nature and requires further validation. A further study is therefore proposed to test and validate this framework.","['Yifan Gao', 'Vicente Gonzalez', 'Tak Wing Yiu']",2018-08-06T01:09:21Z,http://arxiv.org/abs/1808.02021v1,['cs.CY'],"traditional tools,computer-aided technologies,health and safety training,construction sector,systematic review,serious games,virtual reality,knowledge acquisition,unsafe behaviour,injury rate reduction"
SemanticPaint: A Framework for the Interactive Segmentation of 3D Scenes,"We present an open-source, real-time implementation of SemanticPaint, a system for geometric reconstruction, object-class segmentation and learning of 3D scenes. Using our system, a user can walk into a room wearing a depth camera and a virtual reality headset, and both densely reconstruct the 3D scene and interactively segment the environment into object classes such as 'chair', 'floor' and 'table'. The user interacts physically with the real-world scene, touching objects and using voice commands to assign them appropriate labels. These user-generated labels are leveraged by an online random forest-based machine learning algorithm, which is used to predict labels for previously unseen parts of the scene. The entire pipeline runs in real time, and the user stays 'in the loop' throughout the process, receiving immediate feedback about the progress of the labelling and interacting with the scene as necessary to refine the predicted segmentation.","['Stuart Golodetz', 'Michael Sapienza', 'Julien P. C. Valentin', 'Vibhav Vineet', 'Ming-Ming Cheng', 'Anurag Arnab', 'Victor A. Prisacariu', 'Olaf Kähler', 'Carl Yuheng Ren', 'David W. Murray', 'Shahram Izadi', 'Philip H. S. Torr']",2015-10-13T15:06:03Z,http://arxiv.org/abs/1510.03727v1,"['cs.CV', 'I.2.10']","interactive segmentation,3D scenes,SemanticPaint,geometric reconstruction,object-class segmentation,learning,depth camera,virtual reality,machine learning,random forest-based algorithm"
"Complete End-To-End Low Cost Solution To a 3D Scanning System with
  Integrated Turntable","3D reconstruction is a technique used in computer vision which has a wide range of applications in areas like object recognition, city modelling, virtual reality, physical simulations, video games and special effects. Previously, to perform a 3D reconstruction, specialized hardwares were required. Such systems were often very expensive and was only available for industrial or research purpose. With the rise of the availability of high-quality low cost 3D sensors, it is now possible to design inexpensive complete 3D scanning systems. The objective of this work was to design an acquisition and processing system that can perform 3D scanning and reconstruction of objects seamlessly. In addition, the goal of this work also included making the 3D scanning process fully automated by building and integrating a turntable alongside the software. This means the user can perform a full 3D scan only by a press of a few buttons from our dedicated graphical user interface. Three main steps were followed to go from acquisition of point clouds to the finished reconstructed 3D model. First, our system acquires point cloud data of a person/object using inexpensive camera sensor. Second, align and convert the acquired point cloud data into a watertight mesh of good quality. Third, export the reconstructed model to a 3D printer to obtain a proper 3D print of the model.","['Saed Khawaldeh', 'Tajwar Abrar Aleef', 'Usama Pervaiz', 'Vu Hoang Minh', 'Yeman Brhane Hagos']",2017-09-03T13:40:23Z,http://arxiv.org/abs/1709.02247v1,['cs.CV'],"3D reconstruction,computer vision,low cost,3D scanning system,turntable,point cloud data,mesh,graphical user interface,3D printer"
"Augmented Reality Applied to LEGO Construction: AR-based Building
  Instructions with High Accuracy & Precision and Realistic Object-Hand
  Occlusions","BRICKxAR is a novel Augmented Reality (AR) instruction method for construction toys such as LEGO. With BRICKxAR, physical LEGO construction is guided by virtual bricks. Compared with the state-of-the-art, accuracy of the virtual - physical model alignment is significantly improved through a new design of marker-based registration, which can achieve an average error less than 1mm throughout the model. Realistic object occlusion is accomplished to reveal the true spatial relationship between physical and virtual bricks. LEGO players' hand detection and occlusion are realized to visualize the correct spatial relationship between real hands and virtual bricks, and allow virtual bricks to be ""grasped"" by real hands. The integration of these features makes AR instructions possible for small-parts assembly, validated through a working AR prototype for constructing LEGO Arc de Triomphe, quantitative measures of the accuracies of registration and occlusions, and heuristic evaluation of AR instruction features.",['Wei Yan'],2019-07-29T17:44:14Z,http://arxiv.org/abs/1907.12549v4,"['cs.HC', 'cs.CY', 'H.5.1; J.6']","Augmented Reality,LEGO,Construction,AR-based,Building Instructions,Accuracy,Precision,Object-Hand Occlusions"
"Multimodal Sensor-Based Semantic 3D Mapping for a Large-Scale
  Environment","Semantic 3D mapping is one of the most important fields in robotics, and has been used in many applications, such as robot navigation, surveillance, and virtual reality. In general, semantic 3D mapping is mainly composed of 3D reconstruction and semantic segmentation. As these technologies evolve, there has been great progress in semantic 3D mapping in recent years. Furthermore, the number of robotic applications requiring semantic information in 3D mapping to perform high-level tasks has increased, and many studies on semantic 3D mapping have been published. Existing methods use a camera for both 3D reconstruction and semantic segmentation. However, this is not suitable for large-scale environments and has the disadvantage of high computational complexity. To address this problem, we propose a multimodal sensor-based semantic 3D mapping system using a 3D Lidar combined with a camera. In this study, we build a 3D map by estimating odometry based on a global positioning system (GPS) and an inertial measurement unit (IMU), and use the latest 2D convolutional neural network (CNN) for semantic segmentation. To build a semantic 3D map, we integrate the 3D map with semantic information by using coordinate transformation and Bayes' update scheme. In order to improve the semantic 3D map, we propose a 3D refinement process to correct wrongly segmented voxels and remove traces of moving vehicles in the 3D map. Through experiments on challenging sequences, we demonstrate that our method outperforms state-of-the-art methods in terms of accuracy and intersection over union (IoU). Thus, our method can be used for various applications that require semantic information in 3D map.","['Jongmin Jeong', 'Tae Sung Yoon', 'Jin Bae Park']",2018-02-28T06:02:55Z,http://arxiv.org/abs/1802.10271v1,['cs.RO'],"Semantic mapping,3D reconstruction,Semantic segmentation,Multimodal sensor,Lidar,Convolutional neural network (CNN),Global positioning system (GPS),Inertial measurement unit (IMU),Bayes' update scheme,Intersection over union (IoU)"
"Shape-from-Mask: A Deep Learning Based Human Body Shape Reconstruction
  from Binary Mask Images","3D content creation is referred to as one of the most fundamental tasks of computer graphics. And many 3D modeling algorithms from 2D images or curves have been developed over the past several decades. Designers are allowed to align some conceptual images or sketch some suggestive curves, from front, side, and top views, and then use them as references in constructing a 3D model automatically or manually. However, to the best of our knowledge, no studies have investigated on 3D human body reconstruction in a similar manner. In this paper, we propose a deep learning based reconstruction of 3D human body shape from 2D orthographic views. A novel CNN-based regression network, with two branches corresponding to frontal and lateral views respectively, is designed for estimating 3D human body shape from 2D mask images. We train our networks separately to decouple the feature descriptors which encode the body parameters from different views, and fuse them to estimate an accurate human body shape. In addition, to overcome the shortage of training data required for this purpose, we propose some significantly data augmentation schemes for 3D human body shapes, which can be used to promote further research on this topic. Extensive experimen- tal results demonstrate that visually realistic and accurate reconstructions can be achieved effectively using our algorithm. Requiring only binary mask images, our method can help users create their own digital avatars quickly, and also make it easy to create digital human body for 3D game, virtual reality, online fashion shopping.","['Zhongping Ji', 'Xiao Qi', 'Yigang Wang', 'Gang Xu', 'Peng Du', 'Qing Wu']",2018-06-22T04:00:37Z,http://arxiv.org/abs/1806.08485v1,"['cs.GR', 'cs.CV']","Deep learning,Human body shape reconstruction,Binary mask images,3D modeling,CNN-based regression network,Data augmentation,3D content creation,Computer graphics,Digital avatars,Virtual reality."
"Scenior: An Immersive Visual Scripting system based on VR Software
  Design Patterns for Experiential Training","Virtual reality (VR) has re-emerged as a low-cost, highly accessible consumer product, and training on simulators is rapidly becoming standard in many industrial sectors. However, the available systems are either focusing on gaming context, featuring limited capabilities or they support only content creation of virtual environments without any rapid prototyping and modification. In this project, we propose a code-free, visual scripting platform to replicate gamified training scenarios through rapid prototyping and VR software design patterns. We implemented and compared two authoring tools: a) visual scripting and b) VR editor for the rapid reconstruction of VR training scenarios. Our visual scripting module is capable to generate training applications utilizing a node-based scripting system whereas the VR editor gives user/developer the ability to customize and populate new VR training scenarios directly from the virtual environment. We also introduce action prototypes, a new software design pattern suitable to replicate behavioral tasks for VR experiences. In addition, we present the training scenegraph architecture as the main model to represent training scenarios on a modular, dynamic and highly adaptive acyclic graph based on a structured educational curriculum. Finally, a user-based evaluation of the proposed solution indicated that users - regardless of their programming expertise - can effectively use the tools to create and modify training scenarios in VR.","['Paul Zikas', 'George Papagiannakis', 'Nick Lydatakis', 'Steve Kateros', 'Stavroula Ntoa', 'Ilia Adami', 'Constantine Stephanidis']",2019-09-12T14:37:13Z,http://arxiv.org/abs/1909.05719v2,"['cs.GR', 'cs.HC', '97B70, 97P10,', 'K.3.1; I.3.6; D.1.7']","immersive visual scripting,VR software,design patterns,experiential training,rapid prototyping,authoring tools,gamified training scenarios,node-based scripting,VR editor,training scenegraph architecture"
Attention-based 3D Object Reconstruction from a Single Image,"Recently, learning-based approaches for 3D reconstruction from 2D images have gained popularity due to its modern applications, e.g., 3D printers, autonomous robots, self-driving cars, virtual reality, and augmented reality. The computer vision community has applied a great effort in developing functions to reconstruct the full 3D geometry of objects and scenes. However, to extract image features, they rely on convolutional neural networks, which are ineffective in capturing long-range dependencies. In this paper, we propose to substantially improve Occupancy Networks, a state-of-the-art method for 3D object reconstruction. For such we apply the concept of self-attention within the network's encoder in order to leverage complementary input features rather than those based on local regions, helping the encoder to extract global information. With our approach, we were capable of improving the original work in 5.05% of mesh IoU, 0.83% of Normal Consistency, and more than 10X the Chamfer-L1 distance. We also perform a qualitative study that shows that our approach was able to generate much more consistent meshes, confirming its increased generalization power over the current state-of-the-art.","['Andrey Salvi', 'Nathan Gavenski', 'Eduardo Pooch', 'Felipe Tasoniero', 'Rodrigo Barros']",2020-08-11T14:51:18Z,http://arxiv.org/abs/2008.04738v1,['cs.CV'],"3D reconstruction,attention-based,single image,convolutional neural networks,Occupancy Networks,self-attention,global information,mesh IoU,Normal Consistency,Chamfer-L1 distance"
E3D: Event-Based 3D Shape Reconstruction,"3D shape reconstruction is a primary component of augmented/virtual reality. Despite being highly advanced, existing solutions based on RGB, RGB-D and Lidar sensors are power and data intensive, which introduces challenges for deployment in edge devices. We approach 3D reconstruction with an event camera, a sensor with significantly lower power, latency and data expense while enabling high dynamic range. While previous event-based 3D reconstruction methods are primarily based on stereo vision, we cast the problem as multi-view shape from silhouette using a monocular event camera. The output from a moving event camera is a sparse point set of space-time gradients, largely sketching scene/object edges and contours. We first introduce an event-to-silhouette (E2S) neural network module to transform a stack of event frames to the corresponding silhouettes, with additional neural branches for camera pose regression. Second, we introduce E3D, which employs a 3D differentiable renderer (PyTorch3D) to enforce cross-view 3D mesh consistency and fine-tune the E2S and pose network. Lastly, we introduce a 3D-to-events simulation pipeline and apply it to publicly available object datasets and generate synthetic event/silhouette training pairs for supervised learning.","['Alexis Baudron', 'Zihao W. Wang', 'Oliver Cossairt', 'Aggelos K. Katsaggelos']",2020-12-09T18:23:21Z,http://arxiv.org/abs/2012.05214v2,['cs.CV'],"3D shape reconstruction,event camera,RGB-D,Lidar sensors,stereo vision,neural network,3D differentiable renderer,PyTorch3D,supervised learning"
"Millimeter Wave MIMO based Depth Maps for Wireless Virtual and Augmented
  Reality","Augmented and virtual reality systems (AR/VR) are rapidly becoming key components of the wireless landscape. For immersive AR/VR experience, these devices should be able to construct accurate depth perception of the surrounding environment. Current AR/VR devices rely heavily on using RGB-D depth cameras to achieve this goal. The performance of these depth cameras, however, has clear limitations in several scenarios, such as the cases with shiny objects, dark surfaces, and abrupt color transition among other limitations. In this paper, we propose a novel solution for AR/VR depth map construction using mmWave MIMO communication transceivers. This is motivated by the deployment of advanced mmWave communication systems in future AR/VR devices for meeting the high data rate demands and by the interesting propagation characteristics of mmWave signals. Accounting for the constraints on these systems, we develop a comprehensive framework for constructing accurate and high-resolution depth maps using mmWave systems. In this framework, we developed new sensing beamforming codebook approaches that are specific for the depth map construction objective. Using these codebooks, and leveraging tools from successive interference cancellation, we develop a joint beam processing approach that can construct high-resolution depth maps using practical mmWave antenna arrays. Extensive simulation results highlight the potential of the proposed solution in building accurate depth maps. Further, these simulations show the promising gains of mmWave based depth perception compared to RGB-based approaches in several important use cases.","['Abdelrahman Taha', 'Qi Qu', 'Sam Alex', 'Ping Wang', 'William L. Abbott', 'Ahmed Alkhateeb']",2021-02-11T18:57:58Z,http://arxiv.org/abs/2102.06198v2,"['eess.SP', 'cs.IT', 'math.IT']","millimeter wave,MIMO,depth maps,wireless,virtual reality,augmented reality,mmWave communication,beamforming,interference cancellation,antenna arrays"
Object Wake-up: 3D Object Rigging from a Single Image,"Given a single image of a general object such as a chair, could we also restore its articulated 3D shape similar to human modeling, so as to animate its plausible articulations and diverse motions? This is an interesting new question that may have numerous downstream augmented reality and virtual reality applications. Comparing with previous efforts on object manipulation, our work goes beyond 2D manipulation and rigid deformation, and involves articulated manipulation. To achieve this goal, we propose an automated approach to build such 3D generic objects from single images and embed articulated skeletons in them. Specifically, our framework starts by reconstructing the 3D object from an input image. Afterwards, to extract skeletons for generic 3D objects, we develop a novel skeleton prediction method with a multi-head structure for skeleton probability field estimation by utilizing the deep implicit functions. A dataset of generic 3D objects with ground-truth annotated skeletons is collected. Empirically our approach is demonstrated with satisfactory performance on public datasets as well as our in-house dataset; our results surpass those of the state-of-the-arts by a noticeable margin on both 3D reconstruction and skeleton prediction.","['Ji Yang', 'Xinxin Zuo', 'Sen Wang', 'Zhenbo Yu', 'Xingyu Li', 'Bingbing Ni', 'Minglun Gong', 'Li Cheng']",2021-08-05T16:20:12Z,http://arxiv.org/abs/2108.02708v3,['cs.CV'],"Object wake-up,3D object rigging,single image,articulated 3D shape,object manipulation,rigid deformation,articulated manipulation,automated approach,generic objects,articulated skeletons,skeleton prediction,deep implicit functions,dataset,ground-truth,3D reconstruction."
Metameric Varifocal Holography,"Computer-Generated Holography (CGH) offers the potential for genuine, high-quality three-dimensional visuals. However, fulfilling this potential remains a practical challenge due to computational complexity and visual quality issues. We propose a new CGH method that exploits gaze-contingency and perceptual graphics to accelerate the development of practical holographic display systems. Firstly, our method infers the user's focal depth and generates images only at their focus plane without using any moving parts. Second, the images displayed are metamers; in the user's peripheral vision, they need only be statistically correct and blend with the fovea seamlessly. Unlike previous methods, our method prioritises and improves foveal visual quality without causing perceptually visible distortions at the periphery. To enable our method, we introduce a novel metameric loss function that robustly compares the statistics of two given images for a known gaze location. In parallel, we implement a model representing the relation between holograms and their image reconstructions. We couple our differentiable loss function and model to metameric varifocal holograms using a stochastic gradient descent solver. We evaluate our method with an actual proof-of-concept holographic display, and we show that our CGH method leads to practical and perceptually three-dimensional image reconstructions.","['David R. Walton', 'Koray Kavaklı', 'Rafael Kuffner dos Anjos', 'David Swapp', 'Tim Weyrich', 'Hakan Urey', 'Anthony Steed', 'Tobias Ritschel', 'Kaan Akşit']",2021-10-05T12:20:21Z,http://arxiv.org/abs/2110.01981v2,"['cs.GR', 'physics.optics']","Metameric Varifocal Holography,Computer-Generated Holography,CGH method,Gaze-contingency,Perceptual graphics,Focal depth,Metamers,Foveal visual quality,Metameric loss function,Holographic display systems"
"Large-Scale 3D Semantic Reconstruction for Automated Driving Vehicles
  with Adaptive Truncated Signed Distance Function","The Large-scale 3D reconstruction, texturing and semantic mapping are nowadays widely used for automated driving vehicles, virtual reality and automatic data generation. However, most approaches are developed for RGB-D cameras with colored dense point clouds and not suitable for large-scale outdoor environments using sparse LiDAR point clouds. Since a 3D surface can be usually observed from multiple camera images with different view poses, an optimal image patch selection for the texturing and an optimal semantic class estimation for the semantic mapping are still challenging.   To address these problems, we propose a novel 3D reconstruction, texturing and semantic mapping system using LiDAR and camera sensors. An Adaptive Truncated Signed Distance Function is introduced to describe surfaces implicitly, which can deal with different LiDAR point sparsities and improve model quality. The from this implicit function extracted triangle mesh map is then textured from a series of registered camera images by applying an optimal image patch selection strategy. Besides that, a Markov Random Field-based data fusion approach is proposed to estimate the optimal semantic class for each triangle mesh. Our approach is evaluated on a synthetic dataset, the KITTI dataset and a dataset recorded with our experimental vehicle. The results show that the 3D models generated using our approach are more accurate in comparison to using other state-of-the-art approaches. The texturing and semantic mapping achieve also very promising results.","['Haohao Hu', 'Hexing Yang', 'Jian Wu', 'Xiao Lei', 'Frank Bieder', 'Jan-Hendrik Pauls', 'Christoph Stiller']",2022-02-28T15:11:25Z,http://arxiv.org/abs/2202.13855v1,['cs.CV'],"Large-scale 3D reconstruction,Semantic mapping,Automated driving vehicles,LiDAR point clouds,Truncated Signed Distance Function,Texturing,Camera sensors,Image patch selection,Semantic class estimation"
"Collaborative Learning for Hand and Object Reconstruction with
  Attention-guided Graph Convolution","Estimating the pose and shape of hands and objects under interaction finds numerous applications including augmented and virtual reality. Existing approaches for hand and object reconstruction require explicitly defined physical constraints and known objects, which limits its application domains. Our algorithm is agnostic to object models, and it learns the physical rules governing hand-object interaction. This requires automatically inferring the shapes and physical interaction of hands and (potentially unknown) objects. We seek to approach this challenging problem by proposing a collaborative learning strategy where two-branches of deep networks are learning from each other. Specifically, we transfer hand mesh information to the object branch and vice versa for the hand branch. The resulting optimisation (training) problem can be unstable, and we address this via two strategies: (i) attention-guided graph convolution which helps identify and focus on mutual occlusion and (ii) unsupervised associative loss which facilitates the transfer of information between the branches. Experiments using four widely-used benchmarks show that our framework achieves beyond state-of-the-art accuracy in 3D pose estimation, as well as recovers dense 3D hand and object shapes. Each technical component above contributes meaningfully in the ablation study.","['Tze Ho Elden Tse', 'Kwang In Kim', 'Ales Leonardis', 'Hyung Jin Chang']",2022-04-27T17:00:54Z,http://arxiv.org/abs/2204.13062v1,['cs.CV'],"Collaborative Learning,Hand Reconstruction,Object Reconstruction,Attention-guided Graph Convolution,Deep Networks,Hand Mesh,Optimization,Graph Convolution,3D Pose Estimation,Ablation Study"
Volumetric Disentanglement for 3D Scene Manipulation,"Recently, advances in differential volumetric rendering enabled significant breakthroughs in the photo-realistic and fine-detailed reconstruction of complex 3D scenes, which is key for many virtual reality applications. However, in the context of augmented reality, one may also wish to effect semantic manipulations or augmentations of objects within a scene. To this end, we propose a volumetric framework for (i) disentangling or separating, the volumetric representation of a given foreground object from the background, and (ii) semantically manipulating the foreground object, as well as the background. Our framework takes as input a set of 2D masks specifying the desired foreground object for training views, together with the associated 2D views and poses, and produces a foreground-background disentanglement that respects the surrounding illumination, reflections, and partial occlusions, which can be applied to both training and novel views. Our method enables the separate control of pixel color and depth as well as 3D similarity transformations of both the foreground and background objects. We subsequently demonstrate the applicability of our framework on a number of downstream manipulation tasks including object camouflage, non-negative 3D object inpainting, 3D object translation, 3D object inpainting, and 3D text-based object manipulation. Full results are given in our project webpage at https://sagiebenaim.github.io/volumetric-disentanglement/","['Sagie Benaim', 'Frederik Warburg', 'Peter Ebert Christensen', 'Serge Belongie']",2022-06-06T17:57:07Z,http://arxiv.org/abs/2206.02776v1,['cs.CV'],"volumetric rendering,3D scene manipulation,semantic manipulations,foreground object,background,2D masks,pixel color,depth,3D object inpainting,3D object translation"
"Immersive and Interactive Visualization of 3D Spatio-Temporal Data using
  a Space Time Hypercube","We propose an extension of the well-known Space-Time Cube (STC) visualization technique in order to visualize time-varying 3D spatial data, taking advantage of the interaction capabilities of Virtual Reality (VR). The analysis of multidimensional time-varying datasets, which size grows as recording and simulating techniques advance, faces challenges on the representation and visualization of dense data, as well as on the study of temporal variations. First, we propose the Space-Time Hypercube (STH) as an abstraction for 3D temporal data, extended from the STC concept. Second, through the example of embryo development imaging dataset, we detail the construction and visualization of a STC based on a user-driven projection of the spatial and temporal information. This projection yields a 3D STC visualization, which can also encode additional numerical and categorical data. Additionally, we propose a set of tools allowing the user to filter and manipulate the 3D STC which benefits from the visualization, exploration and interaction possibilities offered by VR. Finally, we evaluated the proposed visualization method in the context of the visualization of spatio-temporal biological data. Several biology experts accompanied the application design to provide insight on how the STC visualization could be used to explore such data. We report a user study (n=12) using non-expert users performing a set of exploration and query tasks to evaluate the system.","['Gwendal Fouché', 'Ferran Argelaguet', 'Emmanuel Faure', 'Charles Kervrann']",2022-06-27T12:01:17Z,http://arxiv.org/abs/2206.13213v1,"['cs.HC', 'cs.GR']","Immersive visualization,Interactive visualization,3D data,Spatio-temporal data,Space Time Hypercube,Virtual Reality,Visualization technique,Time-varying datasets,Multidimensional data,Embryo development."
FoVolNet: Fast Volume Rendering using Foveated Deep Neural Networks,"Volume data is found in many important scientific and engineering applications. Rendering this data for visualization at high quality and interactive rates for demanding applications such as virtual reality is still not easily achievable even using professional-grade hardware. We introduce FoVolNet -- a method to significantly increase the performance of volume data visualization. We develop a cost-effective foveated rendering pipeline that sparsely samples a volume around a focal point and reconstructs the full-frame using a deep neural network. Foveated rendering is a technique that prioritizes rendering computations around the user's focal point. This approach leverages properties of the human visual system, thereby saving computational resources when rendering data in the periphery of the user's field of vision. Our reconstruction network combines direct and kernel prediction methods to produce fast, stable, and perceptually convincing output. With a slim design and the use of quantization, our method outperforms state-of-the-art neural reconstruction techniques in both end-to-end frame times and visual quality. We conduct extensive evaluations of the system's rendering performance, inference speed, and perceptual properties, and we provide comparisons to competing neural image reconstruction techniques. Our test results show that FoVolNet consistently achieves significant time saving over conventional rendering while preserving perceptual quality.","['David Bauer', 'Qi Wu', 'Kwan-Liu Ma']",2022-09-20T19:48:56Z,http://arxiv.org/abs/2209.09965v1,"['cs.GR', 'cs.LG']","Volume rendering,Foveated rendering,Deep neural network,Focal point,Computational resources,Perceptual quality,Quantization,Neural reconstruction,Inference speed,Visualization"
Realistic Hair Synthesis with Generative Adversarial Networks,"Recent successes in generative modeling have accelerated studies on this subject and attracted the attention of researchers. One of the most important methods used to achieve this success is Generative Adversarial Networks (GANs). It has many application areas such as; virtual reality (VR), augmented reality (AR), super resolution, image enhancement. Despite the recent advances in hair synthesis and style transfer using deep learning and generative modelling, due to the complex nature of hair still contains unsolved challenges. The methods proposed in the literature to solve this problem generally focus on making high-quality hair edits on images. In this thesis, a generative adversarial network method is proposed to solve the hair synthesis problem. While developing this method, it is aimed to achieve real-time hair synthesis while achieving visual outputs that compete with the best methods in the literature. The proposed method was trained with the FFHQ dataset and then its results in hair style transfer and hair reconstruction tasks were evaluated. The results obtained in these tasks and the operating time of the method were compared with MichiGAN, one of the best methods in the literature. The comparison was made at a resolution of 128x128. As a result of the comparison, it has been shown that the proposed method achieves competitive results with MichiGAN in terms of realistic hair synthesis, and performs better in terms of operating time.","['Muhammed Pektas', 'Aybars Ugur']",2022-09-13T11:48:26Z,http://arxiv.org/abs/2209.12875v1,"['cs.GR', 'cs.CV']","Generative Adversarial Networks,Hair Synthesis,Deep Learning,Generative Modelling,Real-time,Style Transfer,Image Enhancement,Resolution,FFHQ Dataset,MichiGAN"
"Towards a Pipeline for Real-Time Visualization of Faces for VR-based
  Telepresence and Live Broadcasting Utilizing Neural Rendering","While head-mounted displays (HMDs) for Virtual Reality (VR) have become widely available in the consumer market, they pose a considerable obstacle for a realistic face-to-face conversation in VR since HMDs hide a significant portion of the participants faces. Even with image streams from cameras directly attached to an HMD, stitching together a convincing image of an entire face remains a challenging task because of extreme capture angles and strong lens distortions due to a wide field of view. Compared to the long line of research in VR, reconstruction of faces hidden beneath an HMD is a very recent topic of research. While the current state-of-the-art solutions demonstrate photo-realistic 3D reconstruction results, they require high-cost laboratory equipment and large computational costs. We present an approach that focuses on low-cost hardware and can be used on a commodity gaming computer with a single GPU. We leverage the benefits of an end-to-end pipeline by means of Generative Adversarial Networks (GAN). Our GAN produces a frontal-facing 2.5D point cloud based on a training dataset captured with an RGBD camera. In our approach, the training process is offline, while the reconstruction runs in real-time. Our results show adequate reconstruction quality within the 'learned' expressions. Expressions not learned by the network produce artifacts and can trigger the Uncanny Valley effect.","['Philipp Ladwig', 'Rene Ebertowski', 'Alexander Pech', 'Ralf Dörner', 'Christian Geiger']",2023-01-04T08:49:51Z,http://arxiv.org/abs/2301.01490v1,['cs.CV'],"Real-Time Visualization,Faces,VR,Telepresence,Neural Rendering,Head-Mounted Displays,Image Streams,Cameras,Lens Distortions,Generative Adversarial Networks"
"GP-PCS: One-shot Feature-Preserving Point Cloud Simplification with
  Gaussian Processes on Riemannian Manifolds","The processing, storage and transmission of large-scale point clouds is an ongoing challenge in the computer vision community which hinders progress in the application of 3D models to real-world settings, such as autonomous driving, virtual reality and remote sensing. We propose a novel, one-shot point cloud simplification method which preserves both the salient structural features and the overall shape of a point cloud without any prior surface reconstruction step. Our method employs Gaussian processes suitable for functions defined on Riemannian manifolds, allowing us to model the surface variation function across any given point cloud. A simplified version of the original cloud is obtained by sequentially selecting points using a greedy sparsification scheme. The selection criterion used for this scheme ensures that the simplified cloud best represents the surface variation of the original point cloud. We evaluate our method on several benchmark and self-acquired point clouds, compare it to a range of existing methods, demonstrate its application in downstream tasks of registration and surface reconstruction, and show that our method is competitive both in terms of empirical performance and computational efficiency.","['Stuti Pathak', 'Thomas M. McDonald', 'Seppe Sels', 'Rudi Penne']",2023-03-27T14:05:34Z,http://arxiv.org/abs/2303.15225v3,['cs.CV'],"point cloud,simplification,Gaussian processes,Riemannian manifolds,surface variation,sparsification,registration,surface reconstruction,computational efficiency"
"Instant-3D: Instant Neural Radiance Field Training Towards On-Device
  AR/VR 3D Reconstruction","Neural Radiance Field (NeRF) based 3D reconstruction is highly desirable for immersive Augmented and Virtual Reality (AR/VR) applications, but achieving instant (i.e., < 5 seconds) on-device NeRF training remains a challenge. In this work, we first identify the inefficiency bottleneck: the need to interpolate NeRF embeddings up to 200,000 times from a 3D embedding grid during each training iteration. To alleviate this, we propose Instant-3D, an algorithm-hardware co-design acceleration framework that achieves instant on-device NeRF training. Our algorithm decomposes the embedding grid representation in terms of color and density, enabling computational redundancy to be squeezed out by adopting different (1) grid sizes and (2) update frequencies for the color and density branches. Our hardware accelerator further reduces the dominant memory accesses for embedding grid interpolation by (1) mapping multiple nearby points' memory read requests into one during the feed-forward process, (2) merging embedding grid updates from the same sliding time window during back-propagation, and (3) fusing different computation cores to support the different grid sizes needed by the color and density branches of Instant-3D algorithm. Extensive experiments validate the effectiveness of Instant-3D, achieving a large training time reduction of 41x - 248x while maintaining the same reconstruction quality. Excitingly, Instant-3D has enabled instant 3D reconstruction for AR/VR, requiring a reconstruction time of only 1.6 seconds per scene and meeting the AR/VR power consumption constraint of 1.9 W.","['Sixu Li', 'Chaojian Li', 'Wenbo Zhu', 'Boyang', 'Yu', 'Yang', 'Zhao', 'Cheng Wan', 'Haoran You', 'Huihong Shi', 'Yingyan', 'Lin']",2023-04-24T21:53:58Z,http://arxiv.org/abs/2304.12467v2,['cs.AR'],"Neural Radiance Field,3D reconstruction,On-Device,AR/VR,Training,Embedding grid,Acceleration framework,Memory accesses,Computation cores"
"Learning from demonstrations: An intuitive VR environment for imitation
  learning of construction robots","Construction robots are challenging the traditional paradigm of labor intensive and repetitive construction tasks. Present concerns regarding construction robots are focused on their abilities in performing complex tasks consisting of several subtasks and their adaptability to work in unstructured and dynamic construction environments. Imitation learning (IL) has shown advantages in training a robot to imitate expert actions in complex tasks and the policy thereafter generated by reinforcement learning (RL) is more adaptive in comparison with pre-programmed robots. In this paper, we proposed a framework composed of two modules for imitation learning of construction robots. The first module provides an intuitive expert demonstration collection Virtual Reality (VR) platform where a robot will automatically follow the position, rotation, and actions of the expert's hand in real-time, instead of requiring an expert to control the robot via controllers. The second module provides a template for imitation learning using observations and actions recorded in the first module. In the second module, Behavior Cloning (BC) is utilized for pre-training, Generative Adversarial Imitation Learning (GAIL) and Proximal Policy Optimization (PPO) are combined to achieve a trade-off between the strength of imitation vs. exploration. Results show that imitation learning, especially when combined with PPO, could significantly accelerate training in limited training steps and improve policy performance.","['Kangkang Duan', 'Zhengbo Zou']",2023-05-23T23:46:57Z,http://arxiv.org/abs/2305.14584v1,['cs.RO'],"Construction robots,Imitation learning,Virtual Reality (VR),Expert demonstration,Reinforcement learning (RL),Behavior Cloning (BC),Generative Adversarial Imitation Learning (GAIL),Proximal Policy Optimization (PPO),Training,Policy performance."
Enhance-NeRF: Multiple Performance Evaluation for Neural Radiance Fields,"The quality of three-dimensional reconstruction is a key factor affecting the effectiveness of its application in areas such as virtual reality (VR) and augmented reality (AR) technologies. Neural Radiance Fields (NeRF) can generate realistic images from any viewpoint. It simultaneously reconstructs the shape, lighting, and materials of objects, and without surface defects, which breaks down the barrier between virtuality and reality. The potential spatial correspondences displayed by NeRF between reconstructed scenes and real-world scenes offer a wide range of practical applications possibilities. Despite significant progress in 3D reconstruction since NeRF were introduced, there remains considerable room for exploration and experimentation. NeRF-based models are susceptible to interference issues caused by colored ""fog"" noise. Additionally, they frequently encounter instabilities and failures while attempting to reconstruct unbounded scenes. Moreover, the model takes a significant amount of time to converge, making it even more challenging to use in such scenarios. Our approach, coined Enhance-NeRF, which adopts joint color to balance low and high reflectivity objects display, utilizes a decoding architecture with prior knowledge to improve recognition, and employs multi-layer performance evaluation mechanisms to enhance learning capacity. It achieves reconstruction of outdoor scenes within one hour under single-card condition. Based on experimental results, Enhance-NeRF partially enhances fitness capability and provides some support to outdoor scene reconstruction. The Enhance-NeRF method can be used as a plug-and-play component, making it easy to integrate with other NeRF-based models. The code is available at: https://github.com/TANQIanQ/Enhance-NeRF","['Qianqiu Tan', 'Tao Liu', 'Yinling Xie', 'Shuwan Yu', 'Baohua Zhang']",2023-06-08T15:49:30Z,http://arxiv.org/abs/2306.05303v1,['cs.CV'],"Neural Radiance Fields,3D reconstruction,virtual reality,augmented reality,color balance,decoding architecture,performance evaluation,recognition,outdoor scenes,plug-and-play"
"Supporting Construction and Architectural Visualization through BIM and
  AR/VR: A Systematic Literature Review","The Architecture, Engineering, Construction, and Facility Management (AEC/FM) industry deals with the design, construction, and operation of complex buildings. Today, Building Information Modeling (BIM) is used to represent information about a building in a single, non-redundant representation. Here, Augmented Reality (AR) and Virtual Reality (VR) can improve the visualization and interaction with the resulting model by augmenting the real world with information from the BIM model or allowing a user to immerse in a virtual world generated from the BIM model. This can improve the design, construction, and operation of buildings. While an increasing number of studies in HCI, construction, or engineering have shown the potential of using AR and VR technology together with BIM, often research remains focused on individual explorations and key design strategies. In addition to that, a systematic overview and discussion of recent works combining AR/VR with BIM are not yet fully covered. Therefore, this paper systematically reviews recent approaches combining AR/VR with BIM and categorizes the literature by the building's lifecycle phase while systematically describing relevant use cases. In total, 32 out of 447 papers between 2017 and 2022 were categorized. The categorization shows that most approaches focus on the construction phase and the use case of review and quality assurance. In the design phase, most approaches use VR, while in the construction and operation phases, AR is prevalent.","['Enes Yigitbas', 'Alexander Nowosad', 'Gregor Engels']",2023-06-21T13:52:37Z,http://arxiv.org/abs/2306.12274v1,['cs.HC'],"Construction,Architectural Visualization,BIM,AR,VR,Building Information Modeling,Augmented Reality,Virtual Reality,HCI,Facility Management"
"PaRUS: A Virtual Reality Shopping Method Focusing on Context between
  Products and Real Usage Scenes","The development of AR and VR technologies is enhancing users' online shopping experiences in various ways. However, in existing VR shopping applications, shopping contexts merely refer to the products and virtual malls or metaphorical scenes where users select products. This leads to the defect that users can only imagine rather than intuitively feel whether the selected products are suitable for their real usage scenes, resulting in a significant discrepancy between their expectations before and after the purchase. To address this issue, we propose PaRUS, a VR shopping approach that focuses on the context between products and their real usage scenes. PaRUS begins by rebuilding the virtual scenario of the products' real usage scene through a new semantic scene reconstruction pipeline, which preserves both the structured scene and textured object models in the scene. Afterwards, intuitive visualization of how the selected products fit the reconstructed virtual scene is provided. We conducted two user studies to evaluate how PaRUS impacts user experience, behavior, and satisfaction with their purchase. The results indicated that PaRUS significantly reduced the perceived performance risk and improved users' trust and satisfaction with their purchase results.","['Weitao You', 'Yinyu Lu', 'Ziqing Zheng', 'Yizhan Shao', 'Changyuan Yang', 'Zhibin Zhou', 'Lingyun Sun']",2023-06-25T11:19:46Z,http://arxiv.org/abs/2306.14208v2,['cs.HC'],"Virtual reality,Shopping,Context,Products,Real usage scenes,AR,VR technologies,User experience,Semantic scene reconstruction,User studies"
"Utilizing Task-Generic Motion Prior to Recover Full-Body Motion from
  Very Sparse Signals","The most popular type of devices used to track a user's posture in a virtual reality experience consists of a head-mounted display and two controllers held in both hands. However, due to the limited number of tracking sensors (three in total), faithfully recovering the user in full-body is challenging, limiting the potential for interactions among simulated user avatars within the virtual world. Therefore, recent studies have attempted to reconstruct full-body poses using neural networks that utilize previously learned human poses or accept a series of past poses over a short period. In this paper, we propose a method that utilizes information from a neural motion prior to improve the accuracy of reconstructed user's motions. Our approach aims to reconstruct user's full-body poses by predicting the latent representation of the user's overall motion from limited input signals and integrating this information with tracking sensor inputs. This is based on the premise that the ultimate goal of pose reconstruction is to reconstruct the motion, which is a series of poses. Our results show that this integration enables more accurate reconstruction of the user's full-body motion, particularly enhancing the robustness of lower body motion reconstruction from impoverished signals. Web: https://https://mjsh34.github.io/mp-sspe/","['Myungjin Shin', 'Dohae Lee', 'In-Kwon Lee']",2023-08-30T08:21:52Z,http://arxiv.org/abs/2308.15839v1,['cs.CV'],"motion prior,full-body motion,sparse signals,tracking sensors,neural networks,human poses,pose reconstruction,latent representation,user's motions,lower body motion"
Digital Twin System for Home Service Robot Based on Motion Simulation,"In order to improve the task execution capability of home service robot, and to cope with the problem that purely physical robot platforms cannot sense the environment and make decisions online, a method for building digital twin system for home service robot based on motion simulation is proposed. A reliable mapping of the home service robot and its working environment from physical space to digital space is achieved in three dimensions: geometric, physical and functional. In this system, a digital space-oriented URDF file parser is designed and implemented for the automatic construction of the robot geometric model. Next, the physical model is constructed from the kinematic equations of the robot and an improved particle swarm optimization algorithm is proposed for the inverse kinematic solution. In addition, to adapt to the home environment, functional attributes are used to describe household objects, thus improving the semantic description of the digital space for the real home environment. Finally, through geometric model consistency verification, physical model validity verification and virtual-reality consistency verification, it shows that the digital twin system designed in this paper can construct the robot geometric model accurately and completely, complete the operation of household objects successfully, and the digital twin system is effective and practical.","['Zhengsong Jiang', 'Guohui Tian', 'Yongcheng Cui', 'Tiantian Liu', 'Yu Gu', 'Yifei Wang']",2023-09-12T06:48:30Z,http://arxiv.org/abs/2309.05993v1,['cs.RO'],"digital twin system,home service robot,motion simulation,URDF file parser,kinematic equations,particle swarm optimization algorithm,inverse kinematic solution,geometric model,physical model,virtual-reality consistency"
VR-NeRF: High-Fidelity Virtualized Walkable Spaces,"We present an end-to-end system for the high-fidelity capture, model reconstruction, and real-time rendering of walkable spaces in virtual reality using neural radiance fields. To this end, we designed and built a custom multi-camera rig to densely capture walkable spaces in high fidelity and with multi-view high dynamic range images in unprecedented quality and density. We extend instant neural graphics primitives with a novel perceptual color space for learning accurate HDR appearance, and an efficient mip-mapping mechanism for level-of-detail rendering with anti-aliasing, while carefully optimizing the trade-off between quality and speed. Our multi-GPU renderer enables high-fidelity volume rendering of our neural radiance field model at the full VR resolution of dual 2K$\times$2K at 36 Hz on our custom demo machine. We demonstrate the quality of our results on our challenging high-fidelity datasets, and compare our method and datasets to existing baselines. We release our dataset on our project website.","['Linning Xu', 'Vasu Agrawal', 'William Laney', 'Tony Garcia', 'Aayush Bansal', 'Changil Kim', 'Samuel Rota Bulò', 'Lorenzo Porzi', 'Peter Kontschieder', 'Aljaž BožiāE, 'Dahua Lin', 'Michael Zollhöfer', 'Christian Richardt']",2023-11-05T02:03:14Z,http://arxiv.org/abs/2311.02542v1,"['cs.CV', 'cs.GR']","virtual reality,neural radiance fields,multi-camera rig,high dynamic range,neural graphics,HDR appearance,mip-mapping,level-of-detail rendering,anti-aliasing,multi-GPU renderer"
"3DFusion, A real-time 3D object reconstruction pipeline based on
  streamed instance segmented data","This paper presents a real-time segmentation and reconstruction system that utilizes RGB-D images to generate accurate and detailed individual 3D models of objects within a captured scene. Leveraging state-of-the-art instance segmentation techniques, the system performs pixel-level segmentation on RGB-D data, effectively separating foreground objects from the background. The segmented objects are then reconstructed into distinct 3D models in a high-performance computation platform. The real-time 3D modelling can be applied across various domains, including augmented/virtual reality, interior design, urban planning, road assistance, security systems, and more. To achieve real-time performance, the paper proposes a method that effectively samples consecutive frames to reduce network load while ensuring reconstruction quality. Additionally, a multi-process SLAM pipeline is adopted for parallel 3D reconstruction, enabling efficient cutting of the clustering objects into individuals. This system employs the industry-leading framework YOLO for instance segmentation. To improve YOLO's performance and accuracy, modifications were made to resolve duplicated or false detection of similar objects, ensuring the reconstructed models align with the targets. Overall, this work establishes a robust real-time system with a significant enhancement for object segmentation and reconstruction in the indoor environment. It can potentially be extended to the outdoor scenario, opening up numerous opportunities for real-world applications.","['Xi Sun', 'Derek Jacoby', 'Yvonne Coady']",2023-11-11T20:11:58Z,http://arxiv.org/abs/2311.06659v1,['cs.CV'],"3DFusion,real-time,3D object reconstruction,pipeline,streamed instance segmented data"
"EvaSurf: Efficient View-Aware Implicit Textured Surface Reconstruction
  on Mobile Devices","Reconstructing real-world 3D objects has numerous applications in computer vision, such as virtual reality, video games, and animations. Ideally, 3D reconstruction methods should generate high-fidelity results with 3D consistency in real-time. Traditional methods match pixels between images using photo-consistency constraints or learned features, while differentiable rendering methods like Neural Radiance Fields (NeRF) use differentiable volume rendering or surface-based representation to generate high-fidelity scenes. However, these methods require excessive runtime for rendering, making them impractical for daily applications. To address these challenges, we present $\textbf{EvaSurf}$, an $\textbf{E}$fficient $\textbf{V}$iew-$\textbf{A}$ware implicit textured $\textbf{Surf}$ace reconstruction method on mobile devices. In our method, we first employ an efficient surface-based model with a multi-view supervision module to ensure accurate mesh reconstruction. To enable high-fidelity rendering, we learn an implicit texture embedded with a set of Gaussian lobes to capture view-dependent information. Furthermore, with the explicit geometry and the implicit texture, we can employ a lightweight neural shader to reduce the expense of computation and further support real-time rendering on common mobile devices. Extensive experiments demonstrate that our method can reconstruct high-quality appearance and accurate mesh on both synthetic and real-world datasets. Moreover, our method can be trained in just 1-2 hours using a single GPU and run on mobile devices at over 40 FPS (Frames Per Second), with a final package required for rendering taking up only 40-50 MB.","['Jingnan Gao', 'Zhuo Chen', 'Yichao Yan', 'Bowen Pan', 'Zhe Wang', 'Jiangjing Lyu', 'Xiaokang Yang']",2023-11-16T11:30:56Z,http://arxiv.org/abs/2311.09806v2,['cs.CV'],"Efficient View-Aware,Implicit Textured Surface Reconstruction,3D reconstruction,Neural Radiance Fields,differentiable rendering methods,mobile devices,real-time rendering,neural shader,multi-view supervision"
"Implicit-explicit Integrated Representations for Multi-view Video
  Compression","With the increasing consumption of 3D displays and virtual reality, multi-view video has become a promising format. However, its high resolution and multi-camera shooting result in a substantial increase in data volume, making storage and transmission a challenging task. To tackle these difficulties, we propose an implicit-explicit integrated representation for multi-view video compression. Specifically, we first use the explicit representation-based 2D video codec to encode one of the source views. Subsequently, we propose employing the implicit neural representation (INR)-based codec to encode the remaining views. The implicit codec takes the time and view index of multi-view video as coordinate inputs and generates the corresponding implicit reconstruction frames.To enhance the compressibility, we introduce a multi-level feature grid embedding and a fully convolutional architecture into the implicit codec. These components facilitate coordinate-feature and feature-RGB mapping, respectively. To further enhance the reconstruction quality from the INR codec, we leverage the high-quality reconstructed frames from the explicit codec to achieve inter-view compensation. Finally, the compensated results are fused with the implicit reconstructions from the INR to obtain the final reconstructed frames. Our proposed framework combines the strengths of both implicit neural representation and explicit 2D codec. Extensive experiments conducted on public datasets demonstrate that the proposed framework can achieve comparable or even superior performance to the latest multi-view video compression standard MIV and other INR-based schemes in terms of view compression and scene modeling.","['Chen Zhu', 'Guo Lu', 'Bing He', 'Rong Xie', 'Li Song']",2023-11-29T04:15:57Z,http://arxiv.org/abs/2311.17350v1,"['cs.CV', 'cs.MM']","multi-view video,compression,implicit-explicit integrated representations,2D video codec,implicit neural representation,coordinate input,reconstruction frames,feature grid embedding,convolutional architecture,inter-view compensation."
A Survey on 3D Gaussian Splatting,"3D Gaussian splatting (GS) has recently emerged as a transformative technique in the realm of explicit radiance field and computer graphics. This innovative approach, characterized by the utilization of millions of learnable 3D Gaussians, represents a significant departure from mainstream neural radiance field approaches, which predominantly use implicit, coordinate-based models to map spatial coordinates to pixel values. 3D GS, with its explicit scene representation and differentiable rendering algorithm, not only promises real-time rendering capability but also introduces unprecedented levels of editability. This positions 3D GS as a potential game-changer for the next generation of 3D reconstruction and representation. In the present paper, we provide the first systematic overview of the recent developments and critical contributions in the domain of 3D GS. We begin with a detailed exploration of the underlying principles and the driving forces behind the emergence of 3D GS, laying the groundwork for understanding its significance. A focal point of our discussion is the practical applicability of 3D GS. By enabling unprecedented rendering speed, 3D GS opens up a plethora of applications, ranging from virtual reality to interactive media and beyond. This is complemented by a comparative analysis of leading 3D GS models, evaluated across various benchmark tasks to highlight their performance and practical utility. The survey concludes by identifying current challenges and suggesting potential avenues for future research in this domain. Through this survey, we aim to provide a valuable resource for both newcomers and seasoned researchers, fostering further exploration and advancement in applicable and explicit radiance field representation.","['Guikun Chen', 'Wenguan Wang']",2024-01-08T13:42:59Z,http://arxiv.org/abs/2401.03890v2,"['cs.CV', 'cs.AI', 'cs.GR', 'cs.MM']","3D Gaussian splatting,Radiance field,Computer graphics,Neural radiance field,Differentiable rendering algorithm,Real-time rendering,Editability,3D reconstruction,Rendering speed,Benchmark tasks"
"Full-Body Motion Reconstruction with Sparse Sensing from Graph
  Perspective","Estimating 3D full-body pose from sparse sensor data is a pivotal technique employed for the reconstruction of realistic human motions in Augmented Reality and Virtual Reality. However, translating sparse sensor signals into comprehensive human motion remains a challenge since the sparsely distributed sensors in common VR systems fail to capture the motion of full human body. In this paper, we use well-designed Body Pose Graph (BPG) to represent the human body and translate the challenge into a prediction problem of graph missing nodes. Then, we propose a novel full-body motion reconstruction framework based on BPG. To establish BPG, nodes are initially endowed with features extracted from sparse sensor signals. Features from identifiable joint nodes across diverse sensors are amalgamated and processed from both temporal and spatial perspectives. Temporal dynamics are captured using the Temporal Pyramid Structure, while spatial relations in joint movements inform the spatial attributes. The resultant features serve as the foundational elements of the BPG nodes. To further refine the BPG, node features are updated through a graph neural network that incorporates edge reflecting varying joint relations. Our method's effectiveness is evidenced by the attained state-of-the-art performance, particularly in lower body motion, outperforming other baseline methods. Additionally, an ablation study validates the efficacy of each module in our proposed framework.","['Feiyu Yao', 'Zongkai Wu', 'Li Yi']",2024-01-22T09:29:42Z,http://arxiv.org/abs/2401.11783v1,['cs.CV'],"full-body motion reconstruction,sparse sensing,graph perspective,body pose graph,prediction problem,temporal dynamics,spatial relations,graph neural network,lower body motion,ablation study"
"LIV-GaussMap: LiDAR-Inertial-Visual Fusion for Real-time 3D Radiance
  Field Map Rendering","We introduce an integrated precise LiDAR, Inertial, and Visual (LIV) multimodal sensor fused mapping system that builds on the differentiable \pre{surface splatting }\now{Gaussians} to improve the mapping fidelity, quality, and structural accuracy. Notably, this is also a novel form of tightly coupled map for LiDAR-visual-inertial sensor fusion.   This system leverages the complementary characteristics of LiDAR and visual data to capture the geometric structures of large-scale 3D scenes and restore their visual surface information with high fidelity. The initialization for the scene's surface Gaussians and the sensor's poses of each frame are obtained using a LiDAR-inertial system with the feature of size-adaptive voxels. Then, we optimized and refined the Gaussians using visual-derived photometric gradients to optimize their quality and density.   Our method is compatible with various types of LiDAR, including solid-state and mechanical LiDAR, supporting both repetitive and non-repetitive scanning modes. Bolstering structure construction through LiDAR and facilitating real-time generation of photorealistic renderings across diverse LIV datasets. It showcases notable resilience and versatility in generating real-time photorealistic scenes potentially for digital twins and virtual reality, while also holding potential applicability in real-time SLAM and robotics domains.   We release our software and hardware and self-collected datasets to benefit the community.","['Sheng Hong', 'Junjie He', 'Xinhu Zheng', 'Chunran Zheng', 'Shaojie Shen']",2024-01-26T13:36:46Z,http://arxiv.org/abs/2401.14857v2,['cs.RO'],"LiDAR,Inertial,Visual fusion,3D rendering,Gaussians,Mapping system,Photorealistic rendering,SLAM,Robotics,Digital twins"
"VR-based generation of photorealistic synthetic data for training
  hand-object tracking models","Supervised learning models for precise tracking of hand-object interactions (HOI) in 3D require large amounts of annotated data for training. Moreover, it is not intuitive for non-experts to label 3D ground truth (e.g. 6DoF object pose) on 2D images. To address these issues, we present ""blender-hoisynth"", an interactive synthetic data generator based on the Blender software. Blender-hoisynth can scalably generate and automatically annotate visual HOI training data. Other competing approaches usually generate synthetic HOI data compeletely without human input. While this may be beneficial in some scenarios, HOI applications inherently necessitate direct control over the HOIs as an expression of human intent. With blender-hoisynth, it is possible for users to interact with objects via virtual hands using standard Virtual Reality hardware. The synthetically generated data are characterized by a high degree of photorealism and contain visually plausible and physically realistic videos of hands grasping objects and moving them around in 3D. To demonstrate the efficacy of our data generation, we replace large parts of the training data in the well-known DexYCB dataset with hoisynth data and train a state-of-the-art HOI reconstruction model with it. We show that there is no significant degradation in the model performance despite the data replacement.","['Chengyan Zhang', 'Rahul Chaudhari']",2024-01-31T14:32:56Z,http://arxiv.org/abs/2401.17874v2,['cs.CV'],"virtual reality,synthetic data generation,hand-object tracking,3D interactions,Blender software,photorealism,annotated data,training models,human input"
"Den-SOFT: Dense Space-Oriented Light Field DataseT for 6-DOF Immersive
  Experience","We have built a custom mobile multi-camera large-space dense light field capture system, which provides a series of high-quality and sufficiently dense light field images for various scenarios. Our aim is to contribute to the development of popular 3D scene reconstruction algorithms such as IBRnet, NeRF, and 3D Gaussian splitting. More importantly, the collected dataset, which is much denser than existing datasets, may also inspire space-oriented light field reconstruction, which is potentially different from object-centric 3D reconstruction, for immersive VR/AR experiences. We utilized a total of 40 GoPro 10 cameras, capturing images of 5k resolution. The number of photos captured for each scene is no less than 1000, and the average density (view number within a unit sphere) is 134.68. It is also worth noting that our system is capable of efficiently capturing large outdoor scenes. Addressing the current lack of large-space and dense light field datasets, we made efforts to include elements such as sky, reflections, lights and shadows that are of interest to researchers in the field of 3D reconstruction during the data capture process. Finally, we validated the effectiveness of our provided dataset on three popular algorithms and also integrated the reconstructed 3DGS results into the Unity engine, demonstrating the potential of utilizing our datasets to enhance the realism of virtual reality (VR) and create feasible interactive spaces. The dataset is available at our project website.","['Xiaohang Yu', 'Zhengxian Yang', 'Shi Pan', 'Yuqi Han', 'Haoxiang Wang', 'Jun Zhang', 'Shi Yan', 'Borong Lin', 'Lei Yang', 'Tao Yu', 'Lu Fang']",2024-03-15T02:39:44Z,http://arxiv.org/abs/2403.09973v1,['cs.CV'],"mobile multi-camera system,dense light field,3D scene reconstruction,IBRnet,NeRF,3D Gaussian splitting,VR,AR,large-space dataset"
"MSI-NeRF: Linking Omni-Depth with View Synthesis through Multi-Sphere
  Image aided Generalizable Neural Radiance Field","Panoramic observation using fisheye cameras is significant in robot perception, reconstruction, and remote operation. However, panoramic images synthesized by traditional methods lack depth information and can only provide three degrees-of-freedom (3DoF) rotation rendering in virtual reality applications. To fully preserve and exploit the parallax information within the original fisheye cameras, we introduce MSI-NeRF, which combines deep learning omnidirectional depth estimation and novel view rendering. We first construct a multi-sphere image as a cost volume through feature extraction and warping of the input images. It is then processed by geometry and appearance decoders, respectively. Unlike methods that regress depth maps directly, we further build an implicit radiance field using spatial points and interpolated 3D feature vectors as input. In this way, we can simultaneously realize omnidirectional depth estimation and 6DoF view synthesis. Our method is trained in a semi-self-supervised manner. It does not require target view images and only uses depth data for supervision. Our network has the generalization ability to reconstruct unknown scenes efficiently using only four images. Experimental results show that our method outperforms existing methods in depth estimation and novel view synthesis tasks.","['Dongyu Yan', 'Guanyu Huang', 'Fengyu Quan', 'Haoyao Chen']",2024-03-16T07:26:50Z,http://arxiv.org/abs/2403.10840v1,"['cs.RO', 'cs.CV']","fisheye cameras,depth estimation,neural radiance field,view synthesis,deep learning,omnidirectional,semi-self-supervised,generalization,feature extraction,radiance field"
Harnessing the Power of AI-Generated Content for Semantic Communication,"Semantic Communication (SemCom) is envisaged as the next-generation paradigm to address challenges stemming from the conflicts between the increasing volume of transmission data and the scarcity of spectrum resources. However, existing SemCom systems face drawbacks, such as low explainability, modality rigidity, and inadequate reconstruction functionality. Recognizing the transformative capabilities of AI-generated content (AIGC) technologies in content generation, this paper explores a pioneering approach by integrating them into SemCom to address the aforementioned challenges. We employ a three-layer model to illustrate the proposed AIGC-assisted SemCom (AIGC-SCM) architecture, emphasizing its clear deviation from existing SemCom. Grounded in this model, we investigate various AIGC technologies with the potential to augment SemCom's performance. In alignment with SemCom's goal of conveying semantic meanings, we also introduce the new evaluation methods for our AIGC-SCM system. Subsequently, we explore communication scenarios where our proposed AIGC-SCM can realize its potential. For practical implementation, we construct a detailed integration workflow and conduct a case study in a virtual reality image transmission scenario. The results demonstrate our ability to maintain a high degree of alignment between the reconstructed content and the original source information, while substantially minimizing the data volume required for transmission. These findings pave the way for further enhancements in communication efficiency and the improvement of Quality of Service. At last, we present future directions for AIGC-SCM studies.","['Yiru Wang', 'Wanting Yang', 'Zehui Xiong', 'Yuping Zhao', 'Tony Q. S. Quek', 'Zhu Han']",2024-04-10T06:13:45Z,http://arxiv.org/abs/2404.06765v1,['eess.SP'],"Semantic Communication,AI-generated content,SemCom,spectrum resources,content generation,AIGC-SCM architecture,communication scenarios,evaluation methods,virtual reality,Quality of Service"
"DreamScene360: Unconstrained Text-to-3D Scene Generation with Panoramic
  Gaussian Splatting","The increasing demand for virtual reality applications has highlighted the significance of crafting immersive 3D assets. We present a text-to-3D 360$^{\circ}$ scene generation pipeline that facilitates the creation of comprehensive 360$^{\circ}$ scenes for in-the-wild environments in a matter of minutes. Our approach utilizes the generative power of a 2D diffusion model and prompt self-refinement to create a high-quality and globally coherent panoramic image. This image acts as a preliminary ""flat"" (2D) scene representation. Subsequently, it is lifted into 3D Gaussians, employing splatting techniques to enable real-time exploration. To produce consistent 3D geometry, our pipeline constructs a spatially coherent structure by aligning the 2D monocular depth into a globally optimized point cloud. This point cloud serves as the initial state for the centroids of 3D Gaussians. In order to address invisible issues inherent in single-view inputs, we impose semantic and geometric constraints on both synthesized and input camera views as regularizations. These guide the optimization of Gaussians, aiding in the reconstruction of unseen regions. In summary, our method offers a globally consistent 3D scene within a 360$^{\circ}$ perspective, providing an enhanced immersive experience over existing techniques. Project website at: http://dreamscene360.github.io/","['Shijie Zhou', 'Zhiwen Fan', 'Dejia Xu', 'Haoran Chang', 'Pradyumna Chari', 'Tejas Bharadwaj', 'Suya You', 'Zhangyang Wang', 'Achuta Kadambi']",2024-04-10T10:46:59Z,http://arxiv.org/abs/2404.06903v1,"['cs.CV', 'cs.AI']","3D scene generation,Text-to-3D,Panoramic image,Gaussian splatting,2D diffusion model,Monocular depth,Point cloud,Semantic constraints,Geometric constraints,Immersive experience"
A Survey On Text-to-3D Contents Generation In The Wild,"3D content creation plays a vital role in various applications, such as gaming, robotics simulation, and virtual reality. However, the process is labor-intensive and time-consuming, requiring skilled designers to invest considerable effort in creating a single 3D asset. To address this challenge, text-to-3D generation technologies have emerged as a promising solution for automating 3D creation. Leveraging the success of large vision language models, these techniques aim to generate 3D content based on textual descriptions. Despite recent advancements in this area, existing solutions still face significant limitations in terms of generation quality and efficiency. In this survey, we conduct an in-depth investigation of the latest text-to-3D creation methods. We provide a comprehensive background on text-to-3D creation, including discussions on datasets employed in training and evaluation metrics used to assess the quality of generated 3D models. Then, we delve into the various 3D representations that serve as the foundation for the 3D generation process. Furthermore, we present a thorough comparison of the rapidly growing literature on generative pipelines, categorizing them into feedforward generators, optimization-based generation, and view reconstruction approaches. By examining the strengths and weaknesses of these methods, we aim to shed light on their respective capabilities and limitations. Lastly, we point out several promising avenues for future research. With this survey, we hope to inspire researchers further to explore the potential of open-vocabulary text-conditioned 3D content creation.",['Chenhan Jiang'],2024-05-15T15:23:22Z,http://arxiv.org/abs/2405.09431v1,"['cs.CV', 'cs.GR']","text-to-3D generation,3D content creation,vision language models,generative pipelines,feedforward generators,optimization-based generation,view reconstruction approaches,datasets,evaluation metrics,3D representations."
MOSS: Motion-based 3D Clothed Human Synthesis from Monocular Video,"Single-view clothed human reconstruction holds a central position in virtual reality applications, especially in contexts involving intricate human motions. It presents notable challenges in achieving realistic clothing deformation. Current methodologies often overlook the influence of motion on surface deformation, resulting in surfaces lacking the constraints imposed by global motion. To overcome these limitations, we introduce an innovative framework, Motion-Based 3D Clothed Humans Synthesis (MOSS), which employs kinematic information to achieve motion-aware Gaussian split on the human surface. Our framework consists of two modules: Kinematic Gaussian Locating Splatting (KGAS) and Surface Deformation Detector (UID). KGAS incorporates matrix-Fisher distribution to propagate global motion across the body surface. The density and rotation factors of this distribution explicitly control the Gaussians, thereby enhancing the realism of the reconstructed surface. Additionally, to address local occlusions in single-view, based on KGAS, UID identifies significant surfaces, and geometric reconstruction is performed to compensate for these deformations. Experimental results demonstrate that MOSS achieves state-of-the-art visual quality in 3D clothed human synthesis from monocular videos. Notably, we improve the Human NeRF and the Gaussian Splatting by 33.94% and 16.75% in LPIPS* respectively. Codes are available at https://wanghongsheng01.github.io/MOSS/.","['Hongsheng Wang', 'Xiang Cai', 'Xi Sun', 'Jinhong Yue', 'Shengyu Zhang', 'Feng Lin', 'Fei Wu']",2024-05-21T13:57:53Z,http://arxiv.org/abs/2405.12806v1,['cs.CV'],"Motion-based,3D,Clothed human synthesis,Monocular video,Kinematic information,Gaussian split,Surface deformation,Matrix-Fisher distribution,Global motion,Local occlusions."
Generative Camera Dolly: Extreme Monocular Dynamic Novel View Synthesis,"Accurate reconstruction of complex dynamic scenes from just a single viewpoint continues to be a challenging task in computer vision. Current dynamic novel view synthesis methods typically require videos from many different camera viewpoints, necessitating careful recording setups, and significantly restricting their utility in the wild as well as in terms of embodied AI applications. In this paper, we propose $\textbf{GCD}$, a controllable monocular dynamic view synthesis pipeline that leverages large-scale diffusion priors to, given a video of any scene, generate a synchronous video from any other chosen perspective, conditioned on a set of relative camera pose parameters. Our model does not require depth as input, and does not explicitly model 3D scene geometry, instead performing end-to-end video-to-video translation in order to achieve its goal efficiently. Despite being trained on synthetic multi-view video data only, zero-shot real-world generalization experiments show promising results in multiple domains, including robotics, object permanence, and driving environments. We believe our framework can potentially unlock powerful applications in rich dynamic scene understanding, perception for robotics, and interactive 3D video viewing experiences for virtual reality.","['Basile Van Hoorick', 'Rundi Wu', 'Ege Ozguroglu', 'Kyle Sargent', 'Ruoshi Liu', 'Pavel Tokmakov', 'Achal Dave', 'Changxi Zheng', 'Carl Vondrick']",2024-05-23T17:59:52Z,http://arxiv.org/abs/2405.14868v1,"['cs.CV', 'cs.AI', 'cs.LG', 'cs.RO']","generative camera dolly,monocular,dynamic view synthesis,computer vision,diffusion priors,camera pose parameters,video-to-video translation,3D scene geometry,embodied AI applications"
"First Data Release of the COSMOS Lyman-Alpha Mapping And Tomography
  Observations: 3D Lyman-$α$ Forest Tomography at 2.05 < z < 2.55","Faint star-forming galaxies at $z\sim 2-3$ can be used as alternative background sources to probe the Lyman-$\alpha$ forest in addition to quasars, yielding high sightline densities that enable 3D tomographic reconstruction of the foreground absorption field. Here, we present the first data release from the COSMOS Lyman-Alpha Mapping And Mapping Observations (CLAMATO) Survey, which was conducted with the LRIS spectrograph on the Keck-I telescope. Over an observational footprint of 0.157$\mathrm{deg}^2$ within the COSMOS field, we used 240 galaxies and quasars at $2.17<z<3.00$, with a mean comoving transverse separation of $2.37\,h^{-1}\,\mathrm{Mpc^3}$, as background sources probing the foreground Lyman-$\alpha$ forest absorption at $2.05<z<2.55$. The Lyman-$\alpha$ forest data was then used to create a Wiener-filtered tomographic reconstruction over a comoving volume of $3.15\,\times 10^5\,h^{-3}\,\mathrm{Mpc^3}$ with an effective smoothing scale of $2.5\,h^{-1}\,\mathrm{Mpc}$. In addition to traditional figures, this map is also presented as a virtual-reality YouTube360 video visualization and manipulable interactive figure. We see large overdensities and underdensities that visually agree with the distribution of coeval galaxies from spectroscopic redshift surveys in the same field, including overdensities associated with several recently-discovered galaxy protoclusters in the volume. This data release includes the redshift catalog, reduced spectra, extracted Lyman-$\alpha$ forest pixel data, and tomographic map of the absorption.","['Khee-Gan Lee', 'Alex Krolewski', 'Martin White', 'David Schlegel', 'Peter E. Nugent', 'Joseph F. Hennawi', 'Thomas Müller', 'Richard Pan', 'J. Xavier Prochaska', 'Andreu Font-Ribera', 'Nao Suzuki', 'Karl Glazebrook', 'Glenn G. Kacprzak', 'Jeyhan S. Kartaltepe', 'Anton M. Koekemoer', 'Olivier Le Févre', 'Brian C. Lemaux', 'Christian Maier', 'Themiya Nanayakkara', 'R. Michael Rich', 'D. B. Sanders', 'Mara Salvato', 'Lidia Tasca', 'Kim-Vy H. Tran']",2017-10-08T22:33:01Z,http://arxiv.org/abs/1710.02894v3,"['astro-ph.CO', 'astro-ph.GA']","Lyman-alpha forest,Tomography,Spectrograph,Quasars,Transverse separation,Comoving volume,Overdensities,Underdensities,Protoclusters,Redshift catalog"
"LookinGood: Enhancing Performance Capture with Real-time Neural
  Re-Rendering","Motivated by augmented and virtual reality applications such as telepresence, there has been a recent focus in real-time performance capture of humans under motion. However, given the real-time constraint, these systems often suffer from artifacts in geometry and texture such as holes and noise in the final rendering, poor lighting, and low-resolution textures. We take the novel approach to augment such real-time performance capture systems with a deep architecture that takes a rendering from an arbitrary viewpoint, and jointly performs completion, super resolution, and denoising of the imagery in real-time. We call this approach neural (re-)rendering, and our live system ""LookinGood"". Our deep architecture is trained to produce high resolution and high quality images from a coarse rendering in real-time. First, we propose a self-supervised training method that does not require manual ground-truth annotation. We contribute a specialized reconstruction error that uses semantic information to focus on relevant parts of the subject, e.g. the face. We also introduce a salient reweighing scheme of the loss function that is able to discard outliers. We specifically design the system for virtual and augmented reality headsets where the consistency between the left and right eye plays a crucial role in the final user experience. Finally, we generate temporally stable results by explicitly minimizing the difference between two consecutive frames. We tested the proposed system in two different scenarios: one involving a single RGB-D sensor, and upper body reconstruction of an actor, the second consisting of full body 360 degree capture. Through extensive experimentation, we demonstrate how our system generalizes across unseen sequences and subjects. The supplementary video is available at http://youtu.be/Md3tdAKoLGU.","['Ricardo Martin-Brualla', 'Rohit Pandey', 'Shuoran Yang', 'Pavel Pidlypenskyi', 'Jonathan Taylor', 'Julien Valentin', 'Sameh Khamis', 'Philip Davidson', 'Anastasia Tkach', 'Peter Lincoln', 'Adarsh Kowdle', 'Christoph Rhemann', 'Dan B Goldman', 'Cem Keskin', 'Steve Seitz', 'Shahram Izadi', 'Sean Fanello']",2018-11-12T22:51:19Z,http://arxiv.org/abs/1811.05029v1,['cs.CV'],"real-time performance capture,neural re-rendering,deep architecture,completion,super resolution,denoising,self-supervised training,reconstruction error,semantic information,virtual reality,augmented reality"
3D Reconstruction & Assessment Framework based on affordable 2D Lidar,"Lidar is extensively used in the industry and mass-market. Due to its measurement accuracy and insensitivity to illumination compared to cameras, It is applied onto a broad range of applications, like geodetic engineering, self driving cars or virtual reality. But the 3D Lidar with multi-beam is very expensive, and the massive measurements data can not be fully leveraged on some constrained platforms. The purpose of this paper is to explore the possibility of using cheap 2D Lidar off-the-shelf, to preform complex 3D Reconstruction, moreover, the generated 3D map quality is evaluated by our proposed metrics at the end. The 3D map is constructed in two ways, one way in which the scan is performed at known positions with an external rotary axis at another plane. The other way, in which the 2D Lidar for mapping and another 2D Lidar for localization are placed on a trolley, the trolley is pushed on the ground arbitrarily. The generated maps by different approaches are converted to octomaps uniformly before the evaluation. The similarity and difference between two maps will be evaluated by the proposed metrics thoroughly. The whole mapping system is composed of several modular components. A 3D bracket was made for assembling of the Lidar with a long range, the driver and the motor together. A cover platform made for the IMU and 2D Lidar with a shorter range but high accuracy. The software is stacked up in different ROS packages.","['Xueyang Kang', 'Shengjiong Yin', 'Yinglong Fen']",2018-03-24T22:09:08Z,http://arxiv.org/abs/1803.09167v3,"['cs.RO', '28-06', 'I.2.9, C.0, C.1, C.5']","3D Reconstruction,Assessment Framework,2D Lidar,Lidar,3D Map,Multi-beam,Geodetic Engineering,Virtual Reality,Octomaps,ROS packages"
"A Mixed VR and Physical Framework to Evaluate Impacts of Virtual Legs
  and Elevated Narrow Working Space on Construction Workers Gait Pattern","It is difficult to conduct training and evaluate workers' postural performance by using the actual job site environment due to safety concerns. Virtual reality (VR) provides an alternative to create immersive working environments without significant safety concerns. Working on elevated surfaces is a dangerous scenario, which may lead to gait and postural instability and, consequently, a serious fall. Previous studies showed that VR is a promising tool for measuring the impact of height on the postural sway. However, most of these studies used the treadmill as the walking locomotion apparatus in a virtual environment (VE). This paper was focused on natural walking locomotion to reduce the inherent postural perturbations of VR devices. To investigate the impact of virtual height on gait characteristics and keep the level of realism and feeling of presence at their highest, we enhanced the first-person-character model with ""virtual legs"". Afterward, we investigated its effect on the gait parameters of the participants with and without the presence of height. To that end, twelve healthy adults were asked to walk on a virtual loop path once at the ground level and once at the 17th floor of an unfinished structure. By quantitatively comparing the participants' gait pattern results, we observed a decrease in the stride length and increase in the gait duration of the participants exposed to height. At the ground level, the use of the enhanced model reduced participants' average stride length and height. The results of this study help us understand users' behaviors when they were exposed to elevated surfaces and establish a firm ground for gait stability analysis for the future height-related VR studies. We expect this developed VR platform can generate reliable results of VR application in more construction safety studies.","['Mahmoud Habibnezhad', 'Jay Puckett', 'Mohammad Sadra Fardhosseini', 'Lucky Agung Pratama']",2019-06-20T14:47:49Z,http://arxiv.org/abs/1906.08670v1,['cs.HC'],"virtual reality,framework,construction workers,gait pattern,immersive environments,postural performance,elevated surfaces,gait characteristics,virtual legs,gait stability"
"Experiencing Extreme Height for The First Time: The Influence of Height,
  Self-Judgment of Fear and a Moving Structural Beam on the Heart Rate and
  Postural Sway During the Quiet Stance","Falling from elevated surfaces is the main cause of death and injury at construction sites. Based on the Bureau of Labor Statistics (BLS) reports, an average of nearly three workers per day suffer fatal injuries from falling. Studies show that postural instability is the foremost cause of this disproportional falling rate. To study what affects the postural stability of construction workers, we conducted a series of experiments in the virtual reality (VR). Twelve healthy adults, all students at the University of Nebraska were recruited for this study. During each trial, participants heart rates and postural sways were measured as the dependent factors. The independent factors included a moving structural beam (MB) coming directly at the participants, the presence of VR, height, the participants self-judgment of fear, and their level of acrophobia. The former was designed in an attempt to simulate some part of the steel erection procedure, which is one of the key tasks of ironworkers. The results of this study indicate that height increase the postural sway. Self-judged fear significantly was found to decrease postural sway, more specifically the normalized total excursion of the center of pressure (TE), both in the presence and absence of height. Also, participants heart rates significantly increase once they are confronted by a moving beam in the virtual environment (VE), even though they are informed that the beam will not hit them. The findings of this study can be useful for training novice ironworkers that will be subjected to height and steel erection for the first time.","['Mahmoud Habibnezhad', 'Jay Puckett', 'Mohammad Sadra Fardhosseini', 'Houtan Jebelli', 'Terry Stentz', 'Lucky Agung Pratama']",2019-06-20T15:08:45Z,http://arxiv.org/abs/1906.08682v1,['cs.HC'],"postural instability,construction workers,virtual reality,heart rate,postural sway,acrophobia,steel erection,ironworkers,center of pressure,height"
"Dense 3D Reconstruction for Visual Tunnel Inspection using Unmanned
  Aerial Vehicle","Advances in Unmanned Aerial Vehicle (UAV) opens venues for application such as tunnel inspection. Owing to its versatility to fly inside the tunnels, it can quickly identify defects and potential problems related to safety. However, long tunnels, especially with repetitive or uniform structures pose a significant problem for UAV navigation. Furthermore, post-processing visual data from the camera mounted on the UAV is required to generate useful information for the inspection task. In this work, we design a UAV with a single rotating camera to accomplish the task. Compared to other platforms, our solution can fit the stringent requirement for tunnel inspection, in terms of battery life, size and weight. While the current state-of-the-art can estimate camera pose and 3D geometry from a sequence of images, they assume large overlap, small rotational motion, and many distinct matching points between images. These assumptions severely limit their effectiveness in tunnel-like scenarios where the camera has erratic or large rotational motion, such as the one mounted on the UAV. This paper presents a novel solution which exploits Structure-from-Motion, Bundle Adjustment, and available geometry priors to robustly estimate camera pose and automatically reconstruct a fully-dense 3D scene using the least possible number of images in various challenging tunnel-like environments. We validate our system with both Virtual Reality application and experimentation with a real dataset. The results demonstrate that the proposed reconstruction along with texture mapping allows for remote navigation and inspection of tunnel-like environments, even those which are inaccessible for humans.","['Ramanpreet Singh Pahwa', 'Kennard Yanting Chan', 'Jiamin Bai', 'Vincensius Billy Saputra', 'Minh N. Do', 'Shaohui Foong']",2019-11-09T03:22:10Z,http://arxiv.org/abs/1911.03603v1,"['cs.RO', 'cs.CV']","Dense 3D Reconstruction,Visual Tunnel Inspection,Unmanned Aerial Vehicle,Structure-from-Motion,Bundle Adjustment,Camera Pose,3D Geometry,Tunnel-Like Environments,Texture Mapping,Virtual Reality"
"Deep Coarse-to-fine Dense Light Field Reconstruction with Flexible
  Sampling and Geometry-aware Fusion","A densely-sampled light field (LF) is highly desirable in various applications, such as 3-D reconstruction, post-capture refocusing and virtual reality. However, it is costly to acquire such data. Although many computational methods have been proposed to reconstruct a densely-sampled LF from a sparsely-sampled one, they still suffer from either low reconstruction quality, low computational efficiency, or the restriction on the regularity of the sampling pattern. To this end, we propose a novel learning-based method, which accepts sparsely-sampled LFs with irregular structures, and produces densely-sampled LFs with arbitrary angular resolution accurately and efficiently. We also propose a simple yet effective method for optimizing the sampling pattern. Our proposed method, an end-to-end trainable network, reconstructs a densely-sampled LF in a coarse-to-fine manner. Specifically, the coarse sub-aperture image (SAI) synthesis module first explores the scene geometry from an unstructured sparsely-sampled LF and leverages it to independently synthesize novel SAIs, in which a confidence-based blending strategy is proposed to fuse the information from different input SAIs, giving an intermediate densely-sampled LF. Then, the efficient LF refinement module learns the angular relationship within the intermediate result to recover the LF parallax structure. Comprehensive experimental evaluations demonstrate the superiority of our method on both real-world and synthetic LF images when compared with state-of-the-art methods. In addition, we illustrate the benefits and advantages of the proposed approach when applied in various LF-based applications, including image-based rendering and depth estimation enhancement.","['Jing Jin', 'Junhui Hou', 'Jie Chen', 'Huanqiang Zeng', 'Sam Kwong', 'Jingyi Yu']",2019-08-31T05:16:21Z,http://arxiv.org/abs/1909.01341v3,"['eess.IV', 'cs.CV']","deep learning,light field reconstruction,sampling,geometry-aware fusion,coarse-to-fine,computational efficiency,angular resolution,end-to-end trainable network,parallax structure"
3D Human Body Reshaping with Anthropometric Modeling,"Reshaping accurate and realistic 3D human bodies from anthropometric parameters (e.g., height, chest size, etc.) poses a fundamental challenge for person identification, online shopping and virtual reality. Existing approaches for creating such 3D shapes often suffer from complex measurement by range cameras or high-end scanners, which either involve heavy expense cost or result in low quality. However, these high-quality equipments limit existing approaches in real applications, because the equipments are not easily accessible for common users. In this paper, we have designed a 3D human body reshaping system by proposing a novel feature-selection-based local mapping technique, which enables automatic anthropometric parameter modeling for each body facet. Note that the proposed approach can leverage limited anthropometric parameters (i.e., 3-5 measurements) as input, which avoids complex measurement, and thus better user-friendly experience can be achieved in real scenarios. Specifically, the proposed reshaping model consists of three steps. First, we calculate full-body anthropometric parameters from limited user inputs by imputation technique, and thus essential anthropometric parameters for 3D body reshaping can be obtained. Second, we select the most relevant anthropometric parameters for each facet by adopting relevance masks, which are learned offline by the proposed local mapping technique. Third, we generate the 3D body meshes by mapping matrices, which are learned by linear regression from the selected parameters to mesh-based body representation. We conduct experiments by anthropomorphic evaluation and a user study from 68 volunteers. Experiments show the superior results of the proposed system in terms of mean reconstruction error against the state-of-the-art approaches.","['Yanhong Zeng', 'Jianlong Fu', 'Hongyang Chao']",2021-04-05T04:09:39Z,http://arxiv.org/abs/2104.01762v1,"['cs.CV', 'cs.GR']","3D human body,reshaping,anthropometric modeling,feature selection,local mapping technique,anthropometric parameters,imputation technique,relevance masks,linear regression,mesh-based representation"
"Simultaneous Estimation of Hand Configurations and Finger Joint Angles
  using Forearm Ultrasound","With the advancement in computing and robotics, it is necessary to develop fluent and intuitive methods for interacting with digital systems, augmented/virtual reality (AR/VR) interfaces, and physical robotic systems. Hand motion recognition is widely used to enable these interactions. Hand configuration classification and MCP joint angle detection is important for a comprehensive reconstruction of hand motion. sEMG and other technologies have been used for the detection of hand motions. Forearm ultrasound images provide a musculoskeletal visualization that can be used to understand hand motion. Recent work has shown that these ultrasound images can be classified using machine learning to estimate discrete hand configurations. Estimating both hand configuration and MCP joint angles based on forearm ultrasound has not been addressed in the literature. In this paper, we propose a CNN based deep learning pipeline for predicting the MCP joint angles. The results for the hand configuration classification were compared by using different machine learning algorithms. SVC with different kernels, MLP, and the proposed CNN have been used to classify the ultrasound images into 11 hand configurations based on activities of daily living. Forearm ultrasound images were acquired from 6 subjects instructed to move their hands according to predefined hand configurations. Motion capture data was acquired to get the finger angles corresponding to the hand movements at different speeds. Average classification accuracy of 82.7% for the proposed CNN and over 80% for SVC for different kernels was observed on a subset of the dataset. An average RMSE of 7.35 degrees was obtained between the predicted and the true MCP joint angles. A low latency (6.25 - 9.1 Hz) pipeline has been proposed for estimating both MCP joint angles and hand configuration aimed at real-time control of human-machine interfaces.","['Keshav Bimbraw', 'Christopher J. Nycz', 'Matt Schueler', 'Ziming Zhang', 'Haichong K. Zhang']",2022-11-29T02:06:19Z,http://arxiv.org/abs/2211.15871v1,"['cs.RO', 'cs.CV', 'cs.HC']","hand configurations,finger joint angles,forearm ultrasound,deep learning,machine learning algorithms,CNN,SVC,MLP,musculoskeletal visualization,motion capture"
"Reconstructing Human Pose from Inertial Measurements: A Generative
  Model-based Compressive Sensing Approach","The ability to sense, localize, and estimate the 3D position and orientation of the human body is critical in virtual reality (VR) and extended reality (XR) applications. This becomes more important and challenging with the deployment of VR/XR applications over the next generation of wireless systems such as 5G and beyond. In this paper, we propose a novel framework that can reconstruct the 3D human body pose of the user given sparse measurements from Inertial Measurement Unit (IMU) sensors over a noisy wireless environment. Specifically, our framework enables reliable transmission of compressed IMU signals through noisy wireless channels and effective recovery of such signals at the receiver, e.g., an edge server. This task is very challenging due to the constraints of transmit power, recovery accuracy, and recovery latency. To address these challenges, we first develop a deep generative model at the receiver to recover the data from linear measurements of IMU signals. The linear measurements of the IMU signals are obtained by a linear projection with a measurement matrix based on the compressive sensing theory. The key to the success of our framework lies in the novel design of the measurement matrix at the transmitter, which can not only satisfy power constraints for the IMU devices but also obtain a highly accurate recovery for the IMU signals at the receiver. This can be achieved by extending the set-restricted eigenvalue condition of the measurement matrix and combining it with an upper bound for the power transmission constraint. Our framework can achieve robust performance for recovering 3D human poses from noisy compressed IMU signals. Additionally, our pre-trained deep generative model achieves signal reconstruction accuracy comparable to an optimization-based approach, i.e., Lasso, but is an order of magnitude faster.","['Nguyen Quang Hieu', 'Dinh Thai Hoang', 'Diep N. Nguyen', 'Mohammad Abu Alsheikh']",2023-10-31T07:13:11Z,http://arxiv.org/abs/2310.20228v3,['cs.HC'],"3D position,orientation,human body,Inertial Measurement Unit (IMU),wireless systems,compressive sensing,generative model,linear measurements,measurement matrix"
SparsePoser: Real-time Full-body Motion Reconstruction from Sparse Data,"Accurate and reliable human motion reconstruction is crucial for creating natural interactions of full-body avatars in Virtual Reality (VR) and entertainment applications. As the Metaverse and social applications gain popularity, users are seeking cost-effective solutions to create full-body animations that are comparable in quality to those produced by commercial motion capture systems. In order to provide affordable solutions, though, it is important to minimize the number of sensors attached to the subject's body. Unfortunately, reconstructing the full-body pose from sparse data is a heavily under-determined problem. Some studies that use IMU sensors face challenges in reconstructing the pose due to positional drift and ambiguity of the poses. In recent years, some mainstream VR systems have released 6-degree-of-freedom (6-DoF) tracking devices providing positional and rotational information. Nevertheless, most solutions for reconstructing full-body poses rely on traditional inverse kinematics (IK) solutions, which often produce non-continuous and unnatural poses. In this article, we introduce SparsePoser, a novel deep learning-based solution for reconstructing a full-body pose from a reduced set of six tracking devices. Our system incorporates a convolutional-based autoencoder that synthesizes high-quality continuous human poses by learning the human motion manifold from motion capture data. Then, we employ a learned IK component, made of multiple lightweight feed-forward neural networks, to adjust the hands and feet toward the corresponding trackers. We extensively evaluate our method on publicly available motion capture datasets and with real-time live demos. We show that our method outperforms state-of-the-art techniques using IMU sensors or 6-DoF tracking devices, and can be used for users with different body dimensions and proportions.","['Jose Luis Ponton', 'Haoran Yun', 'Andreas Aristidou', 'Carlos Andujar', 'Nuria Pelechano']",2023-11-03T18:48:01Z,http://arxiv.org/abs/2311.02191v1,"['cs.GR', 'cs.AI']","SparsePoser,full-body motion reconstruction,sparse data,Virtual Reality,entertainment applications,Metaverse,IMU sensors,6-degree-of-freedom,6-DoF tracking devices,inverse kinematics"
"Exploring an Application of Virtual Reality for Early Detection of
  Dementia","Facing the severe global dementia problem, an exploration was conducted adopting the technology of virtual reality (VR). This report lays a technical foundation for further research project ""Early Detection of Dementia Using Testing Tools in VR Environment"", which illustrates the process of developing a VR application using Unity 3D software on Oculus Go. This preliminary exploration is composed of three steps, including 3D virtual scene construction, VR interaction design and monitoring. The exploration was recorded to provide basic technical guidance and detailed method for subsequent research.","['Yiming Zhong', 'Yuan Tian', 'Mira Park', 'Soonja Yeom']",2020-01-15T03:27:36Z,http://arxiv.org/abs/2001.07546v1,['cs.HC'],
"VR-GS: A Physical Dynamics-Aware Interactive Gaussian Splatting System
  in Virtual Reality","As consumer Virtual Reality (VR) and Mixed Reality (MR) technologies gain momentum, there's a growing focus on the development of engagements with 3D virtual content. Unfortunately, traditional techniques for content creation, editing, and interaction within these virtual spaces are fraught with difficulties. They tend to be not only engineering-intensive but also require extensive expertise, which adds to the frustration and inefficiency in virtual object manipulation. Our proposed VR-GS system represents a leap forward in human-centered 3D content interaction, offering a seamless and intuitive user experience. By developing a physical dynamics-aware interactive Gaussian Splatting in a Virtual Reality setting, and constructing a highly efficient two-level embedding strategy alongside deformable body simulations, VR-GS ensures real-time execution with highly realistic dynamic responses. The components of our Virtual Reality system are designed for high efficiency and effectiveness, starting from detailed scene reconstruction and object segmentation, advancing through multi-view image in-painting, and extending to interactive physics-based editing. The system also incorporates real-time deformation embedding and dynamic shadow casting, ensuring a comprehensive and engaging virtual experience.Our project page is available at: https://yingjiang96.github.io/VR-GS/.","['Ying Jiang', 'Chang Yu', 'Tianyi Xie', 'Xuan Li', 'Yutao Feng', 'Huamin Wang', 'Minchen Li', 'Henry Lau', 'Feng Gao', 'Yin Yang', 'Chenfanfu Jiang']",2024-01-30T01:28:36Z,http://arxiv.org/abs/2401.16663v2,"['cs.HC', 'cs.CV']",
Ubiq: A System to Build Flexible Social Virtual Reality Experiences,"While they have long been a subject of academic study, social virtual reality (SVR) systems are now attracting increasingly large audiences on current consumer virtual reality systems. The design space of SVR systems is very large, and relatively little is known about how these systems should be constructed in order to be usable and efficient. In this paper we present Ubiq, a toolkit that focuses on facilitating the construction of SVR systems. We argue for the design strategy of Ubiq and its scope. Ubiq is built on the Unity platform. It provides core functionality of many SVR systems such as connection management, voice, avatars, etc. However, its design remains easy to extend. We demonstrate examples built on Ubiq and how it has been successfully used in classroom teaching. Ubiq is open source (Apache License) and thus enables several use cases that commercial systems cannot.","['Sebastian Friston', 'Ben Congdon', 'David Swapp', 'Lisa Izzouzi', 'Klara Brandstätter', 'Daniel Archer', 'Otto Olkkonen', 'Felix Thiel', 'Anthony Steed']",2021-12-16T12:49:06Z,http://arxiv.org/abs/2112.08842v1,['cs.HC'],
"Cost/benefit analysis model for implementing virtual reality in
  construction companies","Immersive technologies (ImT), like Virtual Reality (VR), have several potential applications in the construction industry. However, the absence of a cost-benefit analysis discourages construction decision-makers from implementing these technologies. In this study, we proposed a primary model for conducting a cost-benefit analysis for implementing virtual reality in construction companies. The cost and benefit factors were identified through a literature review and considered input variables for the model, and then using synthetic data, a Monte Carlo simulation was performed to generate a distribution of outcome. Given the uncertainty in input parameters, this distribution reflected the potential range of total net benefit. Considering synthetic data and input factors obtained only through literature and assumptions, VR implementation could be a promising decision based on the results. This study's results would benefit decision-makers in construction companies about the costs and benefits of implementing VR and other researchers interested in this field.","['Payam Mohammadi', 'Claudia Garrido Martins']",2023-10-08T00:48:16Z,http://arxiv.org/abs/2311.10726v1,['cs.CY'],
"Rapid 3D Reconstruction of Indoor Environments to Generate Virtual
  Reality Serious Games Scenarios","Virtual Reality (VR) for Serious Games (SGs) is attracting increasing attention for training applications due to its potential to provide significantly enhanced learning to users. Some examples of the application of VR for SGs are complex training evacuation problems such as indoor earthquake evacuation or fire evacuation. The indoor 3D geometry of existing buildings can largely influence evacuees' behaviour, being instrumental in the design of VR SGs storylines and simulation scenarios. The VR scenarios of existing buildings can be generated from drawings and models. However, these data may not reflect the 'as-is' state of the indoor environment and may not be suitable to reflect dynamic changes of the system (e.g. Earthquakes), resulting in excessive development efforts to design credible and meaningful user experience. This paper explores several workflows for the rapid and effective reconstruction of 3D indoor environments of existing buildings that are suitable for earthquake simulations. These workflows start from Building Information Modelling (BIM), laser scanning and 360-degree panoramas. We evaluated the feasibility and efficiency of different approaches by using an earthquake-based case study developed for VR SGs.","['Zhenan Feng', 'Vicente A. González', 'Ling Ma', 'Mustafa M. A. Al-Adhami', 'Claudio Mourgues']",2018-12-04T21:58:49Z,http://arxiv.org/abs/1812.01706v1,['cs.HC'],
"Bionic Tracking: Using Eye Tracking to Track Biological Cells in Virtual
  Reality","We present Bionic Tracking, a novel method for solving biological cell tracking problems with eye tracking in virtual reality using commodity hardware. Using gaze data, and especially smooth pursuit eye movements, we are able to track cells in time series of 3D volumetric datasets. The problem of tracking cells is ubiquitous in developmental biology, where large volumetric microscopy datasets are acquired on a daily basis, often comprising hundreds or thousands of time points that span hours or days. The image data, however, is only a means to an end, and scientists are often interested in the reconstruction of cell trajectories and cell lineage trees. Reliably tracking cells in crowded three-dimensional space over many timepoints remains an open problem, and many current approaches rely on tedious manual annotation and curation. In our Bionic Tracking approach, we substitute the usual 2D point-and-click annotation to track cells with eye tracking in a virtual reality headset, where users simply have to follow a cell with their eyes in 3D space in order to track it. We detail the interaction design of our approach and explain the graph-based algorithm used to connect different time points, also taking occlusion and user distraction into account. We demonstrate our cell tracking method using the example of two different biological datasets. Finally, we report on a user study with seven cell tracking experts, demonstrating the benefits of our approach over manual point-and-click tracking.","['Ulrik Günther', 'Kyle I. S. Harrington', 'Raimund Dachselt', 'Ivo F. Sbalzarini']",2020-05-01T14:08:40Z,http://arxiv.org/abs/2005.00387v2,"['cs.HC', 'cs.GR']",
"BIM LOD + Virtual Reality -- Using Game Engine for Visualization in
  Architectural & Construction Education","Architectural Education faces limitations due to its tactile approach to learning in classrooms with only 2-D and 3-D tools. At a higher level, virtual reality provides a potential for delivering more information to individuals undergoing design learning. This paper investigates a hypothesis establishing grounds towards a new research in Building Information Modeling (BIM) and Virtual Reality (VR). The hypothesis is projected to determine best practices for content creation and tactile object virtual interaction, which potentially can improve learning in architectural & construction education with a less costly approach and ease of access to well-known buildings. We explored this hypothesis in a step-by-step game design demonstration in VR, by showcasing the exploration of the Farnsworth House and reproducing assemblage of the same with different game levels of difficulty which correspond with varying BIM levels of development (LODs). The game design prototype equally provides an entry way and learning style for users with or without a formal architectural or construction education seeking to understand design tectonics within diverse or cross-disciplinary study cases. This paper shows that developing geometric abstract concepts of design pedagogy, using varying LODs for game content and levels, while utilizing newly developed features such as snap-to-grid, snap-to-position and snap-to-angle to improve user engagement during assemblage may provide deeper learning objectives for architectural precedent study.","['Hassan Anifowose', 'Wei Yan', 'Manish Dixit']",2022-01-24T21:12:40Z,http://arxiv.org/abs/2201.09954v1,"['cs.HC', 'cs.GT']",
Are temperature reconstructions regionally biased?,"Are temperature reconstructions possibly biased due to regionally differing density of utilized proxy-networks? This question is assessed utilizing a simple process-based forward model of tree growth in the virtual reality of two simulations of the climate of the last millennium with different amplitude of solar forcing variations. The pseudo-tree ring series cluster in high latitudes of the northern hemisphere and east Asia. Only weak biases are found for the full network. However, for a strong solar forcing amplitude the high latitudes indicate a warmer first half of the last millennium while mid-latitudes and Asia were slightly colder than the extratropical hemispheric average. Reconstruction skill is weak or non-existent for two simple reconstruction schemes, and comparison of virtual reality target and reconstructions reveals strong deficiencies. The temporal resolution of the proxies has an influence on the reconstruction task and results are sensitive to the construction of the proxy-network. Existing regional temperature biases can be attenuated or accentuated by the skill of the reconstruction approach.",['O. Bothe'],2012-04-26T09:51:06Z,http://arxiv.org/abs/1204.5871v1,['physics.ao-ph'],
"Virtual reality based approach to protein heavy-atom structure
  reconstruction","A commonly recurring problem in structural protein studies, is the determination of all heavy atom positions from the knowledge of the central alpha-carbon coordinates. We employ advances in virtual reality to address the problem. The outcome is a 3D visualisation based technique where all the heavy backbone and side chain atoms are treated on equal footing, in terms of the C-alpha coordinates. Each heavy atom can be visualised on the surfaces of the different two-spheres, that are centered at the other heavy backbone and side chain atoms. In particular, the rotamers are visible as clusters which display strong dependence on the underlying backbone secondary structure. Our method easily detects those atoms in a crystallographic protein structure which have been been likely misplaced. Our approach forms a basis for the development of a new generation, visualisation based side chain construction, validation and refinement tools. The heavy atom positions are identified in a manner which accounts for the secondary structure environment, leading to improved accuracy over existing methods.","['Xubiao Peng', 'Alireza Chenani', 'Shuangwei Hu', 'Yifan Zhou', 'Antti J. Niemi']",2014-12-26T19:31:52Z,http://arxiv.org/abs/1412.7975v1,"['q-bio.BM', 'cond-mat.soft', 'physics.bio-ph']",
"Dense 3D Facial Reconstruction from a Single Depth Image in
  Unconstrained Environment","With the increasing demands of applications in virtual reality such as 3D films, virtual Human-Machine Interactions and virtual agents, the analysis of 3D human face analysis is considered to be more and more important as a fundamental step for those virtual reality tasks. Due to information provided by an additional dimension, 3D facial reconstruction enables aforementioned tasks to be achieved with higher accuracy than those based on 2D facial analysis. The denser the 3D facial model is, the more information it could provide. However, most existing dense 3D facial reconstruction methods require complicated processing and high system cost. To this end, this paper presents a novel method that simplifies the process of dense 3D facial reconstruction by employing only one frame of depth data obtained with an off-the-shelf RGB-D sensor. The experiments showed competitive results with real world data.","['Shu Zhang', 'Hui Yu', 'Ting Wang', 'Junyu Dong', 'Honghai Liu']",2017-04-24T10:58:47Z,http://arxiv.org/abs/1704.07142v1,['cs.CV'],
Inspection of histological 3D reconstructions in virtual reality,"3D reconstruction is a challenging current topic in medical research. We perform 3D reconstructions from serial sections stained by immunohistological methods. This paper presents an immersive visualisation solution to quality control (QC), inspect, and analyse such reconstructions. QC is essential to establish correct digital processing methodologies. Visual analytics, such as annotation placement, mesh painting, and classification utility, facilitates medical research insights. We propose a visualisation in virtual reality (VR) for these purposes. In this manner, we advance the microanatomical research of human bone marrow and spleen. Both 3D reconstructions and original data are available in VR. Data inspection is streamlined by subtle implementation details and general immersion in VR.","['Oleg Lobachev', 'Moritz Berthold', 'Henriette Pfeffer', 'Michael Guthe', 'Birte S. Steiniger']",2020-09-02T08:21:59Z,http://arxiv.org/abs/2009.00887v2,"['cs.GR', '68U05, 68U35, 92C55, 94A08', 'I.3.7']",
"A System for Acquiring, Processing, and Rendering Panoramic Light Field
  Stills for Virtual Reality","We present a system for acquiring, processing, and rendering panoramic light field still photography for display in Virtual Reality (VR). We acquire spherical light field datasets with two novel light field camera rigs designed for portable and efficient light field acquisition. We introduce a novel real-time light field reconstruction algorithm that uses a per-view geometry and a disk-based blending field. We also demonstrate how to use a light field prefiltering operation to project from a high-quality offline reconstruction model into our real-time model while suppressing artifacts. We introduce a practical approach for compressing light fields by modifying the VP9 video codec to provide high quality compression with real-time, random access decompression.   We combine these components into a complete light field system offering convenient acquisition, compact file size, and high-quality rendering while generating stereo views at 90Hz on commodity VR hardware. Using our system, we built a freely available light field experience application called Welcome to Light Fields featuring a library of panoramic light field stills for consumer VR which has been downloaded over 15,000 times.","['Ryan S. Overbeck', 'Daniel Erickson', 'Daniel Evangelakos', 'Matt Pharr', 'Paul Debevec']",2018-10-20T22:26:27Z,http://arxiv.org/abs/1810.08860v1,['cs.GR'],
Virtual replicas of real places: Experimental investigations,"The emergence of social virtual reality (VR) experiences, such as Facebook Spaces, Oculus Rooms, and Oculus Venues, will generate increased interest from users who want to share real places (both personal and public) with their fellow users in VR. At the same time, advances in scanning and reconstruction technology are making the realistic capture of real places more and more feasible. These complementary pressures mean that the representation of real places in virtual reality will be an increasingly common use case for VR. Despite this, there has been very little research into how users perceive such replicated spaces. This paper reports the results from a series of three user studies investigating this topic. Taken together, these results show that getting the scale of the space correct is the most important factor for generating a ""feeling of reality"", that it is important to avoid incoherent behaviors (such as floating objects), and that lighting makes little difference to perceptual similarity.","['Richard Skarbez', 'Doug A. Bowman', 'J. Todd Ogle', 'Thomas Tucker', 'Joseph L. Gabbard']",2018-12-09T08:04:00Z,http://arxiv.org/abs/1812.03441v1,"['cs.HC', 'I.3.7']",
"Utilization of Virtual Reality Visualizations on Heavy Mobile Crane
  Planning for Modular Construction","Many kinds of industrial projects involve the use of prefabricated modules built offsite, and installation on-site using mobile cranes. Due to their costly operation and safety concerns, utilization of such heavy lift mobile cranes requires a precise heavy lift planning. Traditional heavy lift path planning methods on congested industrial job sites are ineffective, time-consuming and non-precise in many cases, whereas computer-based simulation models and visualization can be a substantial improving tool. This paper provides a Virtual Reality (VR) environment in which the user can experience lifting process in an immerse virtual environment. Providing such a VR model not only facilitates planning for critical lifts (e.g. modules, heavy vessels), but also it provides a training environment to enhance safe climate prior to the actual lift. The developed VR model is implemented successfully on an actual construction site of a petrochemical plant on a modular basis in which heavy lift mobile cranes are employed.","['Navid Kayhani', 'Hosein Taghaddos', 'Mojtaba Noghabaee', 'Ulrich', 'Hermann']",2019-01-12T21:22:57Z,http://arxiv.org/abs/1901.06248v1,['cs.CY'],
Generating Animatable 3D Cartoon Faces from Single Portraits,"With the booming of virtual reality (VR) technology, there is a growing need for customized 3D avatars. However, traditional methods for 3D avatar modeling are either time-consuming or fail to retain similarity to the person being modeled. We present a novel framework to generate animatable 3D cartoon faces from a single portrait image. We first transfer an input real-world portrait to a stylized cartoon image with a StyleGAN. Then we propose a two-stage reconstruction method to recover the 3D cartoon face with detailed texture, which first makes a coarse estimation based on template models, and then refines the model by non-rigid deformation under landmark supervision. Finally, we propose a semantic preserving face rigging method based on manually created templates and deformation transfer. Compared with prior arts, qualitative and quantitative results show that our method achieves better accuracy, aesthetics, and similarity criteria. Furthermore, we demonstrate the capability of real-time facial animation of our 3D model.","['Chuanyu Pan', 'Guowei Yang', 'Taijiang Mu', 'Yu-Kun Lai']",2023-07-04T04:12:50Z,http://arxiv.org/abs/2307.01468v1,['cs.CV'],
"BioNet-XR: Biological Network Visualization Framework for Virtual
  Reality and Mixed Reality Environments","Protein-protein interaction networks (PPIN) enable the study of cellular processes in organisms. Visualizing PPINs in extended reality (XR), including virtual reality (VR) and mixed reality (MR), is crucial for exploring subnetworks, evaluating protein positions, and collaboratively analyzing and discussing on networks with the help of recent technological advancements. Here, we present BioNet-XR, a 3D visualization framework, to visualize PPINs in VR and MR environments. BioNet-XR was developed with the Unity3D game engine. Our framework provides state-of-the-art methods and visualization features including teleportation between nodes, general and first-person view to explore the network, subnetwork construction via PageRank, Steiner tree, and all-pair shortest path algorithms for a given set of initial nodes. We used usability tests to gather feedback from both specialists (bioinformaticians) and generalists (multidisciplinary groups), addressing the need for usability evaluations of visualization tools. In the MR version of BioNet-XR, users can seamlessly transition to real-world environments and interact with protein interaction networks. BioNet-XR is highly modular and adaptable for visualization of other biological networks, such as metabolic and regulatory networks, and extension with additional network methods.","['Busra Senderin', 'Nurcan Tuncbag', 'Elif Surer']",2024-02-06T12:20:10Z,http://arxiv.org/abs/2402.03946v1,['cs.MM'],
"Integrating Large Language Models with Multimodal Virtual Reality
  Interfaces to Support Collaborative Human-Robot Construction Work","In the construction industry, where work environments are complex, unstructured and often dangerous, the implementation of Human-Robot Collaboration (HRC) is emerging as a promising advancement. This underlines the critical need for intuitive communication interfaces that enable construction workers to collaborate seamlessly with robotic assistants. This study introduces a conversational Virtual Reality (VR) interface integrating multimodal interaction to enhance intuitive communication between construction workers and robots. By integrating voice and controller inputs with the Robot Operating System (ROS), Building Information Modeling (BIM), and a game engine featuring a chat interface powered by a Large Language Model (LLM), the proposed system enables intuitive and precise interaction within a VR setting. Evaluated by twelve construction workers through a drywall installation case study, the proposed system demonstrated its low workload and high usability with succinct command inputs. The proposed multimodal interaction system suggests that such technological integration can substantially advance the integration of robotic assistants in the construction industry.","['Somin Park', 'Carol C. Menassa', 'Vineet R. Kamat']",2024-04-04T14:56:41Z,http://arxiv.org/abs/2404.03498v1,"['cs.RO', 'cs.HC']",
ASIAVR: Asian Studies Virtual Reality Game a Learning Tool,"The study aims to develop an application that will serve as an alternative learning tool for learning Asian Studies. The delivery of lessons into a virtual reality game depends on the pace of students. The developed application comprises several more features that enable users to get valuable information from an immersive environment. The researchers used Rapid Application Development (RAD) in developing the application. It follows phases such as requirement planning, user design, construction, and cutover. Two sets of questionnaires were developed, one for the teachers and another for the students. Then, testing and evaluation were conducted through purposive sampling to select the respondents. The application was overall rated as 3.56 which is verbally interpreted as very good. The result was based on the system evaluation using ISO 9126 in terms of functionality, usability, content, reliability, and performance. The developed application meets the objectives to provide an alternative learning tool for learning Asian Studies. The application is well commended and accepted by the end-users to provide an interactive and immersive environment for students to learn at their own pace. Further enhancement of the audio, gameplay, and graphics of the tool. Schools should take into consideration the adoption of the Asian Studies Virtual Reality is a good alternative tool for their teachers and students to teach and learn Asian Studies. The use of more 3D objects relevant to the given information to enhance the game experience may be considered. A databank for the quiz questions that will be loaded into the game should also be considered.","['Kenn Migan Vincent C. Gumonan', 'Aleta C. Fabregas']",2020-11-23T04:24:03Z,http://arxiv.org/abs/2012.01162v1,"['cs.CY', 'cs.HC', 'I.3.7']",
"Population-based Respiratory 4D Motion Atlas Construction and its
  Application for VR Simulations of Liver Punctures","Virtual reality (VR) training simulators of liver needle insertion in the hepatic area of breathing virtual patients currently need 4D data acquisitions as a prerequisite. Here, first a population-based breathing virtual patient 4D atlas can be built and second the requirement of a dose-relevant or expensive acquisition of a 4D data set for a new static 3D patient can be mitigated by warping the mean atlas motion. The breakthrough contribution of this work is the construction and reuse of population-based learned 4D motion models.","['Andre Mastmeyer', 'Matthias Wilms', 'Heinz Handels']",2017-12-05T19:59:20Z,http://arxiv.org/abs/1712.01893v2,['cs.CV'],
"MolecuSense: Using Force-Feedback Gloves for Creating and Interacting
  with Ball-and-Stick Molecules in VR","We contribute MolecuSense, a virtual version of a physical molecule construction kit, based on visualization in Virtual Reality (VR) and interaction with force-feedback gloves. Targeting at chemistry education, our goal is to make virtual molecule structures more tangible. Results of an initial user study indicate that the VR molecular construction kit was positively received. Compared to a physical construction kit, the VR molecular construction kit is on the same level in terms of natural interaction. Besides, it fosters the typical digital advantages though, such as saving, exporting, and sharing of molecules. Feedback from the study participants has also revealed potential future avenues for tangible molecule visualizations.","['Patrick Gebhardt', 'Xingyao Yu', 'Andreas Köhn', 'Michael Sedlmair']",2022-03-17T19:35:42Z,http://arxiv.org/abs/2203.09577v1,['cs.HC'],
"Efficient coding of 360° videos exploiting inactive regions in
  projection formats","This paper presents an efficient method for encoding common projection formats in 360$^\circ$ video coding, in which we exploit inactive regions. These regions are ignored in the reconstruction of the equirectangular format or the viewport in virtual reality applications. As the content of these pixels is irrelevant, we neglect the corresponding pixel values in ratedistortion optimization, residual transformation, as well as inloop filtering and achieve bitrate savings of up to 10%.","['Christian Herglotz', 'Mohammadreza Jamali', 'Stéphane Coulombe', 'Carlos Vazquez', 'Ahmad Vakili']",2023-07-17T09:33:46Z,http://arxiv.org/abs/2307.08344v1,['eess.IV'],
Virtual Heritage at iGrid 2000,"As part of the iGrid Research Demonstration at INET 2000, we created two Virtual Cultural Heritage environments - ""Virtual Harlem"" and ""Shared Miletus"". The purpose of these applications was to explore possibilities in using the combination of high-speed international networks and virtual reality (VR) displays for cultural heritage education. Our ultimate goal is to enable the construction of tele-immersive museums and classes. In this paper we present an overview of the infrastructure used for these applications, and some details of their construction.","['Dave Pape', 'Josephine Anstey', 'Bryan Carter', 'Jason Leigh', 'Maria Roussou', 'Tim Portlock']",2023-11-17T03:25:53Z,http://arxiv.org/abs/2311.10303v1,['cs.HC'],
SurfaceBrush: From Virtual Reality Drawings to Manifold Surfaces,"Popular Virtual Reality (VR) tools allow users to draw varying-width, ribbon-like 3D brush strokes by moving a hand-held controller in 3D space. Artists frequently use dense collections of such strokes to draw virtual 3D shapes. We propose SurfaceBrush, a surfacing method that converts such VR drawings into user-intended manifold free-form 3D surfaces, providing a novel approach for modeling 3D shapes. The inputs to our method consist of dense collections of artist-drawn stroke ribbons described by the positions and normals of their central polylines, and ribbon widths. These inputs are highly distinct from those handled by existing surfacing frameworks and exhibit different sparsity and error patterns, necessitating a novel surfacing approach. We surface the input stroke drawings by identifying and leveraging local coherence between nearby artist strokes. In particular, we observe that strokes intended to be adjacent on the artist imagined surface often have similar tangent directions along their respective polylines. We leverage this local stroke direction consistency by casting the computation of the user-intended manifold surface as a constrained matching problem on stroke polyline vertices and edges. We first detect and smoothly connect adjacent similarly-directed sequences of stroke edges producing one or more manifold partial surfaces. We then complete the surfacing process by identifying and connecting adjacent similarly directed edges along the borders of these partial surfaces. We confirm the usability of the SurfaceBrush interface and the validity of our drawing analysis via an observational study. We validate our stroke surfacing algorithm by demonstrating an array of manifold surfaces computed by our framework starting from a range of inputs of varying complexity, and by comparing our outputs to reconstructions computed using alternative means.","['Enrique Rosales', 'Jafet Rodriguez', 'Alla Sheffer']",2019-04-28T10:23:06Z,http://arxiv.org/abs/1904.12297v1,['cs.GR'],
"Improving the Usability of Virtual Reality Neuron Tracing with
  Topological Elements","Researchers in the field of connectomics are working to reconstruct a map of neural connections in the brain in order to understand at a fundamental level how the brain processes information. Constructing this wiring diagram is done by tracing neurons through high-resolution image stacks acquired with fluorescence microscopy imaging techniques. While a large number of automatic tracing algorithms have been proposed, these frequently rely on local features in the data and fail on noisy data or ambiguous cases, requiring time-consuming manual correction. As a result, manual and semi-automatic tracing methods remain the state-of-the-art for creating accurate neuron reconstructions. We propose a new semi-automatic method that uses topological features to guide users in tracing neurons and integrate this method within a virtual reality (VR) framework previously used for manual tracing. Our approach augments both visualization and interaction with topological elements, allowing rapid understanding and tracing of complex morphologies. In our pilot study, neuroscientists demonstrated a strong preference for using our tool over prior approaches, reported less fatigue during tracing, and commended the ability to better understand possible paths and alternatives. Quantitative evaluation of the traces reveals that users' tracing speed increased, while retaining similar accuracy compared to a fully manual approach.","['Torin McDonald', 'Will Usher', 'Nate Morrical', 'Attila Gyulassy', 'Steve Petruzza', 'Frederick Federer', 'Alessandra Angelucci', 'Valerio Pascucci']",2020-09-03T19:20:50Z,http://arxiv.org/abs/2009.01891v1,['cs.GR'],
EgoCap: Egocentric Marker-less Motion Capture with Two Fisheye Cameras,"Marker-based and marker-less optical skeletal motion-capture methods use an outside-in arrangement of cameras placed around a scene, with viewpoints converging on the center. They often create discomfort by possibly needed marker suits, and their recording volume is severely restricted and often constrained to indoor scenes with controlled backgrounds. Alternative suit-based systems use several inertial measurement units or an exoskeleton to capture motion. This makes capturing independent of a confined volume, but requires substantial, often constraining, and hard to set up body instrumentation. We therefore propose a new method for real-time, marker-less and egocentric motion capture which estimates the full-body skeleton pose from a lightweight stereo pair of fisheye cameras that are attached to a helmet or virtual reality headset. It combines the strength of a new generative pose estimation framework for fisheye views with a ConvNet-based body-part detector trained on a large new dataset. Our inside-in method captures full-body motion in general indoor and outdoor scenes, and also crowded scenes with many people in close vicinity. The captured user can freely move around, which enables reconstruction of larger-scale activities and is particularly useful in virtual reality to freely roam and interact, while seeing the fully motion-captured virtual body.","['Helge Rhodin', 'Christian Richardt', 'Dan Casas', 'Eldar Insafutdinov', 'Mohammad Shafiei', 'Hans-Peter Seidel', 'Bernt Schiele', 'Christian Theobalt']",2016-09-23T10:46:19Z,http://arxiv.org/abs/1609.07306v1,['cs.CV'],
"Automatic Recommendation of Strategies for Minimizing Discomfort in
  Virtual Environments","Virtual reality (VR) is an imminent trend in games, education, entertainment, military, and health applications, as the use of head-mounted displays is becoming accessible to the mass market. Virtual reality provides immersive experiences but still does not offer an entirely perfect situation, mainly due to Cybersickness (CS) issues. In this work, we first present a detailed review about possible causes of CS. Following, we propose a novel CS prediction solution. Our system is able to suggest if the user may be entering in the next moments of the application into an illness situation. We use Random Forest classifiers, based on a dataset we have produced. The CSPQ (Cybersickness Profile Questionnaire) is also proposed, which is used to identify the player's susceptibility to CS and the dataset construction. In addition, we designed two immersive environments for empirical studies where participants are asked to complete the questionnaire and describe (orally) the degree of discomfort during their gaming experience. Our data was achieved through 84 individuals on different days, using VR devices. Our proposal also allows us to identify which are the most frequent attributes (causes) in the observed discomfort situations.","['Thiago Porcino', 'Esteban Clua', 'Daniela Trevisan', 'Érick Rodrigues', 'Alexandre Silva']",2020-06-27T19:28:48Z,http://arxiv.org/abs/2006.15432v1,"['cs.HC', 'cs.GR', 'cs.LG']",
"Unmasking Communication Partners: A Low-Cost AI Solution for Digitally
  Removing Head-Mounted Displays in VR-Based Telepresence","Face-to-face conversation in Virtual Reality (VR) is a challenge when participants wear head-mounted displays (HMD). A significant portion of a participant's face is hidden and facial expressions are difficult to perceive. Past research has shown that high-fidelity face reconstruction with personal avatars in VR is possible under laboratory conditions with high-cost hardware. In this paper, we propose one of the first low-cost systems for this task which uses only open source, free software and affordable hardware. Our approach is to track the user's face underneath the HMD utilizing a Convolutional Neural Network (CNN) and generate corresponding expressions with Generative Adversarial Networks (GAN) for producing RGBD images of the person's face. We use commodity hardware with low-cost extensions such as 3D-printed mounts and miniature cameras. Our approach learns end-to-end without manual intervention, runs in real time, and can be trained and executed on an ordinary gaming computer. We report evaluation results showing that our low-cost system does not achieve the same fidelity of research prototypes using high-end hardware and closed source software, but it is capable of creating individual facial avatars with person-specific characteristics in movements and expressions.","['Philipp Ladwig', 'Alexander Pech', 'Ralf Dörner', 'Christian Geiger']",2020-11-06T23:17:12Z,http://arxiv.org/abs/2011.03630v1,"['cs.GR', 'cs.CV']",
"Digital Reconstruction of Elmina Castle for Mobile Virtual Reality via
  Point-based Detail Transfer","Reconstructing 3D models from large, dense point clouds is critical to enable Virtual Reality (VR) as a platform for entertainment, education, and heritage preservation. Existing 3D reconstruction systems inevitably make trade-offs between three conflicting goals: the efficiency of reconstruction (e.g., time and memory requirements), the visual quality of the constructed scene, and the rendering speed on the VR device. This paper proposes a reconstruction system that simultaneously meets all three goals. The key idea is to avoid the resource-demanding process of reconstructing a high-polygon mesh altogether. Instead, we propose to directly transfer details from the original point cloud to a low polygon mesh, which significantly reduces the reconstruction time and cost, preserves the scene details, and enables real-time rendering on mobile VR devices.   While our technique is general, we demonstrate it in reconstructing cultural heritage sites. We for the first time digitally reconstruct the Elmina Castle, a UNESCO world heritage site at Ghana, from billions of laser-scanned points. The reconstruction process executes on low-end desktop systems without requiring high processing power, making it accessible to the broad community. The reconstructed scenes render on Oculus Go in 60 FPS, providing a real-time VR experience with high visual quality. Our project is part of the Digital Elmina effort (http://digitalelmina.org/) between University of Rochester and University of Ghana.","['Sifan Ye', 'Ting Wu', 'Michael Jarvis', 'Yuhao Zhu']",2020-12-19T17:11:43Z,http://arxiv.org/abs/2012.10739v3,['cs.MM'],
"Improved Perception of AEC Construction Details via Immersive Teaching
  in Virtual Reality","This work proposes, implements and tests an immersive framework upon Virtual Reality (VR) for comprehension, knowledge development and learning process assisting an improved perception of complex spatial arrangements in AEC in comparison to the traditional 2D projection drawing-based method. The research focuses on the prototypical example of construction details as a traditionally difficult teaching task for conveying geometric and semantic information to students. Our mixed-methods study analyses test results of two test panel groups upon different questions about geometric and functional aspects of the construction detail as well as surveys and interviews of participating lecturers, students and laypersons towards their experience using the VR tool. The quantitative analysis of the test results prove that for participants with little pre-existing knowledge (such as novice students), a significantly better learning score for the test group is detected. Moreover, both groups rated the VR experience as an enjoyable and engaging way of learning. Analysis of survey results towards the VR experience reveals, that students, lecturers and professionals alike enjoyed the VR experience more than traditional learning of the construction detail. During the post-experiment qualitative evaluation in the form of interviews, the panel expressed an improved understanding, increased enthusiasm for the topic, and greater desire for other topics to be presented using VR tools. The expressed better understanding of design concepts after the VR experience by the students is statistically significant on average in the exam results. The results support our core assumption, that the presentation of contextual 3D models is a promising teaching approach to illustrate content.","['Michael Kraus', 'Romana Rust', 'Maximilian Rietschel', 'Daniel Hall']",2022-09-21T19:22:25Z,http://arxiv.org/abs/2209.10617v1,['cs.HC'],
"A New Technique of the Virtual Reality Visualization of Complex Volume
  Images from the Computer Tomography and Magnetic Resonance Imaging","This paper presents a new technique for the virtual reality (VR) visu-alization of complex volume images obtained from computer tomography (CT) and Magnetic Resonance Imaging (MRI) by combining three-dimensional (3D) mesh processing and software coding within the gaming engine. The method operates on real representations of human organs avoiding any structural ap-proximations of the real physiological shape. In order to obtain realistic repre-sentation of the mesh model, geometrical and topological corrections are per-formed on the mesh surface with preserving real shape and geometric structure. Using mathematical intervention on the 3D model and mesh triangulation the second part of our algorithm ensures an automatic construction of new two-dimensional (2D) shapes that represent vector slices along any user chosen di-rection. The final result of our algorithm is developed software application that allows to user complete visual experience and perceptual exploration of real human organs through spatial manipulation of their 3D models. Thus our pro-posed method achieves a threefold effect: i) high definition VR representation of real models of human organs, ii) the real time generated slices of such a model along any directions, and iii) almost unlimited amount of training data for machine learning that is very useful in process of diagnosis. In addition, our developed application also offers significant benefits to educational process by ensuring interactive features and quality perceptual user experience.","['Iva Vasic', 'Roberto Pierdicca', 'Emanuele Frontoni', 'Bata Vasic']",2023-04-28T22:27:33Z,http://arxiv.org/abs/2305.00116v1,['cs.MM'],
"The Value of Extended Reality Techniques to Improve Remote Collaborative
  Maintenance Operations: A User Study","In the Architecture, Engineering and Construction (AEC) sector, data extracted from building information modelling (BIM) can be used to create a digital twin (DT). The algorithms of a BIM-based DT can facilitate the retrieval of information, which can then be used to improve building operation and maintenance procedures. However, with the increased complexity and automation of the building, maintenance operations are likely to become more complex and may require expert intervention. Collaboration and interaction between the operator and the expert may be limited as the latter may not be on site or within the company. Recently, extended reality (XR) technologies have proven to be effective in improving collaboration during maintenance operations,through data display and shared interactions. This paper presents a new collaborative solution using these technologies to enhance collaboration during remote maintenance operations. The proposed approach consists of a mixed reality (MR) set-up for the operator, a virtual reality (VR) set-up for the remote expert and a shared Digital Model of a heat exchanger. The MR set-up is used for tracking and displaying specific information, provided by the VR module. A user study was carried out to compare the efficiency of our solution with a standard audio-video collaboration. Our approach demonstrated substantial enhancements in collaborative inspection, resulting in a significative reduction in both the overall completion time of the inspection and the frequency of errors committed by the operators.","['Corentin Coupry', 'Paul Richard', 'David Bigaud', 'Sylvain Noblecourt', 'David Baudry']",2024-02-29T12:28:40Z,http://arxiv.org/abs/2403.05580v1,"['cs.HC', 'cs.GR']",
"Ergonomic Optimization in Worker-Robot Bimanual Object Handover:
  Implementing REBA Using Reinforcement Learning in Virtual Reality","Robots can serve as safety catalysts on construction job sites by taking over hazardous and repetitive tasks while alleviating the risks associated with existing manual workflows. Research on the safety of physical human-robot interaction (pHRI) is traditionally focused on addressing the risks associated with potential collisions. However, it is equally important to ensure that the workflows involving a collaborative robot are inherently safe, even though they may not result in an accident. For example, pHRI may require the human counterpart to use non-ergonomic body postures to conform to the robot hardware and physical configurations. Frequent and long-term exposure to such situations may result in chronic health issues. Safety and ergonomics assessment measures can be understood by robots if they are presented in algorithmic fashions so optimization for body postures is attainable. While frameworks such as Rapid Entire Body Assessment (REBA) have been an industry standard for many decades, they lack a rigorous mathematical structure which poses challenges in using them immediately for pHRI safety optimization purposes. Furthermore, learnable approaches have limited robustness outside of their training data, reducing generalizability. In this paper, we propose a novel framework that approaches optimization through Reinforcement Learning, ensuring precise, online ergonomic scores as compared to approximations, while being able to generalize and tune the regiment to any human and any task. To ensure practicality, the training is done in virtual reality utilizing Inverse Kinematics to simulate human movement mechanics. Experimental findings are compared to ergonomically naive object handover heuristics and indicate promising results where the developed framework can find the optimal object handover coordinates in pHRI contexts for manual material handling exemplary situations.","['Mani Amani', 'Reza Akhavian']",2024-03-18T18:03:08Z,http://arxiv.org/abs/2403.12149v1,['cs.RO'],
"Self-Avatar Animation in Virtual Reality: Impact of Motion Signals
  Artifacts on the Full-Body Pose Reconstruction","Virtual Reality (VR) applications have revolutionized user experiences by immersing individuals in interactive 3D environments. These environments find applications in numerous fields, including healthcare, education, or architecture. A significant aspect of VR is the inclusion of self-avatars, representing users within the virtual world, which enhances interaction and embodiment. However, generating lifelike full-body self-avatar animations remains challenging, particularly in consumer-grade VR systems, where lower-body tracking is often absent. One method to tackle this problem is by providing an external source of motion information that includes lower body information such as full Cartesian positions estimated from RGB(D) cameras. Nevertheless, the limitations of these systems are multiples: the desynchronization between the two motion sources and occlusions are examples of significant issues that hinder the implementations of such systems. In this paper, we aim to measure the impact on the reconstruction of the articulated self-avatar's full-body pose of (1) the latency between the VR motion features and estimated positions, (2) the data acquisition rate, (3) occlusions, and (4) the inaccuracy of the position estimation algorithm. In addition, we analyze the motion reconstruction errors using ground truth and 3D Cartesian coordinates estimated from \textit{YOLOv8} pose estimation. These analyzes show that the studied methods are significantly sensitive to any degradation tested, especially regarding the velocity reconstruction error.","['Antoine Maiorca', 'Seyed Abolfazl Ghasemzadeh', 'Thierry Ravet', 'François Cresson', 'Thierry Dutoit', 'Christophe De Vleeschouwer']",2024-04-29T12:02:06Z,http://arxiv.org/abs/2404.18628v1,['cs.CV'],
The Starlab Environment for Dense Stellar Systems,"Traditionally, a simulation of a dense stellar system required choosing an initial model, running an integrator, and analyzing the output. Almost all of the effort went into writing a clever integrator that could handle binaries, triples and encounters between various multiple systems efficiently. Recently, the scope and complexity of these simulations has increased dramatically, for three reasons: 1) the sheer size of the data sets, measured in Terabytes, make traditional `awking and grepping' of a single output file impractical; 2) the addition of stellar evolution data brings qualitatively new challenges to the data reduction; 3) increased realism of the simulations invites realistic forms of `SOS': Simulations of Observations of Simulations, to be compared directly with observations. We are now witnessing a shift toward the construction of archives as well as tailored forms of visualization including the use of virtual reality simulators and planetarium domes, and a coupling of both with budding efforts in constructing virtual observatories. This review describes these new trends, presenting Starlab as the first example of a full software environment for realistic large-scale simulations of dense stellar systems.",['Piet Hut'],2002-04-25T16:53:23Z,http://arxiv.org/abs/astro-ph/0204431v1,['astro-ph'],
Implementation of perception and action at nanoscale,"Real time combination of nanosensors and nanoactuators with virtual reality environment and multisensorial interfaces enable us to efficiently act and perceive at nanoscale. Advanced manipulation of nanoobjects and new strategies for scientific education are the key motivations. We have no existing intuitive representation of the nanoworld ruled by laws foreign to our experience. A central challenge is then the construction of nanoworld simulacrum that we can start to visit and to explore. In this nanoworld simulacrum, object identifications will be based on probed entity physical and chemical intrinsic properties, on their interactions with sensors and on the final choices made in building a multisensorial interface so that these objects become coherent elements of the human sphere of action and perception. Here we describe a 1D virtual nanomanipulator, part of the Cit\'e des Sciences EXPO NANO in Paris, that is the first realization based on this program.","['Sylvain Marlière', 'Jean Loup Florens', 'Florence Marchi', 'Annie Luciani', 'Joel Chevrier']",2008-01-04T13:38:39Z,http://arxiv.org/abs/0801.0678v1,"['cs.RO', 'cs.HC']",
"Intelligent Approaches to interact with Machines using Hand Gesture
  Recognition in Natural way: A Survey","Hand gestures recognition (HGR) is one of the main areas of research for the engineers, scientists and bioinformatics. HGR is the natural way of Human Machine interaction and today many researchers in the academia and industry are working on different application to make interactions more easy, natural and convenient without wearing any extra device. HGR can be applied from games control to vision enabled robot control, from virtual reality to smart home systems. In this paper we are discussing work done in the area of hand gesture recognition where focus is on the intelligent approaches including soft computing based methods like artificial neural network, fuzzy logic, genetic algorithms etc. The methods in the preprocessing of image for segmentation and hand image construction also taken into study. Most researchers used fingertips for hand detection in appearance based modeling. Finally the comparison of results given by different researchers is also presented.","['Ankit Chaudhary', 'J. L. Raheja', 'Karen Das', 'Sonia Raheja']",2013-03-10T08:29:48Z,http://arxiv.org/abs/1303.2292v1,"['cs.HC', 'cs.CV']",
BodyDigitizer: An Open Source Photogrammetry-based 3D Body Scanner,"With the rising popularity of Augmented and Virtual Reality, there is a need for representing humans as virtual avatars in various application domains ranging from remote telepresence, games to medical applications. Besides explicitly modelling 3D avatars, sensing approaches that create person-specific avatars are becoming popular. However, affordable solutions typically suffer from a low visual quality and professional solution are often too expensive to be deployed in nonprofit projects.   We present an open-source project, BodyDigitizer, which aims at providing both build instructions and configuration software for a high-resolution photogrammetry-based 3D body scanner. Our system encompasses up to 96 Rasperry PI cameras, active LED lighting, a sturdy frame construction and open-source configuration software. %We demonstrate the applicability of the body scanner in a nonprofit Mixed Reality health project. The detailed build instruction and software are available at http://www.bodydigitizer.org.","['Travis Gesslein', 'Daniel Scherer', 'Jens Grubert']",2017-10-03T20:10:10Z,http://arxiv.org/abs/1710.01370v2,"['cs.CV', 'cs.HC']",
Temporally Coherent General Dynamic Scene Reconstruction,"Existing techniques for dynamic scene reconstruction from multiple wide-baseline cameras primarily focus on reconstruction in controlled environments, with fixed calibrated cameras and strong prior constraints. This paper introduces a general approach to obtain a 4D representation of complex dynamic scenes from multi-view wide-baseline static or moving cameras without prior knowledge of the scene structure, appearance, or illumination. Contributions of the work are: An automatic method for initial coarse reconstruction to initialize joint estimation; Sparse-to-dense temporal correspondence integrated with joint multi-view segmentation and reconstruction to introduce temporal coherence; and a general robust approach for joint segmentation refinement and dense reconstruction of dynamic scenes by introducing shape constraint. Comparison with state-of-the-art approaches on a variety of complex indoor and outdoor scenes, demonstrates improved accuracy in both multi-view segmentation and dense reconstruction. This paper demonstrates unsupervised reconstruction of complete temporally coherent 4D scene models with improved non-rigid object segmentation and shape reconstruction and its application to free-viewpoint rendering and virtual reality.","['Armin Mustafa', 'Marco Volino', 'Hansung Kim', 'Jean-Yves Guillemaut', 'Adrian Hilton']",2019-07-18T12:33:25Z,http://arxiv.org/abs/1907.08195v2,['cs.CV'],
Graph-Based Classification of Omnidirectional Images,"Omnidirectional cameras are widely used in such areas as robotics and virtual reality as they provide a wide field of view. Their images are often processed with classical methods, which might unfortunately lead to non-optimal solutions as these methods are designed for planar images that have different geometrical properties than omnidirectional ones. In this paper we study image classification task by taking into account the specific geometry of omnidirectional cameras with graph-based representations. In particular, we extend deep learning architectures to data on graphs; we propose a principled way of graph construction such that convolutional filters respond similarly for the same pattern on different positions of the image regardless of lens distortions. Our experiments show that the proposed method outperforms current techniques for the omnidirectional image classification problem.","['Renata Khasanova', 'Pascal Frossard']",2017-07-26T06:39:45Z,http://arxiv.org/abs/1707.08301v1,"['cs.CV', 'cs.LG']",
PlaneRCNN: 3D Plane Detection and Reconstruction from a Single Image,"This paper proposes a deep neural architecture, PlaneRCNN, that detects and reconstructs piecewise planar surfaces from a single RGB image. PlaneRCNN employs a variant of Mask R-CNN to detect planes with their plane parameters and segmentation masks. PlaneRCNN then jointly refines all the segmentation masks with a novel loss enforcing the consistency with a nearby view during training. The paper also presents a new benchmark with more fine-grained plane segmentations in the ground-truth, in which, PlaneRCNN outperforms existing state-of-the-art methods with significant margins in the plane detection, segmentation, and reconstruction metrics. PlaneRCNN makes an important step towards robust plane extraction, which would have an immediate impact on a wide range of applications including Robotics, Augmented Reality, and Virtual Reality.","['Chen Liu', 'Kihwan Kim', 'Jinwei Gu', 'Yasutaka Furukawa', 'Jan Kautz']",2018-12-10T20:35:55Z,http://arxiv.org/abs/1812.04072v2,['cs.CV'],
X-Section: Cross-Section Prediction for Enhanced RGBD Fusion,"Detailed 3D reconstruction is an important challenge with application to robotics, augmented and virtual reality, which has seen impressive progress throughout the past years. Advancements were driven by the availability of depth cameras (RGB-D), as well as increased compute power, e.g.\ in the form of GPUs -- but also thanks to inclusion of machine learning in the process. Here, we propose X-Section, an RGB-D 3D reconstruction approach that leverages deep learning to make object-level predictions about thicknesses that can be readily integrated into a volumetric multi-view fusion process, where we propose an extension to the popular KinectFusion approach. In essence, our method allows to complete shape in general indoor scenes behind what is sensed by the RGB-D camera, which may be crucial e.g.\ for robotic manipulation tasks or efficient scene exploration. Predicting object thicknesses rather than volumes allows us to work with comparably high spatial resolution without exploding memory and training data requirements on the employed Convolutional Neural Networks. In a series of qualitative and quantitative evaluations, we demonstrate how we accurately predict object thickness and reconstruct general 3D scenes containing multiple objects.","['Andrea Nicastro', 'Ronald Clark', 'Stefan Leutenegger']",2019-03-03T20:58:04Z,http://arxiv.org/abs/1903.00987v3,['cs.CV'],
"Hazard recognition in an immersive virtual environment: Framework for
  the simultaneous analysis of visual search and EEG patterns","Unmanaged hazards in dangerous construction environments proved to be one of the main sources of injuries and accidents. Hazard recognition is crucial to achieve effective safety management and reduce injuries and fatalities in hazardous job sites. Still, there has been lack of effort that can efficiently assist workers in improving their hazard recognition skills. This study presents virtual safety training in an Immersive Virtual Environment (IVE) to enhance worker's hazard recognition skills. A worker wearing a Virtual Reality (VR) device, that is equipped with an eye-tracker, virtually recognizes hazards on simulated construction sites while a brainwave-sensing device records brain activities. This platform can analyze the overall performance of the workers in a visual hazard recognition task and identify hazards that need additional intervention for each worker. This study provides novel insights on how a worker's brain and eye act simultaneously during a visual hazard recognition process. The presented method can take current safety training programs into another level by providing personalized feedback to the workers.","['Mojtaba Noghabaei', 'Kevin Han']",2020-03-14T20:12:38Z,http://arxiv.org/abs/2003.09494v1,"['cs.HC', 'cs.CY', 'eess.SP']",
"A Survey Study to Understand Industry Vision for Virtual and Augmented
  Reality Applications in Design and Construction","With advances in Building Information Modeling (BIM), Virtual Reality (VR) and Augmented Reality (AR) technologies have many potential applications in the Architecture, Engineering, and Construction (AEC) industry. However, the AEC industry, relative to other industries, has been slow in adopting AR/VR technologies, partly due to lack of feasibility studies examining the actual cost of implementation versus an increase in profit. The main objectives of this paper are to understand the industry trends in adopting AR/VR technologies and identifying gaps between AEC research and industry practices. The identified gaps can lead to opportunities for developing new tools and finding new use cases. To achieve these goals, two rounds of a survey at two different time periods (a year apart) were conducted. Responses from 158 industry experts and researchers were analyzed to assess the current state, growth, and saving opportunities for AR/VR technologies for the AEC industry. The authors used t-test for hypothesis testing. The findings show a significant increase in AR/VR utilization in the AEC industry over the past year from 2017 to 2018. The industry experts also anticipate strong growth in the use of AR/VR technologies over the next 5 to 10 years.","['Mojtaba Noghabaei', 'Arsalan Heydarian', 'Vahid Balali', 'Kevin Han']",2020-05-06T13:16:05Z,http://arxiv.org/abs/2005.02795v1,['cs.CY'],
"Multi-Dimension Fusion Network for Light Field Spatial Super-Resolution
  using Dynamic Filters","Light field cameras have been proved to be powerful tools for 3D reconstruction and virtual reality applications. However, the limited resolution of light field images brings a lot of difficulties for further information display and extraction. In this paper, we introduce a novel learning-based framework to improve the spatial resolution of light fields. First, features from different dimensions are parallelly extracted and fused together in our multi-dimension fusion architecture. These features are then used to generate dynamic filters, which extract subpixel information from micro-lens images and also implicitly consider the disparity information. Finally, more high-frequency details learned in the residual branch are added to the upsampled images and the final super-resolved light fields are obtained. Experimental results show that the proposed method uses fewer parameters but achieves better performances than other state-of-the-art methods in various kinds of datasets. Our reconstructed images also show sharp details and distinct lines in both sub-aperture images and epipolar plane images.","['Qingyan Sun', 'Shuo Zhang', 'Song Chang', 'Lixi Zhu', 'Youfang Lin']",2020-08-26T09:05:07Z,http://arxiv.org/abs/2008.11449v1,"['eess.IV', 'cs.CV']",
Light Field Compression by Residual CNN Assisted JPEG,"Light field (LF) imaging has gained significant attention due to its recent success in 3-dimensional (3D) displaying and rendering as well as augmented and virtual reality usage. Nonetheless, because of the two extra dimensions, LFs are much larger than conventional images. We develop a JPEG-assisted learning-based technique to reconstruct an LF from a JPEG bitstream with a bit per pixel ratio of 0.0047 on average. For compression, we keep the LF's center view and use JPEG compression with 50% quality. Our reconstruction pipeline consists of a small JPEG enhancement network (JPEG-Hance), a depth estimation network (Depth-Net), followed by view synthesizing by warping the enhanced center view. Our pipeline is significantly faster than using video compression on pseudo-sequences extracted from an LF, both in compression and decompression, while maintaining effective performance. We show that with a 1% compression time cost and 18x speedup for decompression, our methods reconstructed LFs have better structural similarity index metric (SSIM) and comparable peak signal-to-noise ratio (PSNR) compared to the state-of-the-art video compression techniques used to compress LFs.","['Eisa Hedayati', 'Timothy C. Havens', 'Jeremy P. Bos']",2020-09-30T19:09:37Z,http://arxiv.org/abs/2010.00062v2,"['eess.IV', 'cs.LG']",
"S3: Neural Shape, Skeleton, and Skinning Fields for 3D Human Modeling","Constructing and animating humans is an important component for building virtual worlds in a wide variety of applications such as virtual reality or robotics testing in simulation. As there are exponentially many variations of humans with different shape, pose and clothing, it is critical to develop methods that can automatically reconstruct and animate humans at scale from real world data. Towards this goal, we represent the pedestrian's shape, pose and skinning weights as neural implicit functions that are directly learned from data. This representation enables us to handle a wide variety of different pedestrian shapes and poses without explicitly fitting a human parametric body model, allowing us to handle a wider range of human geometries and topologies. We demonstrate the effectiveness of our approach on various datasets and show that our reconstructions outperform existing state-of-the-art methods. Furthermore, our re-animation experiments show that we can generate 3D human animations at scale from a single RGB image (and/or an optional LiDAR sweep) as input.","['Ze Yang', 'Shenlong Wang', 'Sivabalan Manivasagam', 'Zeng Huang', 'Wei-Chiu Ma', 'Xinchen Yan', 'Ersin Yumer', 'Raquel Urtasun']",2021-01-17T02:16:56Z,http://arxiv.org/abs/2101.06571v1,['cs.CV'],
"I2UV-HandNet: Image-to-UV Prediction Network for Accurate and
  High-fidelity 3D Hand Mesh Modeling","Reconstructing a high-precision and high-fidelity 3D human hand from a color image plays a central role in replicating a realistic virtual hand in human-computer interaction and virtual reality applications. The results of current methods are lacking in accuracy and fidelity due to various hand poses and severe occlusions. In this study, we propose an I2UV-HandNet model for accurate hand pose and shape estimation as well as 3D hand super-resolution reconstruction. Specifically, we present the first UV-based 3D hand shape representation. To recover a 3D hand mesh from an RGB image, we design an AffineNet to predict a UV position map from the input in an image-to-image translation fashion. To obtain a higher fidelity shape, we exploit an additional SRNet to transform the low-resolution UV map outputted by AffineNet into a high-resolution one. For the first time, we demonstrate the characterization capability of the UV-based hand shape representation. Our experiments show that the proposed method achieves state-of-the-art performance on several challenging benchmarks.","['Ping Chen', 'Yujin Chen', 'Dong Yang', 'Fangyin Wu', 'Qin Li', 'Qingpei Xia', 'Yong Tan']",2021-02-07T05:49:50Z,http://arxiv.org/abs/2102.03725v2,['cs.CV'],
Deep Learning for Multi-View Stereo via Plane Sweep: A Survey,"3D reconstruction has lately attracted increasing attention due to its wide application in many areas, such as autonomous driving, robotics and virtual reality. As a dominant technique in artificial intelligence, deep learning has been successfully adopted to solve various computer vision problems. However, deep learning for 3D reconstruction is still at its infancy due to its unique challenges and varying pipelines. To stimulate future research, this paper presents a review of recent progress in deep learning methods for Multi-view Stereo (MVS), which is considered as a crucial task of image-based 3D reconstruction. It also presents comparative results on several publicly available datasets, with insightful observations and inspiring future research directions.","['Qingtian Zhu', 'Chen Min', 'Zizhuang Wei', 'Yisong Chen', 'Guoping Wang']",2021-06-18T14:10:44Z,http://arxiv.org/abs/2106.15328v2,['cs.CV'],
"VREUD -- An End-User Development Tool to Simplify the Creation of
  Interactive VR Scenes","Recent advances in Virtual Reality (VR) technology and the increased availability of VR-equipped devices enable a wide range of consumer-oriented applications. For novice developers, however, creating interactive scenes for VR applications is a complex and cumbersome task that requires high technical knowledge which is often missing. This hinders the potential of enabling novices to create, modify, and execute their own interactive VR scenes. Although recent authoring tools for interactive VR scenes are promising, most of them focus on expert professionals as the target group and neglect the novices with low programming knowledge. To lower the entry barrier, we provide an open-source web-based End-User Development (EUD) tool, called VREUD, that supports the rapid construction and execution of interactive VR scenes. Concerning construction, VREUD enables the specification of the VR scene including interactions and tasks. Furthermore, VREUD supports the execution and immersive experience of the created interactive VR scenes on VR head-mounted displays. Based on a user study, we have analyzed the effectiveness, efficiency, and user satisfaction of VREUD which shows promising results to empower novices in creating their interactive VR scenes.","['Enes Yigitbas', 'Jonas Klauke', 'Sebastian Gottschalk', 'Gregor Engels']",2021-07-01T11:30:42Z,http://arxiv.org/abs/2107.00377v1,['cs.HC'],
Attention based Occlusion Removal for Hybrid Telepresence Systems,"Traditionally, video conferencing is a widely adopted solution for telecommunication, but a lack of immersiveness comes inherently due to the 2D nature of facial representation. The integration of Virtual Reality (VR) in a communication/telepresence system through Head Mounted Displays (HMDs) promises to provide users a much better immersive experience. However, HMDs cause hindrance by blocking the facial appearance and expressions of the user. To overcome these issues, we propose a novel attention-enabled encoder-decoder architecture for HMD de-occlusion. We also propose to train our person-specific model using short videos (1-2 minutes) of the user, captured in varying appearances, and demonstrated generalization to unseen poses and appearances of the user. We report superior qualitative and quantitative results over state-of-the-art methods. We also present applications of this approach to hybrid video teleconferencing using existing animation and 3D face reconstruction pipelines.","['Surabhi Gupta', 'Ashwath Shetty', 'Avinash Sharma']",2021-12-02T10:18:22Z,http://arxiv.org/abs/2112.01098v1,['cs.CV'],
"Sharing Construction Safety Inspection Experiences and Site-Specific
  Knowledge through XR-Augmented Visual Assistance","Early identification of on-site hazards is crucial for accident prevention in the construction industry. Currently, the construction industry relies on experienced safety advisors (SAs) to identify site hazards and generate mitigation measures to guide field workers. However, more than half of the site hazards remain unrecognized due to the lack of field experience or site-specific knowledge of some SAs. To address these limitations, this study proposed an Extended Reality (XR)-augmented visual assistance framework, including Virtual Reality (VR) and Augmented Reality (AR), that enables capturing and transferring subconscious inspection strategies between workers or workers/machines for a construction safety inspection. The purpose is to enhance SA's training and real-time situational awareness for identifying on-site hazards while reducing their mental workloads.","['Pengkun Liu', 'Jinding Xing', 'Ruoxin Xiong', 'Pingbo Tang']",2022-05-31T14:37:22Z,http://arxiv.org/abs/2205.15833v1,['cs.HC'],
NeuralPassthrough: Learned Real-Time View Synthesis for VR,"Virtual reality (VR) headsets provide an immersive, stereoscopic visual experience, but at the cost of blocking users from directly observing their physical environment. Passthrough techniques are intended to address this limitation by leveraging outward-facing cameras to reconstruct the images that would otherwise be seen by the user without the headset. This is inherently a real-time view synthesis challenge, since passthrough cameras cannot be physically co-located with the eyes. Existing passthrough techniques suffer from distracting reconstruction artifacts, largely due to the lack of accurate depth information (especially for near-field and disoccluded objects), and also exhibit limited image quality (e.g., being low resolution and monochromatic). In this paper, we propose the first learned passthrough method and assess its performance using a custom VR headset that contains a stereo pair of RGB cameras. Through both simulations and experiments, we demonstrate that our learned passthrough method delivers superior image quality compared to state-of-the-art methods, while meeting strict VR requirements for real-time, perspective-correct stereoscopic view synthesis over a wide field of view for desktop-connected headsets.","['Lei Xiao', 'Salah Nouri', 'Joel Hegland', 'Alberto Garcia Garcia', 'Douglas Lanman']",2022-07-05T17:39:22Z,http://arxiv.org/abs/2207.02186v1,"['cs.CV', 'cs.LG']",
"IPDAE: Improved Patch-Based Deep Autoencoder for Lossy Point Cloud
  Geometry Compression","Point cloud is a crucial representation of 3D contents, which has been widely used in many areas such as virtual reality, mixed reality, autonomous driving, etc. With the boost of the number of points in the data, how to efficiently compress point cloud becomes a challenging problem. In this paper, we propose a set of significant improvements to patch-based point cloud compression, i.e., a learnable context model for entropy coding, octree coding for sampling centroid points, and an integrated compression and training process. In addition, we propose an adversarial network to improve the uniformity of points during reconstruction. Our experiments show that the improved patch-based autoencoder outperforms the state-of-the-art in terms of rate-distortion performance, on both sparse and large-scale point clouds. More importantly, our method can maintain a short compression time while ensuring the reconstruction quality.","['Kang You', 'Pan Gao', 'Qing Li']",2022-08-04T08:12:35Z,http://arxiv.org/abs/2208.02519v1,"['cs.CV', 'cs.IT', 'cs.MM', 'eess.IV', 'math.IT']",
"End-to-End Multi-View Structure-from-Motion with Hypercorrelation
  Volumes","Image-based 3D reconstruction is one of the most important tasks in Computer Vision with many solutions proposed over the last few decades. The objective is to extract metric information i.e. the geometry of scene objects directly from images. These can then be used in a wide range of applications such as film, games, virtual reality, etc. Recently, deep learning techniques have been proposed to tackle this problem. They rely on training on vast amounts of data to learn to associate features between images through deep convolutional neural networks and have been shown to outperform traditional procedural techniques. In this paper, we improve on the state-of-the-art two-view structure-from-motion(SfM) approach of [11] by incorporating 4D correlation volume for more accurate feature matching and reconstruction. Furthermore, we extend it to the general multi-view case and evaluate it on the complex benchmark dataset DTU [4]. Quantitative evaluations and comparisons with state-of-the-art multi-view 3D reconstruction methods demonstrate its superiority in terms of the accuracy of reconstructions.","['Qiao Chen', 'Charalambos Poullis']",2022-09-14T20:58:44Z,http://arxiv.org/abs/2209.06926v1,['cs.CV'],
"OmniNeRF: Hybriding Omnidirectional Distance and Radiance fields for
  Neural Surface Reconstruction","3D reconstruction from images has wide applications in Virtual Reality and Automatic Driving, where the precision requirement is very high. Ground-breaking research in the neural radiance field (NeRF) by utilizing Multi-Layer Perceptions has dramatically improved the representation quality of 3D objects. Some later studies improved NeRF by building truncated signed distance fields (TSDFs) but still suffer from the problem of blurred surfaces in 3D reconstruction. In this work, this surface ambiguity is addressed by proposing a novel way of 3D shape representation, OmniNeRF. It is based on training a hybrid implicit field of Omni-directional Distance Field (ODF) and neural radiance field, replacing the apparent density in NeRF with omnidirectional information. Moreover, we introduce additional supervision on the depth map to further improve reconstruction quality. The proposed method has been proven to effectively deal with NeRF defects at the edges of the surface reconstruction, providing higher quality 3D scene reconstruction results.","['Jiaming Shen', 'Bolin Song', 'Zirui Wu', 'Yi Xu']",2022-09-27T14:39:23Z,http://arxiv.org/abs/2209.13433v1,['cs.CV'],
"3D Reconstruction of Sculptures from Single Images via Unsupervised
  Domain Adaptation on Implicit Models","Acquiring the virtual equivalent of exhibits, such as sculptures, in virtual reality (VR) museums, can be labour-intensive and sometimes infeasible. Deep learning based 3D reconstruction approaches allow us to recover 3D shapes from 2D observations, among which single-view-based approaches can reduce the need for human intervention and specialised equipment in acquiring 3D sculptures for VR museums. However, there exist two challenges when attempting to use the well-researched human reconstruction methods: limited data availability and domain shift. Considering sculptures are usually related to humans, we propose our unsupervised 3D domain adaptation method for adapting a single-view 3D implicit reconstruction model from the source (real-world humans) to the target (sculptures) domain. We have compared the generated shapes with other methods and conducted ablation studies as well as a user study to demonstrate the effectiveness of our adaptation method. We also deploy our results in a VR application.","['Ziyi Chang', 'George Alex Koulieris', 'Hubert P. H. Shum']",2022-10-09T13:48:00Z,http://arxiv.org/abs/2210.04265v1,['cs.CV'],
"Self-Supervised 3D Human Pose Estimation in Static Video Via Neural
  Rendering","Inferring 3D human pose from 2D images is a challenging and long-standing problem in the field of computer vision with many applications including motion capture, virtual reality, surveillance or gait analysis for sports and medicine. We present preliminary results for a method to estimate 3D pose from 2D video containing a single person and a static background without the need for any manual landmark annotations. We achieve this by formulating a simple yet effective self-supervision task: our model is required to reconstruct a random frame of a video given a frame from another timepoint and a rendered image of a transformed human shape template. Crucially for optimisation, our ray casting based rendering pipeline is fully differentiable, enabling end to end training solely based on the reconstruction task.","['Luca Schmidtke', 'Benjamin Hou', 'Athanasios Vlontzos', 'Bernhard Kainz']",2022-10-10T09:24:07Z,http://arxiv.org/abs/2210.04514v1,"['cs.CV', 'cs.AI', 'cs.GR']",
"A Modular Multi-stage Lightweight Graph Transformer Network for Human
  Pose and Shape Estimation from 2D Human Pose","In this research, we address the challenge faced by existing deep learning-based human mesh reconstruction methods in balancing accuracy and computational efficiency. These methods typically prioritize accuracy, resulting in large network sizes and excessive computational complexity, which may hinder their practical application in real-world scenarios, such as virtual reality systems. To address this issue, we introduce a modular multi-stage lightweight graph-based transformer network for human pose and shape estimation from 2D human pose, a pose-based human mesh reconstruction approach that prioritizes computational efficiency without sacrificing reconstruction accuracy. Our method consists of a 2D-to-3D lifter module that utilizes graph transformers to analyze structured and implicit joint correlations in 2D human poses, and a mesh regression module that combines the extracted pose features with a mesh template to produce the final human mesh parameters.","['Ayman Ali', 'Ekkasit Pinyoanuntapong', 'Pu Wang', 'Mohsen Dorodchi']",2023-01-31T04:42:47Z,http://arxiv.org/abs/2301.13403v1,"['cs.CV', 'cs.AI']",
"Demonstration of a Standalone, Descriptive, and Predictive Digital Twin
  of a Floating Offshore Wind Turbine","Digital Twins bring several benefits for planning, operation, and maintenance of remote offshore assets. In this work, we explain the digital twin concept and the capability level scale in the context of wind energy. Furthermore, we demonstrate a standalone digital twin, a descriptive digital twin, and a prescriptive digital twin of an operational floating offshore wind turbine. The standalone digital twin consists of the virtual representation of the wind turbine and its operating environment. While at this level the digital twin does not evolve with the physical turbine, it can be used during the planning-, design-, and construction phases. At the next level, the descriptive digital twin is built upon the standalone digital twin by enhancing the latter with real data from the turbine. All the data is visualized in virtual reality for informed decision-making. Besides being used for data bundling and visualization, the descriptive digital twin forms the basis for diagnostic, predictive, prescriptive, and autonomous tools. A predictive digital twin is created through the use of weather forecasts, neural networks, and transfer learning. Finally, digital twin technology is discussed in a much wider context of ocean engineering.","['Florian Stadtmann', 'Henrik Gusdal Wassertheurer', 'Adil Rasheed']",2023-04-03T15:53:22Z,http://arxiv.org/abs/2304.01093v1,['eess.SP'],
"Pilgrimage to Pureland: Art, Perception and the Wutai Mural VR
  Reconstruction","Virtual reality (VR) supports audiences to engage with cultural heritage proactively. We designed an easy-to-access and guided Pilgrimage To Pureland VR reconstruction of Dunhuang Mogao Grottoes to offer the general public an accessible and engaging way to explore the Dunhuang murals. We put forward an immersive VR reconstruction paradigm that can efficiently convert complex 2D artwork into a VR environment. We reconstructed the Mt. Wutai pilgrimage mural in Cave 61, Mogao Grottoes, Dunhuang, into an immersive VR environment and created a plot-based and interactive experience that offers users a more accessible solution to visit, understand and appreciate the complex religious, historical, and artistic value of Dunhuang murals. \textcolor{black}{Our system remarkably smoothed users' approaches to those elusive cultural heritages. Appropriate adaptation of plots and 3D VR transfer consistent with the original art style could enhance the accessibility of cultural heritages.","['Rongxuan Mu', 'Yuhe Nie', 'Kent Cao', 'Ruoxin You', 'Yinzong Wei', 'Xin Tong']",2023-04-15T08:42:51Z,http://arxiv.org/abs/2304.07511v1,['cs.HC'],
"Towards Large-Scale Incremental Dense Mapping using Robot-centric
  Implicit Neural Representation","Large-scale dense mapping is vital in robotics, digital twins, and virtual reality. Recently, implicit neural mapping has shown remarkable reconstruction quality. However, incremental large-scale mapping with implicit neural representations remains problematic due to low efficiency, limited video memory, and the catastrophic forgetting phenomenon. To counter these challenges, we introduce the Robot-centric Implicit Mapping (RIM) technique for large-scale incremental dense mapping. This method employs a hybrid representation, encoding shapes with implicit features via a multi-resolution voxel map and decoding signed distance fields through a shallow MLP. We advocate for a robot-centric local map to boost model training efficiency and curb the catastrophic forgetting issue. A decoupled scalable global map is further developed to archive learned features for reuse and maintain constant video memory consumption. Validation experiments demonstrate our method's exceptional quality, efficiency, and adaptability across diverse scales and scenes over advanced dense mapping methods using range sensors. Our system's code will be accessible at https://github.com/HITSZ-NRSL/RIM.git.","['Jianheng Liu', 'Haoyao Chen']",2023-06-18T04:26:12Z,http://arxiv.org/abs/2306.10472v3,['cs.RO'],
Panoramas from Photons,"Scene reconstruction in the presence of high-speed motion and low illumination is important in many applications such as augmented and virtual reality, drone navigation, and autonomous robotics. Traditional motion estimation techniques fail in such conditions, suffering from too much blur in the presence of high-speed motion and strong noise in low-light conditions. Single-photon cameras have recently emerged as a promising technology capable of capturing hundreds of thousands of photon frames per second thanks to their high speed and extreme sensitivity. Unfortunately, traditional computer vision techniques are not well suited for dealing with the binary-valued photon data captured by these cameras because these are corrupted by extreme Poisson noise. Here we present a method capable of estimating extreme scene motion under challenging conditions, such as low light or high dynamic range, from a sequence of high-speed image frames such as those captured by a single-photon camera. Our method relies on iteratively improving a motion estimate by grouping and aggregating frames after-the-fact, in a stratified manner. We demonstrate the creation of high-quality panoramas under fast motion and extremely low light, and super-resolution results using a custom single-photon camera prototype. For code and supplemental material see our $\href{https://wisionlab.com/project/panoramas-from-photons/}{\text{project webpage}}$.","['Sacha Jungerman', 'Atul Ingle', 'Mohit Gupta']",2023-09-07T16:07:31Z,http://arxiv.org/abs/2309.03811v1,['cs.CV'],
ArtHDR-Net: Perceptually Realistic and Accurate HDR Content Creation,"High Dynamic Range (HDR) content creation has become an important topic for modern media and entertainment sectors, gaming and Augmented/Virtual Reality industries. Many methods have been proposed to recreate the HDR counterparts of input Low Dynamic Range (LDR) images/videos given a single exposure or multi-exposure LDRs. The state-of-the-art methods focus primarily on the preservation of the reconstruction's structural similarity and the pixel-wise accuracy. However, these conventional approaches do not emphasize preserving the artistic intent of the images in terms of human visual perception, which is an essential element in media, entertainment and gaming. In this paper, we attempt to study and fill this gap. We propose an architecture called ArtHDR-Net based on a Convolutional Neural Network that uses multi-exposed LDR features as input. Experimental results show that ArtHDR-Net can achieve state-of-the-art performance in terms of the HDR-VDP-2 score (i.e., mean opinion score index) while reaching competitive performance in terms of PSNR and SSIM.","['Hrishav Bakul Barua', 'Ganesh Krishnasamy', 'KokSheik Wong', 'Kalin Stefanov', 'Abhinav Dhall']",2023-09-07T16:40:49Z,http://arxiv.org/abs/2309.03827v1,"['cs.CV', 'cs.GR', 'cs.LG', 'cs.MM', 'eess.IV', 'I.2.10; I.4.5; I.3.3; I.4.3']",
"Animatable Virtual Humans: Learning pose-dependent human representations
  in UV space for interactive performance synthesis","We propose a novel representation of virtual humans for highly realistic real-time animation and rendering in 3D applications. We learn pose dependent appearance and geometry from highly accurate dynamic mesh sequences obtained from state-of-the-art multiview-video reconstruction. Learning pose-dependent appearance and geometry from mesh sequences poses significant challenges, as it requires the network to learn the intricate shape and articulated motion of a human body. However, statistical body models like SMPL provide valuable a-priori knowledge which we leverage in order to constrain the dimension of the search space enabling more efficient and targeted learning and define pose-dependency. Instead of directly learning absolute pose-dependent geometry, we learn the difference between the observed geometry and the fitted SMPL model. This allows us to encode both pose-dependent appearance and geometry in the consistent UV space of the SMPL model. This approach not only ensures a high level of realism but also facilitates streamlined processing and rendering of virtual humans in real-time scenarios.","['Wieland Morgenstern', 'Milena T. Bagdasarian', 'Anna Hilsmann', 'Peter Eisert']",2023-10-05T15:49:44Z,http://arxiv.org/abs/2310.03615v1,"['cs.CV', 'cs.GR']",
"fMRI-PTE: A Large-scale fMRI Pretrained Transformer Encoder for
  Multi-Subject Brain Activity Decoding","The exploration of brain activity and its decoding from fMRI data has been a longstanding pursuit, driven by its potential applications in brain-computer interfaces, medical diagnostics, and virtual reality. Previous approaches have primarily focused on individual subject analysis, highlighting the need for a more universal and adaptable framework, which is the core motivation behind our work. In this work, we propose fMRI-PTE, an innovative auto-encoder approach for fMRI pre-training, with a focus on addressing the challenges of varying fMRI data dimensions due to individual brain differences. Our approach involves transforming fMRI signals into unified 2D representations, ensuring consistency in dimensions and preserving distinct brain activity patterns. We introduce a novel learning strategy tailored for pre-training 2D fMRI images, enhancing the quality of reconstruction. fMRI-PTE's adaptability with image generators enables the generation of well-represented fMRI features, facilitating various downstream tasks, including within-subject and cross-subject brain activity decoding. Our contributions encompass introducing fMRI-PTE, innovative data transformation, efficient training, a novel learning strategy, and the universal applicability of our approach. Extensive experiments validate and support our claims, offering a promising foundation for further research in this domain.","['Xuelin Qian', 'Yun Wang', 'Jingyang Huo', 'Jianfeng Feng', 'Yanwei Fu']",2023-11-01T07:24:22Z,http://arxiv.org/abs/2311.00342v1,['cs.CV'],
DSR-Diff: Depth Map Super-Resolution with Diffusion Model,"Color-guided depth map super-resolution (CDSR) improve the spatial resolution of a low-quality depth map with the corresponding high-quality color map, benefiting various applications such as 3D reconstruction, virtual reality, and augmented reality. While conventional CDSR methods typically rely on convolutional neural networks or transformers, diffusion models (DMs) have demonstrated notable effectiveness in high-level vision tasks. In this work, we present a novel CDSR paradigm that utilizes a diffusion model within the latent space to generate guidance for depth map super-resolution. The proposed method comprises a guidance generation network (GGN), a depth map super-resolution network (DSRN), and a guidance recovery network (GRN). The GGN is specifically designed to generate the guidance while managing its compactness. Additionally, we integrate a simple but effective feature fusion module and a transformer-style feature extraction module into the DSRN, enabling it to leverage guided priors in the extraction, fusion, and reconstruction of multi-model images. Taking into account both accuracy and efficiency, our proposed method has shown superior performance in extensive experiments when compared to state-of-the-art methods. Our codes will be made available at https://github.com/shiyuan7/DSR-Diff.","['Yuan Shi', 'Bin Xia', 'Rui Zhu', 'Qingmin Liao', 'Wenming Yang']",2023-11-16T14:18:10Z,http://arxiv.org/abs/2311.09919v1,"['cs.CV', 'cs.AI']",
Reconstruction of Sound Field through Diffusion Models,"Reconstructing the sound field in a room is an important task for several applications, such as sound control and augmented (AR) or virtual reality (VR). In this paper, we propose a data-driven generative model for reconstructing the magnitude of acoustic fields in rooms with a focus on the modal frequency range. We introduce, for the first time, the use of a conditional Denoising Diffusion Probabilistic Model (DDPM) trained in order to reconstruct the sound field (SF-Diff) over an extended domain. The architecture is devised in order to be conditioned on a set of limited available measurements at different frequencies and generate the sound field in target, unknown, locations. The results show that SF-Diff is able to provide accurate reconstructions, outperforming a state-of-the-art baseline based on kernel interpolation.","['Federico Miotello', 'Luca Comanducci', 'Mirco Pezzoli', 'Alberto Bernardini', 'Fabio Antonacci', 'Augusto Sarti']",2023-12-14T11:11:26Z,http://arxiv.org/abs/2312.08821v2,"['eess.AS', 'cs.LG', 'cs.SD', 'eess.SP']",
Human101: Training 100+FPS Human Gaussians in 100s from 1 View,"Reconstructing the human body from single-view videos plays a pivotal role in the virtual reality domain. One prevalent application scenario necessitates the rapid reconstruction of high-fidelity 3D digital humans while simultaneously ensuring real-time rendering and interaction. Existing methods often struggle to fulfill both requirements. In this paper, we introduce Human101, a novel framework adept at producing high-fidelity dynamic 3D human reconstructions from 1-view videos by training 3D Gaussians in 100 seconds and rendering in 100+ FPS. Our method leverages the strengths of 3D Gaussian Splatting, which provides an explicit and efficient representation of 3D humans. Standing apart from prior NeRF-based pipelines, Human101 ingeniously applies a Human-centric Forward Gaussian Animation method to deform the parameters of 3D Gaussians, thereby enhancing rendering speed (i.e., rendering 1024-resolution images at an impressive 60+ FPS and rendering 512-resolution images at 100+ FPS). Experimental results indicate that our approach substantially eclipses current methods, clocking up to a 10 times surge in frames per second and delivering comparable or superior rendering quality. Code and demos will be released at https://github.com/longxiang-ai/Human101.","['Mingwei Li', 'Jiachen Tao', 'Zongxin Yang', 'Yi Yang']",2023-12-23T13:41:56Z,http://arxiv.org/abs/2312.15258v1,['cs.CV'],
GPAvatar: Generalizable and Precise Head Avatar from Image(s),"Head avatar reconstruction, crucial for applications in virtual reality, online meetings, gaming, and film industries, has garnered substantial attention within the computer vision community. The fundamental objective of this field is to faithfully recreate the head avatar and precisely control expressions and postures. Existing methods, categorized into 2D-based warping, mesh-based, and neural rendering approaches, present challenges in maintaining multi-view consistency, incorporating non-facial information, and generalizing to new identities. In this paper, we propose a framework named GPAvatar that reconstructs 3D head avatars from one or several images in a single forward pass. The key idea of this work is to introduce a dynamic point-based expression field driven by a point cloud to precisely and effectively capture expressions. Furthermore, we use a Multi Tri-planes Attention (MTA) fusion module in the tri-planes canonical field to leverage information from multiple input images. The proposed method achieves faithful identity reconstruction, precise expression control, and multi-view consistency, demonstrating promising results for free-viewpoint rendering and novel view synthesis.","['Xuangeng Chu', 'Yu Li', 'Ailing Zeng', 'Tianyu Yang', 'Lijian Lin', 'Yunfei Liu', 'Tatsuya Harada']",2024-01-18T18:56:34Z,http://arxiv.org/abs/2401.10215v1,['cs.CV'],
Diffusion-based Light Field Synthesis,"Light fields (LFs), conducive to comprehensive scene radiance recorded across angular dimensions, find wide applications in 3D reconstruction, virtual reality, and computational photography.However, the LF acquisition is inevitably time-consuming and resource-intensive due to the mainstream acquisition strategy involving manual capture or laborious software synthesis.Given such a challenge, we introduce LFdiff, a straightforward yet effective diffusion-based generative framework tailored for LF synthesis, which adopts only a single RGB image as input.LFdiff leverages disparity estimated by a monocular depth estimation network and incorporates two distinctive components: a novel condition scheme and a noise estimation network tailored for LF data.Specifically, we design a position-aware warping condition scheme, enhancing inter-view geometry learning via a robust conditional signal.We then propose DistgUnet, a disentanglement-based noise estimation network, to harness comprehensive LF representations.Extensive experiments demonstrate that LFdiff excels in synthesizing visually pleasing and disparity-controllable light fields with enhanced generalization capability.Additionally, comprehensive results affirm the broad applicability of the generated LF data, spanning applications like LF super-resolution and refocusing.","['Ruisheng Gao', 'Yutong Liu', 'Zeyu Xiao', 'Zhiwei Xiong']",2024-02-01T13:13:16Z,http://arxiv.org/abs/2402.00575v1,['cs.CV'],
"Transferring facade labels between point clouds with semantic octrees
  while considering change detection","Point clouds and high-resolution 3D data have become increasingly important in various fields, including surveying, construction, and virtual reality. However, simply having this data is not enough; to extract useful information, semantic labeling is crucial. In this context, we propose a method to transfer annotations from a labeled to an unlabeled point cloud using an octree structure. The structure also analyses changes between the point clouds. Our experiments confirm that our method effectively transfers annotations while addressing changes. The primary contribution of this project is the development of the method for automatic label transfer between two different point clouds that represent the same real-world object. The proposed method can be of great importance for data-driven deep learning algorithms as it can also allow circumventing stochastic transfer learning by deterministic label transfer between datasets depicting the same objects.","['Sophia Schwarz', 'Tanja Pilz', 'Olaf Wysocki', 'Ludwig Hoegner', 'Uwe Stilla']",2024-02-09T16:43:34Z,http://arxiv.org/abs/2402.06531v1,"['cs.CV', 'cs.LG']",
"Enhancing Bandwidth Efficiency for Video Motion Transfer Applications
  using Deep Learning Based Keypoint Prediction","We propose a deep learning based novel prediction framework for enhanced bandwidth reduction in motion transfer enabled video applications such as video conferencing, virtual reality gaming and privacy preservation for patient health monitoring. To model complex motion, we use the First Order Motion Model (FOMM) that represents dynamic objects using learned keypoints along with their local affine transformations. Keypoints are extracted by a self-supervised keypoint detector and organized in a time series corresponding to the video frames. Prediction of keypoints, to enable transmission using lower frames per second on the source device, is performed using a Variational Recurrent Neural Network (VRNN). The predicted keypoints are then synthesized to video frames using an optical flow estimator and a generator network. This efficacy of leveraging keypoint based representations in conjunction with VRNN based prediction for both video animation and reconstruction is demonstrated on three diverse datasets. For real-time applications, our results show the effectiveness of our proposed architecture by enabling up to 2x additional bandwidth reduction over existing keypoint based video motion transfer frameworks without significantly compromising video quality.","['Xue Bai', 'Tasmiah Haque', 'Sumit Mohan', 'Yuliang Cai', 'Byungheon Jeong', 'Adam Halasz', 'Srinjoy Das']",2024-03-17T20:36:43Z,http://arxiv.org/abs/2403.11337v1,"['cs.CV', 'cs.AI']",
"SMPLX-Lite: A Realistic and Drivable Avatar Benchmark with Rich Geometry
  and Texture Annotations","Recovering photorealistic and drivable full-body avatars is crucial for numerous applications, including virtual reality, 3D games, and tele-presence. Most methods, whether reconstruction or generation, require large numbers of human motion sequences and corresponding textured meshes. To easily learn a drivable avatar, a reasonable parametric body model with unified topology is paramount. However, existing human body datasets either have images or textured models and lack parametric models which fit clothes well. We propose a new parametric model SMPLX-Lite-D, which can fit detailed geometry of the scanned mesh while maintaining stable geometry in the face, hand and foot regions. We present SMPLX-Lite dataset, the most comprehensive clothing avatar dataset with multi-view RGB sequences, keypoints annotations, textured scanned meshes, and textured SMPLX-Lite-D models. With the SMPLX-Lite dataset, we train a conditional variational autoencoder model that takes human pose and facial keypoints as input, and generates a photorealistic drivable human avatar.","['Yujiao Jiang', 'Qingmin Liao', 'Zhaolong Wang', 'Xiangru Lin', 'Zongqing Lu', 'Yuxi Zhao', 'Hanqing Wei', 'Jingrui Ye', 'Yu Zhang', 'Zhijing Shao']",2024-05-30T01:53:39Z,http://arxiv.org/abs/2405.19609v1,"['cs.CV', 'cs.GR']",
"Ambiguity of large scale temperature reconstructions from artificial
  tree growth in millennial climate simulations","The ambiguity of temperature reconstructions is assessed using pseudo tree growth series in the virtual reality of two simulations of the climate of the last millennium. The simple, process-based Vaganov-Shashkin-Lite (VS-Lite) code calculates tree growth responses controlled by a limited number of climatic parameters. Growth limitation by different ambient climate conditions allows for possible nonlinearity and non-stationarity in the pseudo tree growth series. Statistical reconstructions of temperature are achieved from simulated tree growth for random selections of pseudo-proxy locations by simple local regression and composite plus scaling techniques to address additional ambiguities in paleoclimate reconstructions besides the known uncertainty and shortcomings of the reconstruction methods. A systematic empirical evaluation shows that the interrelations between simulated target and reconstructed temperatures undergo strong variations with possibly pronounced misrepresentations of temperatures. Thus (i) centennial scale inter-annual correlations can be very weak; (ii) the decadal range of reconstructed temperatures may be as large as the range of the temperature variations over the considered time-period; (iii) decadal variability is under-represented in the reconstructions. The misrepresentations are in part due to the temporally varying temperature-growth relations and to an apparent lack of decadal scale variability in the simulated pseudo-growth series compared to the local temperatures.","['Oliver Bothe', 'Davide Zanchettin']",2012-07-10T09:39:47Z,http://arxiv.org/abs/1207.2279v1,['physics.ao-ph'],
"The Effectiveness of Traditional Tools and Computer-Aided Technologies
  for Health and Safety Training in the Construction Sector: A Systematic
  Review","For workers, the exposure to on-site hazards can result in fatalities and serious injuries. To improve safety outcomes, different approaches have been implemented for health and safety training in the construction sector, such as traditional tools and computer-aided technologies (e.g., serious games and virtual reality). However, the effectiveness of these approaches has been barely explored. In order to bridge this gap, a systematic review of existing studies was conducted. Unlike previous review studies in this field that focused on uncovering the technology characters and challenges, this study mainly evaluated the effectiveness of training using traditional tools and computer-aided technologies on the well-being of individuals. Measures of the effectiveness included knowledge acquisition, unsafe behaviour alteration, and injury rate reduction. Results indicated that: 1. the effectiveness of traditional tools is sufficiently supported by statistical evidence; and 2. the use of computer-aided technologies has evidence to support its effectiveness, but more solid evidence is required to support this statement. It was also found that the overall performance of computer-aided technologies is superior in several technical aspects compared to traditional tools, namely, representing actual workplace situations, providing text-free interfaces, having better user engagement, and being more cost-efficient. Finally, using the systematic review findings, a theoretical framework is proposed as a potential solution to help future research in this field systematically examine the effectiveness and usability of their approaches. This framework is theoretical in nature and requires further validation. A further study is therefore proposed to test and validate this framework.","['Yifan Gao', 'Vicente Gonzalez', 'Tak Wing Yiu']",2018-08-06T01:09:21Z,http://arxiv.org/abs/1808.02021v1,['cs.CY'],
SemanticPaint: A Framework for the Interactive Segmentation of 3D Scenes,"We present an open-source, real-time implementation of SemanticPaint, a system for geometric reconstruction, object-class segmentation and learning of 3D scenes. Using our system, a user can walk into a room wearing a depth camera and a virtual reality headset, and both densely reconstruct the 3D scene and interactively segment the environment into object classes such as 'chair', 'floor' and 'table'. The user interacts physically with the real-world scene, touching objects and using voice commands to assign them appropriate labels. These user-generated labels are leveraged by an online random forest-based machine learning algorithm, which is used to predict labels for previously unseen parts of the scene. The entire pipeline runs in real time, and the user stays 'in the loop' throughout the process, receiving immediate feedback about the progress of the labelling and interacting with the scene as necessary to refine the predicted segmentation.","['Stuart Golodetz', 'Michael Sapienza', 'Julien P. C. Valentin', 'Vibhav Vineet', 'Ming-Ming Cheng', 'Anurag Arnab', 'Victor A. Prisacariu', 'Olaf Kähler', 'Carl Yuheng Ren', 'David W. Murray', 'Shahram Izadi', 'Philip H. S. Torr']",2015-10-13T15:06:03Z,http://arxiv.org/abs/1510.03727v1,"['cs.CV', 'I.2.10']",
"Complete End-To-End Low Cost Solution To a 3D Scanning System with
  Integrated Turntable","3D reconstruction is a technique used in computer vision which has a wide range of applications in areas like object recognition, city modelling, virtual reality, physical simulations, video games and special effects. Previously, to perform a 3D reconstruction, specialized hardwares were required. Such systems were often very expensive and was only available for industrial or research purpose. With the rise of the availability of high-quality low cost 3D sensors, it is now possible to design inexpensive complete 3D scanning systems. The objective of this work was to design an acquisition and processing system that can perform 3D scanning and reconstruction of objects seamlessly. In addition, the goal of this work also included making the 3D scanning process fully automated by building and integrating a turntable alongside the software. This means the user can perform a full 3D scan only by a press of a few buttons from our dedicated graphical user interface. Three main steps were followed to go from acquisition of point clouds to the finished reconstructed 3D model. First, our system acquires point cloud data of a person/object using inexpensive camera sensor. Second, align and convert the acquired point cloud data into a watertight mesh of good quality. Third, export the reconstructed model to a 3D printer to obtain a proper 3D print of the model.","['Saed Khawaldeh', 'Tajwar Abrar Aleef', 'Usama Pervaiz', 'Vu Hoang Minh', 'Yeman Brhane Hagos']",2017-09-03T13:40:23Z,http://arxiv.org/abs/1709.02247v1,['cs.CV'],
"Augmented Reality Applied to LEGO Construction: AR-based Building
  Instructions with High Accuracy & Precision and Realistic Object-Hand
  Occlusions","BRICKxAR is a novel Augmented Reality (AR) instruction method for construction toys such as LEGO. With BRICKxAR, physical LEGO construction is guided by virtual bricks. Compared with the state-of-the-art, accuracy of the virtual - physical model alignment is significantly improved through a new design of marker-based registration, which can achieve an average error less than 1mm throughout the model. Realistic object occlusion is accomplished to reveal the true spatial relationship between physical and virtual bricks. LEGO players' hand detection and occlusion are realized to visualize the correct spatial relationship between real hands and virtual bricks, and allow virtual bricks to be ""grasped"" by real hands. The integration of these features makes AR instructions possible for small-parts assembly, validated through a working AR prototype for constructing LEGO Arc de Triomphe, quantitative measures of the accuracies of registration and occlusions, and heuristic evaluation of AR instruction features.",['Wei Yan'],2019-07-29T17:44:14Z,http://arxiv.org/abs/1907.12549v4,"['cs.HC', 'cs.CY', 'H.5.1; J.6']",
"Multimodal Sensor-Based Semantic 3D Mapping for a Large-Scale
  Environment","Semantic 3D mapping is one of the most important fields in robotics, and has been used in many applications, such as robot navigation, surveillance, and virtual reality. In general, semantic 3D mapping is mainly composed of 3D reconstruction and semantic segmentation. As these technologies evolve, there has been great progress in semantic 3D mapping in recent years. Furthermore, the number of robotic applications requiring semantic information in 3D mapping to perform high-level tasks has increased, and many studies on semantic 3D mapping have been published. Existing methods use a camera for both 3D reconstruction and semantic segmentation. However, this is not suitable for large-scale environments and has the disadvantage of high computational complexity. To address this problem, we propose a multimodal sensor-based semantic 3D mapping system using a 3D Lidar combined with a camera. In this study, we build a 3D map by estimating odometry based on a global positioning system (GPS) and an inertial measurement unit (IMU), and use the latest 2D convolutional neural network (CNN) for semantic segmentation. To build a semantic 3D map, we integrate the 3D map with semantic information by using coordinate transformation and Bayes' update scheme. In order to improve the semantic 3D map, we propose a 3D refinement process to correct wrongly segmented voxels and remove traces of moving vehicles in the 3D map. Through experiments on challenging sequences, we demonstrate that our method outperforms state-of-the-art methods in terms of accuracy and intersection over union (IoU). Thus, our method can be used for various applications that require semantic information in 3D map.","['Jongmin Jeong', 'Tae Sung Yoon', 'Jin Bae Park']",2018-02-28T06:02:55Z,http://arxiv.org/abs/1802.10271v1,['cs.RO'],
"Shape-from-Mask: A Deep Learning Based Human Body Shape Reconstruction
  from Binary Mask Images","3D content creation is referred to as one of the most fundamental tasks of computer graphics. And many 3D modeling algorithms from 2D images or curves have been developed over the past several decades. Designers are allowed to align some conceptual images or sketch some suggestive curves, from front, side, and top views, and then use them as references in constructing a 3D model automatically or manually. However, to the best of our knowledge, no studies have investigated on 3D human body reconstruction in a similar manner. In this paper, we propose a deep learning based reconstruction of 3D human body shape from 2D orthographic views. A novel CNN-based regression network, with two branches corresponding to frontal and lateral views respectively, is designed for estimating 3D human body shape from 2D mask images. We train our networks separately to decouple the feature descriptors which encode the body parameters from different views, and fuse them to estimate an accurate human body shape. In addition, to overcome the shortage of training data required for this purpose, we propose some significantly data augmentation schemes for 3D human body shapes, which can be used to promote further research on this topic. Extensive experimen- tal results demonstrate that visually realistic and accurate reconstructions can be achieved effectively using our algorithm. Requiring only binary mask images, our method can help users create their own digital avatars quickly, and also make it easy to create digital human body for 3D game, virtual reality, online fashion shopping.","['Zhongping Ji', 'Xiao Qi', 'Yigang Wang', 'Gang Xu', 'Peng Du', 'Qing Wu']",2018-06-22T04:00:37Z,http://arxiv.org/abs/1806.08485v1,"['cs.GR', 'cs.CV']",
"Scenior: An Immersive Visual Scripting system based on VR Software
  Design Patterns for Experiential Training","Virtual reality (VR) has re-emerged as a low-cost, highly accessible consumer product, and training on simulators is rapidly becoming standard in many industrial sectors. However, the available systems are either focusing on gaming context, featuring limited capabilities or they support only content creation of virtual environments without any rapid prototyping and modification. In this project, we propose a code-free, visual scripting platform to replicate gamified training scenarios through rapid prototyping and VR software design patterns. We implemented and compared two authoring tools: a) visual scripting and b) VR editor for the rapid reconstruction of VR training scenarios. Our visual scripting module is capable to generate training applications utilizing a node-based scripting system whereas the VR editor gives user/developer the ability to customize and populate new VR training scenarios directly from the virtual environment. We also introduce action prototypes, a new software design pattern suitable to replicate behavioral tasks for VR experiences. In addition, we present the training scenegraph architecture as the main model to represent training scenarios on a modular, dynamic and highly adaptive acyclic graph based on a structured educational curriculum. Finally, a user-based evaluation of the proposed solution indicated that users - regardless of their programming expertise - can effectively use the tools to create and modify training scenarios in VR.","['Paul Zikas', 'George Papagiannakis', 'Nick Lydatakis', 'Steve Kateros', 'Stavroula Ntoa', 'Ilia Adami', 'Constantine Stephanidis']",2019-09-12T14:37:13Z,http://arxiv.org/abs/1909.05719v2,"['cs.GR', 'cs.HC', '97B70, 97P10,', 'K.3.1; I.3.6; D.1.7']",
Attention-based 3D Object Reconstruction from a Single Image,"Recently, learning-based approaches for 3D reconstruction from 2D images have gained popularity due to its modern applications, e.g., 3D printers, autonomous robots, self-driving cars, virtual reality, and augmented reality. The computer vision community has applied a great effort in developing functions to reconstruct the full 3D geometry of objects and scenes. However, to extract image features, they rely on convolutional neural networks, which are ineffective in capturing long-range dependencies. In this paper, we propose to substantially improve Occupancy Networks, a state-of-the-art method for 3D object reconstruction. For such we apply the concept of self-attention within the network's encoder in order to leverage complementary input features rather than those based on local regions, helping the encoder to extract global information. With our approach, we were capable of improving the original work in 5.05% of mesh IoU, 0.83% of Normal Consistency, and more than 10X the Chamfer-L1 distance. We also perform a qualitative study that shows that our approach was able to generate much more consistent meshes, confirming its increased generalization power over the current state-of-the-art.","['Andrey Salvi', 'Nathan Gavenski', 'Eduardo Pooch', 'Felipe Tasoniero', 'Rodrigo Barros']",2020-08-11T14:51:18Z,http://arxiv.org/abs/2008.04738v1,['cs.CV'],
E3D: Event-Based 3D Shape Reconstruction,"3D shape reconstruction is a primary component of augmented/virtual reality. Despite being highly advanced, existing solutions based on RGB, RGB-D and Lidar sensors are power and data intensive, which introduces challenges for deployment in edge devices. We approach 3D reconstruction with an event camera, a sensor with significantly lower power, latency and data expense while enabling high dynamic range. While previous event-based 3D reconstruction methods are primarily based on stereo vision, we cast the problem as multi-view shape from silhouette using a monocular event camera. The output from a moving event camera is a sparse point set of space-time gradients, largely sketching scene/object edges and contours. We first introduce an event-to-silhouette (E2S) neural network module to transform a stack of event frames to the corresponding silhouettes, with additional neural branches for camera pose regression. Second, we introduce E3D, which employs a 3D differentiable renderer (PyTorch3D) to enforce cross-view 3D mesh consistency and fine-tune the E2S and pose network. Lastly, we introduce a 3D-to-events simulation pipeline and apply it to publicly available object datasets and generate synthetic event/silhouette training pairs for supervised learning.","['Alexis Baudron', 'Zihao W. Wang', 'Oliver Cossairt', 'Aggelos K. Katsaggelos']",2020-12-09T18:23:21Z,http://arxiv.org/abs/2012.05214v2,['cs.CV'],
"Millimeter Wave MIMO based Depth Maps for Wireless Virtual and Augmented
  Reality","Augmented and virtual reality systems (AR/VR) are rapidly becoming key components of the wireless landscape. For immersive AR/VR experience, these devices should be able to construct accurate depth perception of the surrounding environment. Current AR/VR devices rely heavily on using RGB-D depth cameras to achieve this goal. The performance of these depth cameras, however, has clear limitations in several scenarios, such as the cases with shiny objects, dark surfaces, and abrupt color transition among other limitations. In this paper, we propose a novel solution for AR/VR depth map construction using mmWave MIMO communication transceivers. This is motivated by the deployment of advanced mmWave communication systems in future AR/VR devices for meeting the high data rate demands and by the interesting propagation characteristics of mmWave signals. Accounting for the constraints on these systems, we develop a comprehensive framework for constructing accurate and high-resolution depth maps using mmWave systems. In this framework, we developed new sensing beamforming codebook approaches that are specific for the depth map construction objective. Using these codebooks, and leveraging tools from successive interference cancellation, we develop a joint beam processing approach that can construct high-resolution depth maps using practical mmWave antenna arrays. Extensive simulation results highlight the potential of the proposed solution in building accurate depth maps. Further, these simulations show the promising gains of mmWave based depth perception compared to RGB-based approaches in several important use cases.","['Abdelrahman Taha', 'Qi Qu', 'Sam Alex', 'Ping Wang', 'William L. Abbott', 'Ahmed Alkhateeb']",2021-02-11T18:57:58Z,http://arxiv.org/abs/2102.06198v2,"['eess.SP', 'cs.IT', 'math.IT']",
Object Wake-up: 3D Object Rigging from a Single Image,"Given a single image of a general object such as a chair, could we also restore its articulated 3D shape similar to human modeling, so as to animate its plausible articulations and diverse motions? This is an interesting new question that may have numerous downstream augmented reality and virtual reality applications. Comparing with previous efforts on object manipulation, our work goes beyond 2D manipulation and rigid deformation, and involves articulated manipulation. To achieve this goal, we propose an automated approach to build such 3D generic objects from single images and embed articulated skeletons in them. Specifically, our framework starts by reconstructing the 3D object from an input image. Afterwards, to extract skeletons for generic 3D objects, we develop a novel skeleton prediction method with a multi-head structure for skeleton probability field estimation by utilizing the deep implicit functions. A dataset of generic 3D objects with ground-truth annotated skeletons is collected. Empirically our approach is demonstrated with satisfactory performance on public datasets as well as our in-house dataset; our results surpass those of the state-of-the-arts by a noticeable margin on both 3D reconstruction and skeleton prediction.","['Ji Yang', 'Xinxin Zuo', 'Sen Wang', 'Zhenbo Yu', 'Xingyu Li', 'Bingbing Ni', 'Minglun Gong', 'Li Cheng']",2021-08-05T16:20:12Z,http://arxiv.org/abs/2108.02708v3,['cs.CV'],
Metameric Varifocal Holography,"Computer-Generated Holography (CGH) offers the potential for genuine, high-quality three-dimensional visuals. However, fulfilling this potential remains a practical challenge due to computational complexity and visual quality issues. We propose a new CGH method that exploits gaze-contingency and perceptual graphics to accelerate the development of practical holographic display systems. Firstly, our method infers the user's focal depth and generates images only at their focus plane without using any moving parts. Second, the images displayed are metamers; in the user's peripheral vision, they need only be statistically correct and blend with the fovea seamlessly. Unlike previous methods, our method prioritises and improves foveal visual quality without causing perceptually visible distortions at the periphery. To enable our method, we introduce a novel metameric loss function that robustly compares the statistics of two given images for a known gaze location. In parallel, we implement a model representing the relation between holograms and their image reconstructions. We couple our differentiable loss function and model to metameric varifocal holograms using a stochastic gradient descent solver. We evaluate our method with an actual proof-of-concept holographic display, and we show that our CGH method leads to practical and perceptually three-dimensional image reconstructions.","['David R. Walton', 'Koray Kavaklı', 'Rafael Kuffner dos Anjos', 'David Swapp', 'Tim Weyrich', 'Hakan Urey', 'Anthony Steed', 'Tobias Ritschel', 'Kaan Akşit']",2021-10-05T12:20:21Z,http://arxiv.org/abs/2110.01981v2,"['cs.GR', 'physics.optics']",
"Large-Scale 3D Semantic Reconstruction for Automated Driving Vehicles
  with Adaptive Truncated Signed Distance Function","The Large-scale 3D reconstruction, texturing and semantic mapping are nowadays widely used for automated driving vehicles, virtual reality and automatic data generation. However, most approaches are developed for RGB-D cameras with colored dense point clouds and not suitable for large-scale outdoor environments using sparse LiDAR point clouds. Since a 3D surface can be usually observed from multiple camera images with different view poses, an optimal image patch selection for the texturing and an optimal semantic class estimation for the semantic mapping are still challenging.   To address these problems, we propose a novel 3D reconstruction, texturing and semantic mapping system using LiDAR and camera sensors. An Adaptive Truncated Signed Distance Function is introduced to describe surfaces implicitly, which can deal with different LiDAR point sparsities and improve model quality. The from this implicit function extracted triangle mesh map is then textured from a series of registered camera images by applying an optimal image patch selection strategy. Besides that, a Markov Random Field-based data fusion approach is proposed to estimate the optimal semantic class for each triangle mesh. Our approach is evaluated on a synthetic dataset, the KITTI dataset and a dataset recorded with our experimental vehicle. The results show that the 3D models generated using our approach are more accurate in comparison to using other state-of-the-art approaches. The texturing and semantic mapping achieve also very promising results.","['Haohao Hu', 'Hexing Yang', 'Jian Wu', 'Xiao Lei', 'Frank Bieder', 'Jan-Hendrik Pauls', 'Christoph Stiller']",2022-02-28T15:11:25Z,http://arxiv.org/abs/2202.13855v1,['cs.CV'],
"Collaborative Learning for Hand and Object Reconstruction with
  Attention-guided Graph Convolution","Estimating the pose and shape of hands and objects under interaction finds numerous applications including augmented and virtual reality. Existing approaches for hand and object reconstruction require explicitly defined physical constraints and known objects, which limits its application domains. Our algorithm is agnostic to object models, and it learns the physical rules governing hand-object interaction. This requires automatically inferring the shapes and physical interaction of hands and (potentially unknown) objects. We seek to approach this challenging problem by proposing a collaborative learning strategy where two-branches of deep networks are learning from each other. Specifically, we transfer hand mesh information to the object branch and vice versa for the hand branch. The resulting optimisation (training) problem can be unstable, and we address this via two strategies: (i) attention-guided graph convolution which helps identify and focus on mutual occlusion and (ii) unsupervised associative loss which facilitates the transfer of information between the branches. Experiments using four widely-used benchmarks show that our framework achieves beyond state-of-the-art accuracy in 3D pose estimation, as well as recovers dense 3D hand and object shapes. Each technical component above contributes meaningfully in the ablation study.","['Tze Ho Elden Tse', 'Kwang In Kim', 'Ales Leonardis', 'Hyung Jin Chang']",2022-04-27T17:00:54Z,http://arxiv.org/abs/2204.13062v1,['cs.CV'],
Volumetric Disentanglement for 3D Scene Manipulation,"Recently, advances in differential volumetric rendering enabled significant breakthroughs in the photo-realistic and fine-detailed reconstruction of complex 3D scenes, which is key for many virtual reality applications. However, in the context of augmented reality, one may also wish to effect semantic manipulations or augmentations of objects within a scene. To this end, we propose a volumetric framework for (i) disentangling or separating, the volumetric representation of a given foreground object from the background, and (ii) semantically manipulating the foreground object, as well as the background. Our framework takes as input a set of 2D masks specifying the desired foreground object for training views, together with the associated 2D views and poses, and produces a foreground-background disentanglement that respects the surrounding illumination, reflections, and partial occlusions, which can be applied to both training and novel views. Our method enables the separate control of pixel color and depth as well as 3D similarity transformations of both the foreground and background objects. We subsequently demonstrate the applicability of our framework on a number of downstream manipulation tasks including object camouflage, non-negative 3D object inpainting, 3D object translation, 3D object inpainting, and 3D text-based object manipulation. Full results are given in our project webpage at https://sagiebenaim.github.io/volumetric-disentanglement/","['Sagie Benaim', 'Frederik Warburg', 'Peter Ebert Christensen', 'Serge Belongie']",2022-06-06T17:57:07Z,http://arxiv.org/abs/2206.02776v1,['cs.CV'],
"Immersive and Interactive Visualization of 3D Spatio-Temporal Data using
  a Space Time Hypercube","We propose an extension of the well-known Space-Time Cube (STC) visualization technique in order to visualize time-varying 3D spatial data, taking advantage of the interaction capabilities of Virtual Reality (VR). The analysis of multidimensional time-varying datasets, which size grows as recording and simulating techniques advance, faces challenges on the representation and visualization of dense data, as well as on the study of temporal variations. First, we propose the Space-Time Hypercube (STH) as an abstraction for 3D temporal data, extended from the STC concept. Second, through the example of embryo development imaging dataset, we detail the construction and visualization of a STC based on a user-driven projection of the spatial and temporal information. This projection yields a 3D STC visualization, which can also encode additional numerical and categorical data. Additionally, we propose a set of tools allowing the user to filter and manipulate the 3D STC which benefits from the visualization, exploration and interaction possibilities offered by VR. Finally, we evaluated the proposed visualization method in the context of the visualization of spatio-temporal biological data. Several biology experts accompanied the application design to provide insight on how the STC visualization could be used to explore such data. We report a user study (n=12) using non-expert users performing a set of exploration and query tasks to evaluate the system.","['Gwendal Fouché', 'Ferran Argelaguet', 'Emmanuel Faure', 'Charles Kervrann']",2022-06-27T12:01:17Z,http://arxiv.org/abs/2206.13213v1,"['cs.HC', 'cs.GR']",
FoVolNet: Fast Volume Rendering using Foveated Deep Neural Networks,"Volume data is found in many important scientific and engineering applications. Rendering this data for visualization at high quality and interactive rates for demanding applications such as virtual reality is still not easily achievable even using professional-grade hardware. We introduce FoVolNet -- a method to significantly increase the performance of volume data visualization. We develop a cost-effective foveated rendering pipeline that sparsely samples a volume around a focal point and reconstructs the full-frame using a deep neural network. Foveated rendering is a technique that prioritizes rendering computations around the user's focal point. This approach leverages properties of the human visual system, thereby saving computational resources when rendering data in the periphery of the user's field of vision. Our reconstruction network combines direct and kernel prediction methods to produce fast, stable, and perceptually convincing output. With a slim design and the use of quantization, our method outperforms state-of-the-art neural reconstruction techniques in both end-to-end frame times and visual quality. We conduct extensive evaluations of the system's rendering performance, inference speed, and perceptual properties, and we provide comparisons to competing neural image reconstruction techniques. Our test results show that FoVolNet consistently achieves significant time saving over conventional rendering while preserving perceptual quality.","['David Bauer', 'Qi Wu', 'Kwan-Liu Ma']",2022-09-20T19:48:56Z,http://arxiv.org/abs/2209.09965v1,"['cs.GR', 'cs.LG']",
Realistic Hair Synthesis with Generative Adversarial Networks,"Recent successes in generative modeling have accelerated studies on this subject and attracted the attention of researchers. One of the most important methods used to achieve this success is Generative Adversarial Networks (GANs). It has many application areas such as; virtual reality (VR), augmented reality (AR), super resolution, image enhancement. Despite the recent advances in hair synthesis and style transfer using deep learning and generative modelling, due to the complex nature of hair still contains unsolved challenges. The methods proposed in the literature to solve this problem generally focus on making high-quality hair edits on images. In this thesis, a generative adversarial network method is proposed to solve the hair synthesis problem. While developing this method, it is aimed to achieve real-time hair synthesis while achieving visual outputs that compete with the best methods in the literature. The proposed method was trained with the FFHQ dataset and then its results in hair style transfer and hair reconstruction tasks were evaluated. The results obtained in these tasks and the operating time of the method were compared with MichiGAN, one of the best methods in the literature. The comparison was made at a resolution of 128x128. As a result of the comparison, it has been shown that the proposed method achieves competitive results with MichiGAN in terms of realistic hair synthesis, and performs better in terms of operating time.","['Muhammed Pektas', 'Aybars Ugur']",2022-09-13T11:48:26Z,http://arxiv.org/abs/2209.12875v1,"['cs.GR', 'cs.CV']",
"Towards a Pipeline for Real-Time Visualization of Faces for VR-based
  Telepresence and Live Broadcasting Utilizing Neural Rendering","While head-mounted displays (HMDs) for Virtual Reality (VR) have become widely available in the consumer market, they pose a considerable obstacle for a realistic face-to-face conversation in VR since HMDs hide a significant portion of the participants faces. Even with image streams from cameras directly attached to an HMD, stitching together a convincing image of an entire face remains a challenging task because of extreme capture angles and strong lens distortions due to a wide field of view. Compared to the long line of research in VR, reconstruction of faces hidden beneath an HMD is a very recent topic of research. While the current state-of-the-art solutions demonstrate photo-realistic 3D reconstruction results, they require high-cost laboratory equipment and large computational costs. We present an approach that focuses on low-cost hardware and can be used on a commodity gaming computer with a single GPU. We leverage the benefits of an end-to-end pipeline by means of Generative Adversarial Networks (GAN). Our GAN produces a frontal-facing 2.5D point cloud based on a training dataset captured with an RGBD camera. In our approach, the training process is offline, while the reconstruction runs in real-time. Our results show adequate reconstruction quality within the 'learned' expressions. Expressions not learned by the network produce artifacts and can trigger the Uncanny Valley effect.","['Philipp Ladwig', 'Rene Ebertowski', 'Alexander Pech', 'Ralf Dörner', 'Christian Geiger']",2023-01-04T08:49:51Z,http://arxiv.org/abs/2301.01490v1,['cs.CV'],
"GP-PCS: One-shot Feature-Preserving Point Cloud Simplification with
  Gaussian Processes on Riemannian Manifolds","The processing, storage and transmission of large-scale point clouds is an ongoing challenge in the computer vision community which hinders progress in the application of 3D models to real-world settings, such as autonomous driving, virtual reality and remote sensing. We propose a novel, one-shot point cloud simplification method which preserves both the salient structural features and the overall shape of a point cloud without any prior surface reconstruction step. Our method employs Gaussian processes suitable for functions defined on Riemannian manifolds, allowing us to model the surface variation function across any given point cloud. A simplified version of the original cloud is obtained by sequentially selecting points using a greedy sparsification scheme. The selection criterion used for this scheme ensures that the simplified cloud best represents the surface variation of the original point cloud. We evaluate our method on several benchmark and self-acquired point clouds, compare it to a range of existing methods, demonstrate its application in downstream tasks of registration and surface reconstruction, and show that our method is competitive both in terms of empirical performance and computational efficiency.","['Stuti Pathak', 'Thomas M. McDonald', 'Seppe Sels', 'Rudi Penne']",2023-03-27T14:05:34Z,http://arxiv.org/abs/2303.15225v3,['cs.CV'],
"Instant-3D: Instant Neural Radiance Field Training Towards On-Device
  AR/VR 3D Reconstruction","Neural Radiance Field (NeRF) based 3D reconstruction is highly desirable for immersive Augmented and Virtual Reality (AR/VR) applications, but achieving instant (i.e., < 5 seconds) on-device NeRF training remains a challenge. In this work, we first identify the inefficiency bottleneck: the need to interpolate NeRF embeddings up to 200,000 times from a 3D embedding grid during each training iteration. To alleviate this, we propose Instant-3D, an algorithm-hardware co-design acceleration framework that achieves instant on-device NeRF training. Our algorithm decomposes the embedding grid representation in terms of color and density, enabling computational redundancy to be squeezed out by adopting different (1) grid sizes and (2) update frequencies for the color and density branches. Our hardware accelerator further reduces the dominant memory accesses for embedding grid interpolation by (1) mapping multiple nearby points' memory read requests into one during the feed-forward process, (2) merging embedding grid updates from the same sliding time window during back-propagation, and (3) fusing different computation cores to support the different grid sizes needed by the color and density branches of Instant-3D algorithm. Extensive experiments validate the effectiveness of Instant-3D, achieving a large training time reduction of 41x - 248x while maintaining the same reconstruction quality. Excitingly, Instant-3D has enabled instant 3D reconstruction for AR/VR, requiring a reconstruction time of only 1.6 seconds per scene and meeting the AR/VR power consumption constraint of 1.9 W.","['Sixu Li', 'Chaojian Li', 'Wenbo Zhu', 'Boyang', 'Yu', 'Yang', 'Zhao', 'Cheng Wan', 'Haoran You', 'Huihong Shi', 'Yingyan', 'Lin']",2023-04-24T21:53:58Z,http://arxiv.org/abs/2304.12467v2,['cs.AR'],
"Learning from demonstrations: An intuitive VR environment for imitation
  learning of construction robots","Construction robots are challenging the traditional paradigm of labor intensive and repetitive construction tasks. Present concerns regarding construction robots are focused on their abilities in performing complex tasks consisting of several subtasks and their adaptability to work in unstructured and dynamic construction environments. Imitation learning (IL) has shown advantages in training a robot to imitate expert actions in complex tasks and the policy thereafter generated by reinforcement learning (RL) is more adaptive in comparison with pre-programmed robots. In this paper, we proposed a framework composed of two modules for imitation learning of construction robots. The first module provides an intuitive expert demonstration collection Virtual Reality (VR) platform where a robot will automatically follow the position, rotation, and actions of the expert's hand in real-time, instead of requiring an expert to control the robot via controllers. The second module provides a template for imitation learning using observations and actions recorded in the first module. In the second module, Behavior Cloning (BC) is utilized for pre-training, Generative Adversarial Imitation Learning (GAIL) and Proximal Policy Optimization (PPO) are combined to achieve a trade-off between the strength of imitation vs. exploration. Results show that imitation learning, especially when combined with PPO, could significantly accelerate training in limited training steps and improve policy performance.","['Kangkang Duan', 'Zhengbo Zou']",2023-05-23T23:46:57Z,http://arxiv.org/abs/2305.14584v1,['cs.RO'],
Enhance-NeRF: Multiple Performance Evaluation for Neural Radiance Fields,"The quality of three-dimensional reconstruction is a key factor affecting the effectiveness of its application in areas such as virtual reality (VR) and augmented reality (AR) technologies. Neural Radiance Fields (NeRF) can generate realistic images from any viewpoint. It simultaneously reconstructs the shape, lighting, and materials of objects, and without surface defects, which breaks down the barrier between virtuality and reality. The potential spatial correspondences displayed by NeRF between reconstructed scenes and real-world scenes offer a wide range of practical applications possibilities. Despite significant progress in 3D reconstruction since NeRF were introduced, there remains considerable room for exploration and experimentation. NeRF-based models are susceptible to interference issues caused by colored ""fog"" noise. Additionally, they frequently encounter instabilities and failures while attempting to reconstruct unbounded scenes. Moreover, the model takes a significant amount of time to converge, making it even more challenging to use in such scenarios. Our approach, coined Enhance-NeRF, which adopts joint color to balance low and high reflectivity objects display, utilizes a decoding architecture with prior knowledge to improve recognition, and employs multi-layer performance evaluation mechanisms to enhance learning capacity. It achieves reconstruction of outdoor scenes within one hour under single-card condition. Based on experimental results, Enhance-NeRF partially enhances fitness capability and provides some support to outdoor scene reconstruction. The Enhance-NeRF method can be used as a plug-and-play component, making it easy to integrate with other NeRF-based models. The code is available at: https://github.com/TANQIanQ/Enhance-NeRF","['Qianqiu Tan', 'Tao Liu', 'Yinling Xie', 'Shuwan Yu', 'Baohua Zhang']",2023-06-08T15:49:30Z,http://arxiv.org/abs/2306.05303v1,['cs.CV'],
"Supporting Construction and Architectural Visualization through BIM and
  AR/VR: A Systematic Literature Review","The Architecture, Engineering, Construction, and Facility Management (AEC/FM) industry deals with the design, construction, and operation of complex buildings. Today, Building Information Modeling (BIM) is used to represent information about a building in a single, non-redundant representation. Here, Augmented Reality (AR) and Virtual Reality (VR) can improve the visualization and interaction with the resulting model by augmenting the real world with information from the BIM model or allowing a user to immerse in a virtual world generated from the BIM model. This can improve the design, construction, and operation of buildings. While an increasing number of studies in HCI, construction, or engineering have shown the potential of using AR and VR technology together with BIM, often research remains focused on individual explorations and key design strategies. In addition to that, a systematic overview and discussion of recent works combining AR/VR with BIM are not yet fully covered. Therefore, this paper systematically reviews recent approaches combining AR/VR with BIM and categorizes the literature by the building's lifecycle phase while systematically describing relevant use cases. In total, 32 out of 447 papers between 2017 and 2022 were categorized. The categorization shows that most approaches focus on the construction phase and the use case of review and quality assurance. In the design phase, most approaches use VR, while in the construction and operation phases, AR is prevalent.","['Enes Yigitbas', 'Alexander Nowosad', 'Gregor Engels']",2023-06-21T13:52:37Z,http://arxiv.org/abs/2306.12274v1,['cs.HC'],
"PaRUS: A Virtual Reality Shopping Method Focusing on Context between
  Products and Real Usage Scenes","The development of AR and VR technologies is enhancing users' online shopping experiences in various ways. However, in existing VR shopping applications, shopping contexts merely refer to the products and virtual malls or metaphorical scenes where users select products. This leads to the defect that users can only imagine rather than intuitively feel whether the selected products are suitable for their real usage scenes, resulting in a significant discrepancy between their expectations before and after the purchase. To address this issue, we propose PaRUS, a VR shopping approach that focuses on the context between products and their real usage scenes. PaRUS begins by rebuilding the virtual scenario of the products' real usage scene through a new semantic scene reconstruction pipeline, which preserves both the structured scene and textured object models in the scene. Afterwards, intuitive visualization of how the selected products fit the reconstructed virtual scene is provided. We conducted two user studies to evaluate how PaRUS impacts user experience, behavior, and satisfaction with their purchase. The results indicated that PaRUS significantly reduced the perceived performance risk and improved users' trust and satisfaction with their purchase results.","['Weitao You', 'Yinyu Lu', 'Ziqing Zheng', 'Yizhan Shao', 'Changyuan Yang', 'Zhibin Zhou', 'Lingyun Sun']",2023-06-25T11:19:46Z,http://arxiv.org/abs/2306.14208v2,['cs.HC'],
"Utilizing Task-Generic Motion Prior to Recover Full-Body Motion from
  Very Sparse Signals","The most popular type of devices used to track a user's posture in a virtual reality experience consists of a head-mounted display and two controllers held in both hands. However, due to the limited number of tracking sensors (three in total), faithfully recovering the user in full-body is challenging, limiting the potential for interactions among simulated user avatars within the virtual world. Therefore, recent studies have attempted to reconstruct full-body poses using neural networks that utilize previously learned human poses or accept a series of past poses over a short period. In this paper, we propose a method that utilizes information from a neural motion prior to improve the accuracy of reconstructed user's motions. Our approach aims to reconstruct user's full-body poses by predicting the latent representation of the user's overall motion from limited input signals and integrating this information with tracking sensor inputs. This is based on the premise that the ultimate goal of pose reconstruction is to reconstruct the motion, which is a series of poses. Our results show that this integration enables more accurate reconstruction of the user's full-body motion, particularly enhancing the robustness of lower body motion reconstruction from impoverished signals. Web: https://https://mjsh34.github.io/mp-sspe/","['Myungjin Shin', 'Dohae Lee', 'In-Kwon Lee']",2023-08-30T08:21:52Z,http://arxiv.org/abs/2308.15839v1,['cs.CV'],
Digital Twin System for Home Service Robot Based on Motion Simulation,"In order to improve the task execution capability of home service robot, and to cope with the problem that purely physical robot platforms cannot sense the environment and make decisions online, a method for building digital twin system for home service robot based on motion simulation is proposed. A reliable mapping of the home service robot and its working environment from physical space to digital space is achieved in three dimensions: geometric, physical and functional. In this system, a digital space-oriented URDF file parser is designed and implemented for the automatic construction of the robot geometric model. Next, the physical model is constructed from the kinematic equations of the robot and an improved particle swarm optimization algorithm is proposed for the inverse kinematic solution. In addition, to adapt to the home environment, functional attributes are used to describe household objects, thus improving the semantic description of the digital space for the real home environment. Finally, through geometric model consistency verification, physical model validity verification and virtual-reality consistency verification, it shows that the digital twin system designed in this paper can construct the robot geometric model accurately and completely, complete the operation of household objects successfully, and the digital twin system is effective and practical.","['Zhengsong Jiang', 'Guohui Tian', 'Yongcheng Cui', 'Tiantian Liu', 'Yu Gu', 'Yifei Wang']",2023-09-12T06:48:30Z,http://arxiv.org/abs/2309.05993v1,['cs.RO'],
VR-NeRF: High-Fidelity Virtualized Walkable Spaces,"We present an end-to-end system for the high-fidelity capture, model reconstruction, and real-time rendering of walkable spaces in virtual reality using neural radiance fields. To this end, we designed and built a custom multi-camera rig to densely capture walkable spaces in high fidelity and with multi-view high dynamic range images in unprecedented quality and density. We extend instant neural graphics primitives with a novel perceptual color space for learning accurate HDR appearance, and an efficient mip-mapping mechanism for level-of-detail rendering with anti-aliasing, while carefully optimizing the trade-off between quality and speed. Our multi-GPU renderer enables high-fidelity volume rendering of our neural radiance field model at the full VR resolution of dual 2K$\times$2K at 36 Hz on our custom demo machine. We demonstrate the quality of our results on our challenging high-fidelity datasets, and compare our method and datasets to existing baselines. We release our dataset on our project website.","['Linning Xu', 'Vasu Agrawal', 'William Laney', 'Tony Garcia', 'Aayush Bansal', 'Changil Kim', 'Samuel Rota Bulò', 'Lorenzo Porzi', 'Peter Kontschieder', 'Aljaž Božič', 'Dahua Lin', 'Michael Zollhöfer', 'Christian Richardt']",2023-11-05T02:03:14Z,http://arxiv.org/abs/2311.02542v1,"['cs.CV', 'cs.GR']",
"3DFusion, A real-time 3D object reconstruction pipeline based on
  streamed instance segmented data","This paper presents a real-time segmentation and reconstruction system that utilizes RGB-D images to generate accurate and detailed individual 3D models of objects within a captured scene. Leveraging state-of-the-art instance segmentation techniques, the system performs pixel-level segmentation on RGB-D data, effectively separating foreground objects from the background. The segmented objects are then reconstructed into distinct 3D models in a high-performance computation platform. The real-time 3D modelling can be applied across various domains, including augmented/virtual reality, interior design, urban planning, road assistance, security systems, and more. To achieve real-time performance, the paper proposes a method that effectively samples consecutive frames to reduce network load while ensuring reconstruction quality. Additionally, a multi-process SLAM pipeline is adopted for parallel 3D reconstruction, enabling efficient cutting of the clustering objects into individuals. This system employs the industry-leading framework YOLO for instance segmentation. To improve YOLO's performance and accuracy, modifications were made to resolve duplicated or false detection of similar objects, ensuring the reconstructed models align with the targets. Overall, this work establishes a robust real-time system with a significant enhancement for object segmentation and reconstruction in the indoor environment. It can potentially be extended to the outdoor scenario, opening up numerous opportunities for real-world applications.","['Xi Sun', 'Derek Jacoby', 'Yvonne Coady']",2023-11-11T20:11:58Z,http://arxiv.org/abs/2311.06659v1,['cs.CV'],
"EvaSurf: Efficient View-Aware Implicit Textured Surface Reconstruction
  on Mobile Devices","Reconstructing real-world 3D objects has numerous applications in computer vision, such as virtual reality, video games, and animations. Ideally, 3D reconstruction methods should generate high-fidelity results with 3D consistency in real-time. Traditional methods match pixels between images using photo-consistency constraints or learned features, while differentiable rendering methods like Neural Radiance Fields (NeRF) use differentiable volume rendering or surface-based representation to generate high-fidelity scenes. However, these methods require excessive runtime for rendering, making them impractical for daily applications. To address these challenges, we present $\textbf{EvaSurf}$, an $\textbf{E}$fficient $\textbf{V}$iew-$\textbf{A}$ware implicit textured $\textbf{Surf}$ace reconstruction method on mobile devices. In our method, we first employ an efficient surface-based model with a multi-view supervision module to ensure accurate mesh reconstruction. To enable high-fidelity rendering, we learn an implicit texture embedded with a set of Gaussian lobes to capture view-dependent information. Furthermore, with the explicit geometry and the implicit texture, we can employ a lightweight neural shader to reduce the expense of computation and further support real-time rendering on common mobile devices. Extensive experiments demonstrate that our method can reconstruct high-quality appearance and accurate mesh on both synthetic and real-world datasets. Moreover, our method can be trained in just 1-2 hours using a single GPU and run on mobile devices at over 40 FPS (Frames Per Second), with a final package required for rendering taking up only 40-50 MB.","['Jingnan Gao', 'Zhuo Chen', 'Yichao Yan', 'Bowen Pan', 'Zhe Wang', 'Jiangjing Lyu', 'Xiaokang Yang']",2023-11-16T11:30:56Z,http://arxiv.org/abs/2311.09806v2,['cs.CV'],
"Implicit-explicit Integrated Representations for Multi-view Video
  Compression","With the increasing consumption of 3D displays and virtual reality, multi-view video has become a promising format. However, its high resolution and multi-camera shooting result in a substantial increase in data volume, making storage and transmission a challenging task. To tackle these difficulties, we propose an implicit-explicit integrated representation for multi-view video compression. Specifically, we first use the explicit representation-based 2D video codec to encode one of the source views. Subsequently, we propose employing the implicit neural representation (INR)-based codec to encode the remaining views. The implicit codec takes the time and view index of multi-view video as coordinate inputs and generates the corresponding implicit reconstruction frames.To enhance the compressibility, we introduce a multi-level feature grid embedding and a fully convolutional architecture into the implicit codec. These components facilitate coordinate-feature and feature-RGB mapping, respectively. To further enhance the reconstruction quality from the INR codec, we leverage the high-quality reconstructed frames from the explicit codec to achieve inter-view compensation. Finally, the compensated results are fused with the implicit reconstructions from the INR to obtain the final reconstructed frames. Our proposed framework combines the strengths of both implicit neural representation and explicit 2D codec. Extensive experiments conducted on public datasets demonstrate that the proposed framework can achieve comparable or even superior performance to the latest multi-view video compression standard MIV and other INR-based schemes in terms of view compression and scene modeling.","['Chen Zhu', 'Guo Lu', 'Bing He', 'Rong Xie', 'Li Song']",2023-11-29T04:15:57Z,http://arxiv.org/abs/2311.17350v1,"['cs.CV', 'cs.MM']",
A Survey on 3D Gaussian Splatting,"3D Gaussian splatting (GS) has recently emerged as a transformative technique in the realm of explicit radiance field and computer graphics. This innovative approach, characterized by the utilization of millions of learnable 3D Gaussians, represents a significant departure from mainstream neural radiance field approaches, which predominantly use implicit, coordinate-based models to map spatial coordinates to pixel values. 3D GS, with its explicit scene representation and differentiable rendering algorithm, not only promises real-time rendering capability but also introduces unprecedented levels of editability. This positions 3D GS as a potential game-changer for the next generation of 3D reconstruction and representation. In the present paper, we provide the first systematic overview of the recent developments and critical contributions in the domain of 3D GS. We begin with a detailed exploration of the underlying principles and the driving forces behind the emergence of 3D GS, laying the groundwork for understanding its significance. A focal point of our discussion is the practical applicability of 3D GS. By enabling unprecedented rendering speed, 3D GS opens up a plethora of applications, ranging from virtual reality to interactive media and beyond. This is complemented by a comparative analysis of leading 3D GS models, evaluated across various benchmark tasks to highlight their performance and practical utility. The survey concludes by identifying current challenges and suggesting potential avenues for future research in this domain. Through this survey, we aim to provide a valuable resource for both newcomers and seasoned researchers, fostering further exploration and advancement in applicable and explicit radiance field representation.","['Guikun Chen', 'Wenguan Wang']",2024-01-08T13:42:59Z,http://arxiv.org/abs/2401.03890v2,"['cs.CV', 'cs.AI', 'cs.GR', 'cs.MM']",
"Full-Body Motion Reconstruction with Sparse Sensing from Graph
  Perspective","Estimating 3D full-body pose from sparse sensor data is a pivotal technique employed for the reconstruction of realistic human motions in Augmented Reality and Virtual Reality. However, translating sparse sensor signals into comprehensive human motion remains a challenge since the sparsely distributed sensors in common VR systems fail to capture the motion of full human body. In this paper, we use well-designed Body Pose Graph (BPG) to represent the human body and translate the challenge into a prediction problem of graph missing nodes. Then, we propose a novel full-body motion reconstruction framework based on BPG. To establish BPG, nodes are initially endowed with features extracted from sparse sensor signals. Features from identifiable joint nodes across diverse sensors are amalgamated and processed from both temporal and spatial perspectives. Temporal dynamics are captured using the Temporal Pyramid Structure, while spatial relations in joint movements inform the spatial attributes. The resultant features serve as the foundational elements of the BPG nodes. To further refine the BPG, node features are updated through a graph neural network that incorporates edge reflecting varying joint relations. Our method's effectiveness is evidenced by the attained state-of-the-art performance, particularly in lower body motion, outperforming other baseline methods. Additionally, an ablation study validates the efficacy of each module in our proposed framework.","['Feiyu Yao', 'Zongkai Wu', 'Li Yi']",2024-01-22T09:29:42Z,http://arxiv.org/abs/2401.11783v1,['cs.CV'],
"LIV-GaussMap: LiDAR-Inertial-Visual Fusion for Real-time 3D Radiance
  Field Map Rendering","We introduce an integrated precise LiDAR, Inertial, and Visual (LIV) multimodal sensor fused mapping system that builds on the differentiable \pre{surface splatting }\now{Gaussians} to improve the mapping fidelity, quality, and structural accuracy. Notably, this is also a novel form of tightly coupled map for LiDAR-visual-inertial sensor fusion.   This system leverages the complementary characteristics of LiDAR and visual data to capture the geometric structures of large-scale 3D scenes and restore their visual surface information with high fidelity. The initialization for the scene's surface Gaussians and the sensor's poses of each frame are obtained using a LiDAR-inertial system with the feature of size-adaptive voxels. Then, we optimized and refined the Gaussians using visual-derived photometric gradients to optimize their quality and density.   Our method is compatible with various types of LiDAR, including solid-state and mechanical LiDAR, supporting both repetitive and non-repetitive scanning modes. Bolstering structure construction through LiDAR and facilitating real-time generation of photorealistic renderings across diverse LIV datasets. It showcases notable resilience and versatility in generating real-time photorealistic scenes potentially for digital twins and virtual reality, while also holding potential applicability in real-time SLAM and robotics domains.   We release our software and hardware and self-collected datasets to benefit the community.","['Sheng Hong', 'Junjie He', 'Xinhu Zheng', 'Chunran Zheng', 'Shaojie Shen']",2024-01-26T13:36:46Z,http://arxiv.org/abs/2401.14857v2,['cs.RO'],
"VR-based generation of photorealistic synthetic data for training
  hand-object tracking models","Supervised learning models for precise tracking of hand-object interactions (HOI) in 3D require large amounts of annotated data for training. Moreover, it is not intuitive for non-experts to label 3D ground truth (e.g. 6DoF object pose) on 2D images. To address these issues, we present ""blender-hoisynth"", an interactive synthetic data generator based on the Blender software. Blender-hoisynth can scalably generate and automatically annotate visual HOI training data. Other competing approaches usually generate synthetic HOI data compeletely without human input. While this may be beneficial in some scenarios, HOI applications inherently necessitate direct control over the HOIs as an expression of human intent. With blender-hoisynth, it is possible for users to interact with objects via virtual hands using standard Virtual Reality hardware. The synthetically generated data are characterized by a high degree of photorealism and contain visually plausible and physically realistic videos of hands grasping objects and moving them around in 3D. To demonstrate the efficacy of our data generation, we replace large parts of the training data in the well-known DexYCB dataset with hoisynth data and train a state-of-the-art HOI reconstruction model with it. We show that there is no significant degradation in the model performance despite the data replacement.","['Chengyan Zhang', 'Rahul Chaudhari']",2024-01-31T14:32:56Z,http://arxiv.org/abs/2401.17874v2,['cs.CV'],
"Den-SOFT: Dense Space-Oriented Light Field DataseT for 6-DOF Immersive
  Experience","We have built a custom mobile multi-camera large-space dense light field capture system, which provides a series of high-quality and sufficiently dense light field images for various scenarios. Our aim is to contribute to the development of popular 3D scene reconstruction algorithms such as IBRnet, NeRF, and 3D Gaussian splitting. More importantly, the collected dataset, which is much denser than existing datasets, may also inspire space-oriented light field reconstruction, which is potentially different from object-centric 3D reconstruction, for immersive VR/AR experiences. We utilized a total of 40 GoPro 10 cameras, capturing images of 5k resolution. The number of photos captured for each scene is no less than 1000, and the average density (view number within a unit sphere) is 134.68. It is also worth noting that our system is capable of efficiently capturing large outdoor scenes. Addressing the current lack of large-space and dense light field datasets, we made efforts to include elements such as sky, reflections, lights and shadows that are of interest to researchers in the field of 3D reconstruction during the data capture process. Finally, we validated the effectiveness of our provided dataset on three popular algorithms and also integrated the reconstructed 3DGS results into the Unity engine, demonstrating the potential of utilizing our datasets to enhance the realism of virtual reality (VR) and create feasible interactive spaces. The dataset is available at our project website.","['Xiaohang Yu', 'Zhengxian Yang', 'Shi Pan', 'Yuqi Han', 'Haoxiang Wang', 'Jun Zhang', 'Shi Yan', 'Borong Lin', 'Lei Yang', 'Tao Yu', 'Lu Fang']",2024-03-15T02:39:44Z,http://arxiv.org/abs/2403.09973v1,['cs.CV'],
"MSI-NeRF: Linking Omni-Depth with View Synthesis through Multi-Sphere
  Image aided Generalizable Neural Radiance Field","Panoramic observation using fisheye cameras is significant in robot perception, reconstruction, and remote operation. However, panoramic images synthesized by traditional methods lack depth information and can only provide three degrees-of-freedom (3DoF) rotation rendering in virtual reality applications. To fully preserve and exploit the parallax information within the original fisheye cameras, we introduce MSI-NeRF, which combines deep learning omnidirectional depth estimation and novel view rendering. We first construct a multi-sphere image as a cost volume through feature extraction and warping of the input images. It is then processed by geometry and appearance decoders, respectively. Unlike methods that regress depth maps directly, we further build an implicit radiance field using spatial points and interpolated 3D feature vectors as input. In this way, we can simultaneously realize omnidirectional depth estimation and 6DoF view synthesis. Our method is trained in a semi-self-supervised manner. It does not require target view images and only uses depth data for supervision. Our network has the generalization ability to reconstruct unknown scenes efficiently using only four images. Experimental results show that our method outperforms existing methods in depth estimation and novel view synthesis tasks.","['Dongyu Yan', 'Guanyu Huang', 'Fengyu Quan', 'Haoyao Chen']",2024-03-16T07:26:50Z,http://arxiv.org/abs/2403.10840v1,"['cs.RO', 'cs.CV']",
Harnessing the Power of AI-Generated Content for Semantic Communication,"Semantic Communication (SemCom) is envisaged as the next-generation paradigm to address challenges stemming from the conflicts between the increasing volume of transmission data and the scarcity of spectrum resources. However, existing SemCom systems face drawbacks, such as low explainability, modality rigidity, and inadequate reconstruction functionality. Recognizing the transformative capabilities of AI-generated content (AIGC) technologies in content generation, this paper explores a pioneering approach by integrating them into SemCom to address the aforementioned challenges. We employ a three-layer model to illustrate the proposed AIGC-assisted SemCom (AIGC-SCM) architecture, emphasizing its clear deviation from existing SemCom. Grounded in this model, we investigate various AIGC technologies with the potential to augment SemCom's performance. In alignment with SemCom's goal of conveying semantic meanings, we also introduce the new evaluation methods for our AIGC-SCM system. Subsequently, we explore communication scenarios where our proposed AIGC-SCM can realize its potential. For practical implementation, we construct a detailed integration workflow and conduct a case study in a virtual reality image transmission scenario. The results demonstrate our ability to maintain a high degree of alignment between the reconstructed content and the original source information, while substantially minimizing the data volume required for transmission. These findings pave the way for further enhancements in communication efficiency and the improvement of Quality of Service. At last, we present future directions for AIGC-SCM studies.","['Yiru Wang', 'Wanting Yang', 'Zehui Xiong', 'Yuping Zhao', 'Tony Q. S. Quek', 'Zhu Han']",2024-04-10T06:13:45Z,http://arxiv.org/abs/2404.06765v1,['eess.SP'],
"DreamScene360: Unconstrained Text-to-3D Scene Generation with Panoramic
  Gaussian Splatting","The increasing demand for virtual reality applications has highlighted the significance of crafting immersive 3D assets. We present a text-to-3D 360$^{\circ}$ scene generation pipeline that facilitates the creation of comprehensive 360$^{\circ}$ scenes for in-the-wild environments in a matter of minutes. Our approach utilizes the generative power of a 2D diffusion model and prompt self-refinement to create a high-quality and globally coherent panoramic image. This image acts as a preliminary ""flat"" (2D) scene representation. Subsequently, it is lifted into 3D Gaussians, employing splatting techniques to enable real-time exploration. To produce consistent 3D geometry, our pipeline constructs a spatially coherent structure by aligning the 2D monocular depth into a globally optimized point cloud. This point cloud serves as the initial state for the centroids of 3D Gaussians. In order to address invisible issues inherent in single-view inputs, we impose semantic and geometric constraints on both synthesized and input camera views as regularizations. These guide the optimization of Gaussians, aiding in the reconstruction of unseen regions. In summary, our method offers a globally consistent 3D scene within a 360$^{\circ}$ perspective, providing an enhanced immersive experience over existing techniques. Project website at: http://dreamscene360.github.io/","['Shijie Zhou', 'Zhiwen Fan', 'Dejia Xu', 'Haoran Chang', 'Pradyumna Chari', 'Tejas Bharadwaj', 'Suya You', 'Zhangyang Wang', 'Achuta Kadambi']",2024-04-10T10:46:59Z,http://arxiv.org/abs/2404.06903v1,"['cs.CV', 'cs.AI']",
A Survey On Text-to-3D Contents Generation In The Wild,"3D content creation plays a vital role in various applications, such as gaming, robotics simulation, and virtual reality. However, the process is labor-intensive and time-consuming, requiring skilled designers to invest considerable effort in creating a single 3D asset. To address this challenge, text-to-3D generation technologies have emerged as a promising solution for automating 3D creation. Leveraging the success of large vision language models, these techniques aim to generate 3D content based on textual descriptions. Despite recent advancements in this area, existing solutions still face significant limitations in terms of generation quality and efficiency. In this survey, we conduct an in-depth investigation of the latest text-to-3D creation methods. We provide a comprehensive background on text-to-3D creation, including discussions on datasets employed in training and evaluation metrics used to assess the quality of generated 3D models. Then, we delve into the various 3D representations that serve as the foundation for the 3D generation process. Furthermore, we present a thorough comparison of the rapidly growing literature on generative pipelines, categorizing them into feedforward generators, optimization-based generation, and view reconstruction approaches. By examining the strengths and weaknesses of these methods, we aim to shed light on their respective capabilities and limitations. Lastly, we point out several promising avenues for future research. With this survey, we hope to inspire researchers further to explore the potential of open-vocabulary text-conditioned 3D content creation.",['Chenhan Jiang'],2024-05-15T15:23:22Z,http://arxiv.org/abs/2405.09431v1,"['cs.CV', 'cs.GR']",
MOSS: Motion-based 3D Clothed Human Synthesis from Monocular Video,"Single-view clothed human reconstruction holds a central position in virtual reality applications, especially in contexts involving intricate human motions. It presents notable challenges in achieving realistic clothing deformation. Current methodologies often overlook the influence of motion on surface deformation, resulting in surfaces lacking the constraints imposed by global motion. To overcome these limitations, we introduce an innovative framework, Motion-Based 3D Clothed Humans Synthesis (MOSS), which employs kinematic information to achieve motion-aware Gaussian split on the human surface. Our framework consists of two modules: Kinematic Gaussian Locating Splatting (KGAS) and Surface Deformation Detector (UID). KGAS incorporates matrix-Fisher distribution to propagate global motion across the body surface. The density and rotation factors of this distribution explicitly control the Gaussians, thereby enhancing the realism of the reconstructed surface. Additionally, to address local occlusions in single-view, based on KGAS, UID identifies significant surfaces, and geometric reconstruction is performed to compensate for these deformations. Experimental results demonstrate that MOSS achieves state-of-the-art visual quality in 3D clothed human synthesis from monocular videos. Notably, we improve the Human NeRF and the Gaussian Splatting by 33.94% and 16.75% in LPIPS* respectively. Codes are available at https://wanghongsheng01.github.io/MOSS/.","['Hongsheng Wang', 'Xiang Cai', 'Xi Sun', 'Jinhong Yue', 'Shengyu Zhang', 'Feng Lin', 'Fei Wu']",2024-05-21T13:57:53Z,http://arxiv.org/abs/2405.12806v1,['cs.CV'],
Generative Camera Dolly: Extreme Monocular Dynamic Novel View Synthesis,"Accurate reconstruction of complex dynamic scenes from just a single viewpoint continues to be a challenging task in computer vision. Current dynamic novel view synthesis methods typically require videos from many different camera viewpoints, necessitating careful recording setups, and significantly restricting their utility in the wild as well as in terms of embodied AI applications. In this paper, we propose $\textbf{GCD}$, a controllable monocular dynamic view synthesis pipeline that leverages large-scale diffusion priors to, given a video of any scene, generate a synchronous video from any other chosen perspective, conditioned on a set of relative camera pose parameters. Our model does not require depth as input, and does not explicitly model 3D scene geometry, instead performing end-to-end video-to-video translation in order to achieve its goal efficiently. Despite being trained on synthetic multi-view video data only, zero-shot real-world generalization experiments show promising results in multiple domains, including robotics, object permanence, and driving environments. We believe our framework can potentially unlock powerful applications in rich dynamic scene understanding, perception for robotics, and interactive 3D video viewing experiences for virtual reality.","['Basile Van Hoorick', 'Rundi Wu', 'Ege Ozguroglu', 'Kyle Sargent', 'Ruoshi Liu', 'Pavel Tokmakov', 'Achal Dave', 'Changxi Zheng', 'Carl Vondrick']",2024-05-23T17:59:52Z,http://arxiv.org/abs/2405.14868v1,"['cs.CV', 'cs.AI', 'cs.LG', 'cs.RO']",
"First Data Release of the COSMOS Lyman-Alpha Mapping And Tomography
  Observations: 3D Lyman-$α$ Forest Tomography at 2.05 < z < 2.55","Faint star-forming galaxies at $z\sim 2-3$ can be used as alternative background sources to probe the Lyman-$\alpha$ forest in addition to quasars, yielding high sightline densities that enable 3D tomographic reconstruction of the foreground absorption field. Here, we present the first data release from the COSMOS Lyman-Alpha Mapping And Mapping Observations (CLAMATO) Survey, which was conducted with the LRIS spectrograph on the Keck-I telescope. Over an observational footprint of 0.157$\mathrm{deg}^2$ within the COSMOS field, we used 240 galaxies and quasars at $2.17<z<3.00$, with a mean comoving transverse separation of $2.37\,h^{-1}\,\mathrm{Mpc^3}$, as background sources probing the foreground Lyman-$\alpha$ forest absorption at $2.05<z<2.55$. The Lyman-$\alpha$ forest data was then used to create a Wiener-filtered tomographic reconstruction over a comoving volume of $3.15\,\times 10^5\,h^{-3}\,\mathrm{Mpc^3}$ with an effective smoothing scale of $2.5\,h^{-1}\,\mathrm{Mpc}$. In addition to traditional figures, this map is also presented as a virtual-reality YouTube360 video visualization and manipulable interactive figure. We see large overdensities and underdensities that visually agree with the distribution of coeval galaxies from spectroscopic redshift surveys in the same field, including overdensities associated with several recently-discovered galaxy protoclusters in the volume. This data release includes the redshift catalog, reduced spectra, extracted Lyman-$\alpha$ forest pixel data, and tomographic map of the absorption.","['Khee-Gan Lee', 'Alex Krolewski', 'Martin White', 'David Schlegel', 'Peter E. Nugent', 'Joseph F. Hennawi', 'Thomas Müller', 'Richard Pan', 'J. Xavier Prochaska', 'Andreu Font-Ribera', 'Nao Suzuki', 'Karl Glazebrook', 'Glenn G. Kacprzak', 'Jeyhan S. Kartaltepe', 'Anton M. Koekemoer', 'Olivier Le Févre', 'Brian C. Lemaux', 'Christian Maier', 'Themiya Nanayakkara', 'R. Michael Rich', 'D. B. Sanders', 'Mara Salvato', 'Lidia Tasca', 'Kim-Vy H. Tran']",2017-10-08T22:33:01Z,http://arxiv.org/abs/1710.02894v3,"['astro-ph.CO', 'astro-ph.GA']",
"LookinGood: Enhancing Performance Capture with Real-time Neural
  Re-Rendering","Motivated by augmented and virtual reality applications such as telepresence, there has been a recent focus in real-time performance capture of humans under motion. However, given the real-time constraint, these systems often suffer from artifacts in geometry and texture such as holes and noise in the final rendering, poor lighting, and low-resolution textures. We take the novel approach to augment such real-time performance capture systems with a deep architecture that takes a rendering from an arbitrary viewpoint, and jointly performs completion, super resolution, and denoising of the imagery in real-time. We call this approach neural (re-)rendering, and our live system ""LookinGood"". Our deep architecture is trained to produce high resolution and high quality images from a coarse rendering in real-time. First, we propose a self-supervised training method that does not require manual ground-truth annotation. We contribute a specialized reconstruction error that uses semantic information to focus on relevant parts of the subject, e.g. the face. We also introduce a salient reweighing scheme of the loss function that is able to discard outliers. We specifically design the system for virtual and augmented reality headsets where the consistency between the left and right eye plays a crucial role in the final user experience. Finally, we generate temporally stable results by explicitly minimizing the difference between two consecutive frames. We tested the proposed system in two different scenarios: one involving a single RGB-D sensor, and upper body reconstruction of an actor, the second consisting of full body 360 degree capture. Through extensive experimentation, we demonstrate how our system generalizes across unseen sequences and subjects. The supplementary video is available at http://youtu.be/Md3tdAKoLGU.","['Ricardo Martin-Brualla', 'Rohit Pandey', 'Shuoran Yang', 'Pavel Pidlypenskyi', 'Jonathan Taylor', 'Julien Valentin', 'Sameh Khamis', 'Philip Davidson', 'Anastasia Tkach', 'Peter Lincoln', 'Adarsh Kowdle', 'Christoph Rhemann', 'Dan B Goldman', 'Cem Keskin', 'Steve Seitz', 'Shahram Izadi', 'Sean Fanello']",2018-11-12T22:51:19Z,http://arxiv.org/abs/1811.05029v1,['cs.CV'],
3D Reconstruction & Assessment Framework based on affordable 2D Lidar,"Lidar is extensively used in the industry and mass-market. Due to its measurement accuracy and insensitivity to illumination compared to cameras, It is applied onto a broad range of applications, like geodetic engineering, self driving cars or virtual reality. But the 3D Lidar with multi-beam is very expensive, and the massive measurements data can not be fully leveraged on some constrained platforms. The purpose of this paper is to explore the possibility of using cheap 2D Lidar off-the-shelf, to preform complex 3D Reconstruction, moreover, the generated 3D map quality is evaluated by our proposed metrics at the end. The 3D map is constructed in two ways, one way in which the scan is performed at known positions with an external rotary axis at another plane. The other way, in which the 2D Lidar for mapping and another 2D Lidar for localization are placed on a trolley, the trolley is pushed on the ground arbitrarily. The generated maps by different approaches are converted to octomaps uniformly before the evaluation. The similarity and difference between two maps will be evaluated by the proposed metrics thoroughly. The whole mapping system is composed of several modular components. A 3D bracket was made for assembling of the Lidar with a long range, the driver and the motor together. A cover platform made for the IMU and 2D Lidar with a shorter range but high accuracy. The software is stacked up in different ROS packages.","['Xueyang Kang', 'Shengjiong Yin', 'Yinglong Fen']",2018-03-24T22:09:08Z,http://arxiv.org/abs/1803.09167v3,"['cs.RO', '28-06', 'I.2.9, C.0, C.1, C.5']",
"A Mixed VR and Physical Framework to Evaluate Impacts of Virtual Legs
  and Elevated Narrow Working Space on Construction Workers Gait Pattern","It is difficult to conduct training and evaluate workers' postural performance by using the actual job site environment due to safety concerns. Virtual reality (VR) provides an alternative to create immersive working environments without significant safety concerns. Working on elevated surfaces is a dangerous scenario, which may lead to gait and postural instability and, consequently, a serious fall. Previous studies showed that VR is a promising tool for measuring the impact of height on the postural sway. However, most of these studies used the treadmill as the walking locomotion apparatus in a virtual environment (VE). This paper was focused on natural walking locomotion to reduce the inherent postural perturbations of VR devices. To investigate the impact of virtual height on gait characteristics and keep the level of realism and feeling of presence at their highest, we enhanced the first-person-character model with ""virtual legs"". Afterward, we investigated its effect on the gait parameters of the participants with and without the presence of height. To that end, twelve healthy adults were asked to walk on a virtual loop path once at the ground level and once at the 17th floor of an unfinished structure. By quantitatively comparing the participants' gait pattern results, we observed a decrease in the stride length and increase in the gait duration of the participants exposed to height. At the ground level, the use of the enhanced model reduced participants' average stride length and height. The results of this study help us understand users' behaviors when they were exposed to elevated surfaces and establish a firm ground for gait stability analysis for the future height-related VR studies. We expect this developed VR platform can generate reliable results of VR application in more construction safety studies.","['Mahmoud Habibnezhad', 'Jay Puckett', 'Mohammad Sadra Fardhosseini', 'Lucky Agung Pratama']",2019-06-20T14:47:49Z,http://arxiv.org/abs/1906.08670v1,['cs.HC'],
"Experiencing Extreme Height for The First Time: The Influence of Height,
  Self-Judgment of Fear and a Moving Structural Beam on the Heart Rate and
  Postural Sway During the Quiet Stance","Falling from elevated surfaces is the main cause of death and injury at construction sites. Based on the Bureau of Labor Statistics (BLS) reports, an average of nearly three workers per day suffer fatal injuries from falling. Studies show that postural instability is the foremost cause of this disproportional falling rate. To study what affects the postural stability of construction workers, we conducted a series of experiments in the virtual reality (VR). Twelve healthy adults, all students at the University of Nebraska were recruited for this study. During each trial, participants heart rates and postural sways were measured as the dependent factors. The independent factors included a moving structural beam (MB) coming directly at the participants, the presence of VR, height, the participants self-judgment of fear, and their level of acrophobia. The former was designed in an attempt to simulate some part of the steel erection procedure, which is one of the key tasks of ironworkers. The results of this study indicate that height increase the postural sway. Self-judged fear significantly was found to decrease postural sway, more specifically the normalized total excursion of the center of pressure (TE), both in the presence and absence of height. Also, participants heart rates significantly increase once they are confronted by a moving beam in the virtual environment (VE), even though they are informed that the beam will not hit them. The findings of this study can be useful for training novice ironworkers that will be subjected to height and steel erection for the first time.","['Mahmoud Habibnezhad', 'Jay Puckett', 'Mohammad Sadra Fardhosseini', 'Houtan Jebelli', 'Terry Stentz', 'Lucky Agung Pratama']",2019-06-20T15:08:45Z,http://arxiv.org/abs/1906.08682v1,['cs.HC'],
"Dense 3D Reconstruction for Visual Tunnel Inspection using Unmanned
  Aerial Vehicle","Advances in Unmanned Aerial Vehicle (UAV) opens venues for application such as tunnel inspection. Owing to its versatility to fly inside the tunnels, it can quickly identify defects and potential problems related to safety. However, long tunnels, especially with repetitive or uniform structures pose a significant problem for UAV navigation. Furthermore, post-processing visual data from the camera mounted on the UAV is required to generate useful information for the inspection task. In this work, we design a UAV with a single rotating camera to accomplish the task. Compared to other platforms, our solution can fit the stringent requirement for tunnel inspection, in terms of battery life, size and weight. While the current state-of-the-art can estimate camera pose and 3D geometry from a sequence of images, they assume large overlap, small rotational motion, and many distinct matching points between images. These assumptions severely limit their effectiveness in tunnel-like scenarios where the camera has erratic or large rotational motion, such as the one mounted on the UAV. This paper presents a novel solution which exploits Structure-from-Motion, Bundle Adjustment, and available geometry priors to robustly estimate camera pose and automatically reconstruct a fully-dense 3D scene using the least possible number of images in various challenging tunnel-like environments. We validate our system with both Virtual Reality application and experimentation with a real dataset. The results demonstrate that the proposed reconstruction along with texture mapping allows for remote navigation and inspection of tunnel-like environments, even those which are inaccessible for humans.","['Ramanpreet Singh Pahwa', 'Kennard Yanting Chan', 'Jiamin Bai', 'Vincensius Billy Saputra', 'Minh N. Do', 'Shaohui Foong']",2019-11-09T03:22:10Z,http://arxiv.org/abs/1911.03603v1,"['cs.RO', 'cs.CV']",
"Deep Coarse-to-fine Dense Light Field Reconstruction with Flexible
  Sampling and Geometry-aware Fusion","A densely-sampled light field (LF) is highly desirable in various applications, such as 3-D reconstruction, post-capture refocusing and virtual reality. However, it is costly to acquire such data. Although many computational methods have been proposed to reconstruct a densely-sampled LF from a sparsely-sampled one, they still suffer from either low reconstruction quality, low computational efficiency, or the restriction on the regularity of the sampling pattern. To this end, we propose a novel learning-based method, which accepts sparsely-sampled LFs with irregular structures, and produces densely-sampled LFs with arbitrary angular resolution accurately and efficiently. We also propose a simple yet effective method for optimizing the sampling pattern. Our proposed method, an end-to-end trainable network, reconstructs a densely-sampled LF in a coarse-to-fine manner. Specifically, the coarse sub-aperture image (SAI) synthesis module first explores the scene geometry from an unstructured sparsely-sampled LF and leverages it to independently synthesize novel SAIs, in which a confidence-based blending strategy is proposed to fuse the information from different input SAIs, giving an intermediate densely-sampled LF. Then, the efficient LF refinement module learns the angular relationship within the intermediate result to recover the LF parallax structure. Comprehensive experimental evaluations demonstrate the superiority of our method on both real-world and synthetic LF images when compared with state-of-the-art methods. In addition, we illustrate the benefits and advantages of the proposed approach when applied in various LF-based applications, including image-based rendering and depth estimation enhancement.","['Jing Jin', 'Junhui Hou', 'Jie Chen', 'Huanqiang Zeng', 'Sam Kwong', 'Jingyi Yu']",2019-08-31T05:16:21Z,http://arxiv.org/abs/1909.01341v3,"['eess.IV', 'cs.CV']",
3D Human Body Reshaping with Anthropometric Modeling,"Reshaping accurate and realistic 3D human bodies from anthropometric parameters (e.g., height, chest size, etc.) poses a fundamental challenge for person identification, online shopping and virtual reality. Existing approaches for creating such 3D shapes often suffer from complex measurement by range cameras or high-end scanners, which either involve heavy expense cost or result in low quality. However, these high-quality equipments limit existing approaches in real applications, because the equipments are not easily accessible for common users. In this paper, we have designed a 3D human body reshaping system by proposing a novel feature-selection-based local mapping technique, which enables automatic anthropometric parameter modeling for each body facet. Note that the proposed approach can leverage limited anthropometric parameters (i.e., 3-5 measurements) as input, which avoids complex measurement, and thus better user-friendly experience can be achieved in real scenarios. Specifically, the proposed reshaping model consists of three steps. First, we calculate full-body anthropometric parameters from limited user inputs by imputation technique, and thus essential anthropometric parameters for 3D body reshaping can be obtained. Second, we select the most relevant anthropometric parameters for each facet by adopting relevance masks, which are learned offline by the proposed local mapping technique. Third, we generate the 3D body meshes by mapping matrices, which are learned by linear regression from the selected parameters to mesh-based body representation. We conduct experiments by anthropomorphic evaluation and a user study from 68 volunteers. Experiments show the superior results of the proposed system in terms of mean reconstruction error against the state-of-the-art approaches.","['Yanhong Zeng', 'Jianlong Fu', 'Hongyang Chao']",2021-04-05T04:09:39Z,http://arxiv.org/abs/2104.01762v1,"['cs.CV', 'cs.GR']",
"Simultaneous Estimation of Hand Configurations and Finger Joint Angles
  using Forearm Ultrasound","With the advancement in computing and robotics, it is necessary to develop fluent and intuitive methods for interacting with digital systems, augmented/virtual reality (AR/VR) interfaces, and physical robotic systems. Hand motion recognition is widely used to enable these interactions. Hand configuration classification and MCP joint angle detection is important for a comprehensive reconstruction of hand motion. sEMG and other technologies have been used for the detection of hand motions. Forearm ultrasound images provide a musculoskeletal visualization that can be used to understand hand motion. Recent work has shown that these ultrasound images can be classified using machine learning to estimate discrete hand configurations. Estimating both hand configuration and MCP joint angles based on forearm ultrasound has not been addressed in the literature. In this paper, we propose a CNN based deep learning pipeline for predicting the MCP joint angles. The results for the hand configuration classification were compared by using different machine learning algorithms. SVC with different kernels, MLP, and the proposed CNN have been used to classify the ultrasound images into 11 hand configurations based on activities of daily living. Forearm ultrasound images were acquired from 6 subjects instructed to move their hands according to predefined hand configurations. Motion capture data was acquired to get the finger angles corresponding to the hand movements at different speeds. Average classification accuracy of 82.7% for the proposed CNN and over 80% for SVC for different kernels was observed on a subset of the dataset. An average RMSE of 7.35 degrees was obtained between the predicted and the true MCP joint angles. A low latency (6.25 - 9.1 Hz) pipeline has been proposed for estimating both MCP joint angles and hand configuration aimed at real-time control of human-machine interfaces.","['Keshav Bimbraw', 'Christopher J. Nycz', 'Matt Schueler', 'Ziming Zhang', 'Haichong K. Zhang']",2022-11-29T02:06:19Z,http://arxiv.org/abs/2211.15871v1,"['cs.RO', 'cs.CV', 'cs.HC']",
"Reconstructing Human Pose from Inertial Measurements: A Generative
  Model-based Compressive Sensing Approach","The ability to sense, localize, and estimate the 3D position and orientation of the human body is critical in virtual reality (VR) and extended reality (XR) applications. This becomes more important and challenging with the deployment of VR/XR applications over the next generation of wireless systems such as 5G and beyond. In this paper, we propose a novel framework that can reconstruct the 3D human body pose of the user given sparse measurements from Inertial Measurement Unit (IMU) sensors over a noisy wireless environment. Specifically, our framework enables reliable transmission of compressed IMU signals through noisy wireless channels and effective recovery of such signals at the receiver, e.g., an edge server. This task is very challenging due to the constraints of transmit power, recovery accuracy, and recovery latency. To address these challenges, we first develop a deep generative model at the receiver to recover the data from linear measurements of IMU signals. The linear measurements of the IMU signals are obtained by a linear projection with a measurement matrix based on the compressive sensing theory. The key to the success of our framework lies in the novel design of the measurement matrix at the transmitter, which can not only satisfy power constraints for the IMU devices but also obtain a highly accurate recovery for the IMU signals at the receiver. This can be achieved by extending the set-restricted eigenvalue condition of the measurement matrix and combining it with an upper bound for the power transmission constraint. Our framework can achieve robust performance for recovering 3D human poses from noisy compressed IMU signals. Additionally, our pre-trained deep generative model achieves signal reconstruction accuracy comparable to an optimization-based approach, i.e., Lasso, but is an order of magnitude faster.","['Nguyen Quang Hieu', 'Dinh Thai Hoang', 'Diep N. Nguyen', 'Mohammad Abu Alsheikh']",2023-10-31T07:13:11Z,http://arxiv.org/abs/2310.20228v3,['cs.HC'],
SparsePoser: Real-time Full-body Motion Reconstruction from Sparse Data,"Accurate and reliable human motion reconstruction is crucial for creating natural interactions of full-body avatars in Virtual Reality (VR) and entertainment applications. As the Metaverse and social applications gain popularity, users are seeking cost-effective solutions to create full-body animations that are comparable in quality to those produced by commercial motion capture systems. In order to provide affordable solutions, though, it is important to minimize the number of sensors attached to the subject's body. Unfortunately, reconstructing the full-body pose from sparse data is a heavily under-determined problem. Some studies that use IMU sensors face challenges in reconstructing the pose due to positional drift and ambiguity of the poses. In recent years, some mainstream VR systems have released 6-degree-of-freedom (6-DoF) tracking devices providing positional and rotational information. Nevertheless, most solutions for reconstructing full-body poses rely on traditional inverse kinematics (IK) solutions, which often produce non-continuous and unnatural poses. In this article, we introduce SparsePoser, a novel deep learning-based solution for reconstructing a full-body pose from a reduced set of six tracking devices. Our system incorporates a convolutional-based autoencoder that synthesizes high-quality continuous human poses by learning the human motion manifold from motion capture data. Then, we employ a learned IK component, made of multiple lightweight feed-forward neural networks, to adjust the hands and feet toward the corresponding trackers. We extensively evaluate our method on publicly available motion capture datasets and with real-time live demos. We show that our method outperforms state-of-the-art techniques using IMU sensors or 6-DoF tracking devices, and can be used for users with different body dimensions and proportions.","['Jose Luis Ponton', 'Haoran Yun', 'Andreas Aristidou', 'Carlos Andujar', 'Nuria Pelechano']",2023-11-03T18:48:01Z,http://arxiv.org/abs/2311.02191v1,"['cs.GR', 'cs.AI']",
InAR:Inverse Augmented Reality,"Augmented reality is the art to seamlessly fuse virtual objects into real ones. In this short note, we address the opposite problem, the inverse augmented reality, that is, given a perfectly augmented reality scene where human is unable to distinguish real objects from virtual ones, how the machine could help do the job. We show by structure from motion (SFM), a simple 3D reconstruction technique from images in computer vision, the real and virtual objects can be easily separated in the reconstructed 3D scene.","['Hao Hu', 'Hainan Cui']",2015-08-11T14:17:28Z,http://arxiv.org/abs/1508.02606v1,['cs.CV'],
Tollan-Xicocotitlan: A reconstructed City by augmented reality,"This project presents the analysis, design, implementation and results of Reconstruction Xicocotitlan Tollan-through augmented reality, which will release information about the Toltec culture supplemented by presenting an overview of the main premises of the Xicocotitlan Tollan city supported dimensional models based on the augmented reality technique showing the user a virtual representation of buildings in Tollan.","['Martha Rosa Cordero Lopez', 'Marco Antonio Dorantes Gonzalez']",2014-06-19T18:57:03Z,http://arxiv.org/abs/1406.5151v1,"['cs.CE', 'cs.CY']",
"Towards Safer Robot-Assisted Surgery: A Markerless Augmented Reality
  Framework","Robot-assisted surgery is rapidly developing in the medical field, and the integration of augmented reality shows the potential of improving the surgeons' operation performance by providing more visual information. In this paper, we proposed a markerless augmented reality framework to enhance safety by avoiding intra-operative bleeding which is a high risk caused by the collision between the surgical instruments and the blood vessel. Advanced stereo reconstruction and segmentation networks are compared to find out the best combination to reconstruct the intra-operative blood vessel in the 3D space for the registration of the pre-operative model, and the minimum distance detection between the instruments and the blood vessel is implemented. A robot-assisted lymphadenectomy is simulated on the da Vinci Research Kit in a dry lab, and ten human subjects performed this operation to explore the usability of the proposed framework. The result shows that the augmented reality framework can help the users to avoid the dangerous collision between the instruments and the blood vessel while not introducing an extra load. It provides a flexible framework that integrates augmented reality into the medical robot platform to enhance safety during the operation.","['Ziyang Chen', 'Laura Cruciani', 'Ke Fan', 'Matteo Fontana', 'Elena Lievore', 'Ottavio De Cobelli', 'Gennaro Musi', 'Giancarlo Ferrigno', 'Elena De Momi']",2023-09-14T13:13:46Z,http://arxiv.org/abs/2309.07693v1,['cs.RO'],
City Planning with Augmented Reality,"We present an early study designed to analyze how city planning and the health of senior citizens can benefit from the use of augmented reality (AR) using Microsoft's HoloLens. We also explore whether AR and VR can be used to help city planners receive real-time feedback from citizens, such as the elderly, on virtual plans, allowing for informed decisions to be made before any construction begins.","['Catherine Angelini', 'Adam S. Williams', 'Mathew Kress', 'Edgar Ramos Vieira', ""Newton D'Souza"", 'Naphtali D. Rishe', 'Joseph Medina', 'Francisco R. Ortega']",2020-01-18T02:22:45Z,http://arxiv.org/abs/2001.06578v1,['cs.HC'],
Real-time Geometry-Aware Augmented Reality in Minimally Invasive Surgery,"The potential of Augmented Reality (AR) technology to assist minimally invasive surgeries (MIS) lies in its computational performance and accuracy in dealing with challenging MIS scenes. Even with the latest hardware and software technologies, achieving both real-time and accurate augmented information overlay in MIS is still a formidable task. In this paper, we present a novel real-time AR framework for MIS that achieves interactive geometric aware augmented reality in endoscopic surgery with stereo views. Our framework tracks the movement of the endoscopic camera and simultaneously reconstructs a dense geometric mesh of the MIS scene. The movement of the camera is predicted by minimising the re-projection error to achieve a fast tracking performance, while the 3D mesh is incrementally built by a dense zero mean normalised cross correlation stereo matching method to improve the accuracy of the surface reconstruction. Our proposed system does not require any prior template or pre-operative scan and can infer the geometric information intra-operatively in real-time. With the geometric information available, our proposed AR framework is able to interactively add annotations, localisation of tumours and vessels, and measurement labelling with greater precision and accuracy compared with the state of the art approaches.","['Long Chen', 'Wen Tang', 'Nigel W. John']",2017-08-03T17:25:38Z,http://arxiv.org/abs/1708.01234v1,['cs.CV'],
Surgical navigation systems based on augmented reality technologies,"This study considers modern surgical navigation systems based on augmented reality technologies. Augmented reality glasses are used to construct holograms of the patient's organs from MRI and CT data, subsequently transmitted to the glasses. This, in addition to seeing the actual patient, the surgeon gains visualization inside the patient's body (bones, soft tissues, blood vessels, etc.). The solutions developed at Peter the Great St. Petersburg Polytechnic University allow reducing the invasiveness of the procedure and preserving healthy tissues. This also improves the navigation process, making it easier to estimate the location and size of the tumor to be removed. We describe the application of developed systems to different types of surgical operations (removal of a malignant brain tumor, removal of a cyst of the cervical spine). We consider the specifics of novel navigation systems designed for anesthesia, for endoscopic operations. Furthermore, we discuss the construction of novel visualization systems for ultrasound machines. Our findings indicate that the technologies proposed show potential for telemedicine.","['Vladimir Ivanov', 'Anton Krivtsov', 'Sergey Strelkov', 'Dmitry Gulyaev', 'Denis Godanyuk', 'Nikolay Kalakutsky', 'Artyom Pavlov', 'Marina Petropavloskaya', 'Alexander Smirnov', 'Andrew Yaremenko']",2021-05-13T11:09:12Z,http://arxiv.org/abs/2106.00727v1,['cs.HC'],
"Augmented Reality Applied to LEGO Construction: AR-based Building
  Instructions with High Accuracy & Precision and Realistic Object-Hand
  Occlusions","BRICKxAR is a novel Augmented Reality (AR) instruction method for construction toys such as LEGO. With BRICKxAR, physical LEGO construction is guided by virtual bricks. Compared with the state-of-the-art, accuracy of the virtual - physical model alignment is significantly improved through a new design of marker-based registration, which can achieve an average error less than 1mm throughout the model. Realistic object occlusion is accomplished to reveal the true spatial relationship between physical and virtual bricks. LEGO players' hand detection and occlusion are realized to visualize the correct spatial relationship between real hands and virtual bricks, and allow virtual bricks to be ""grasped"" by real hands. The integration of these features makes AR instructions possible for small-parts assembly, validated through a working AR prototype for constructing LEGO Arc de Triomphe, quantitative measures of the accuracies of registration and occlusions, and heuristic evaluation of AR instruction features.",['Wei Yan'],2019-07-29T17:44:14Z,http://arxiv.org/abs/1907.12549v4,"['cs.HC', 'cs.CY', 'H.5.1; J.6']",
Augmented Reality for Depth Cues in Monocular Minimally Invasive Surgery,"One of the major challenges in Minimally Invasive Surgery (MIS) such as laparoscopy is the lack of depth perception. In recent years, laparoscopic scene tracking and surface reconstruction has been a focus of investigation to provide rich additional information to aid the surgical process and compensate for the depth perception issue. However, robust 3D surface reconstruction and augmented reality with depth perception on the reconstructed scene are yet to be reported. This paper presents our work in this area. First, we adopt a state-of-the-art visual simultaneous localization and mapping (SLAM) framework - ORB-SLAM - and extend the algorithm for use in MIS scenes for reliable endoscopic camera tracking and salient point mapping. We then develop a robust global 3D surface reconstruction frame- work based on the sparse point clouds extracted from the SLAM framework. Our approach is to combine an outlier removal filter within a Moving Least Squares smoothing algorithm and then employ Poisson surface reconstruction to obtain smooth surfaces from the unstructured sparse point cloud. Our proposed method has been quantitatively evaluated compared with ground-truth camera trajectories and the organ model surface we used to render the synthetic simulation videos. In vivo laparoscopic videos used in the tests have demonstrated the robustness and accuracy of our proposed framework on both camera tracking and surface reconstruction, illustrating the potential of our algorithm for depth augmentation and depth-corrected augmented reality in MIS with monocular endoscopes.","['Long Chen', 'Wen Tang', 'Nigel W. John', 'Tao Ruan Wan', 'Jian Jun Zhang']",2017-03-01T18:01:52Z,http://arxiv.org/abs/1703.01243v1,['cs.CV'],
"Exploring Stereovision-Based 3-D Scene Reconstruction for Augmented
  Reality","Three-dimensional (3-D) scene reconstruction is one of the key techniques in Augmented Reality (AR), which is related to the integration of image processing and display systems of complex information. Stereo matching is a computer vision based approach for 3-D scene reconstruction. In this paper, we explore an improved stereo matching network, SLED-Net, in which a Single Long Encoder-Decoder is proposed to replace the stacked hourglass network in PSM-Net for better contextual information learning. We compare SLED-Net to state-of-the-art methods recently published, and demonstrate its superior performance on Scene Flow and KITTI2015 test sets.","['Guang-Yu Nie', 'Yun Liu', 'Cong Wang', 'Yue Liu', 'Yongtian Wang']",2019-02-17T13:09:16Z,http://arxiv.org/abs/1902.06255v1,['cs.CV'],
"Occluded object reconstruction for first responders with augmented
  reality glasses using conditional generative adversarial networks","Firefighters suffer a variety of life-threatening risks, including line-of-duty deaths, injuries, and exposures to hazardous substances. Support for reducing these risks is important. We built a partially occluded object reconstruction method on augmented reality glasses for first responders. We used a deep learning based on conditional generative adversarial networks to train associations between the various images of flammable and hazardous objects and their partially occluded counterparts. Our system then reconstructed an image of a new flammable object. Finally, the reconstructed image was superimposed on the input image to provide ""transparency"". The system imitates human learning about the laws of physics through experience by learning the shape of flammable objects and the flame characteristics.","['Kyongsik Yun', 'Thomas Lu', 'Edward Chow']",2018-04-20T23:56:10Z,http://arxiv.org/abs/1805.00322v1,"['cs.CV', 'cs.LG']",
"A Survey Study to Understand Industry Vision for Virtual and Augmented
  Reality Applications in Design and Construction","With advances in Building Information Modeling (BIM), Virtual Reality (VR) and Augmented Reality (AR) technologies have many potential applications in the Architecture, Engineering, and Construction (AEC) industry. However, the AEC industry, relative to other industries, has been slow in adopting AR/VR technologies, partly due to lack of feasibility studies examining the actual cost of implementation versus an increase in profit. The main objectives of this paper are to understand the industry trends in adopting AR/VR technologies and identifying gaps between AEC research and industry practices. The identified gaps can lead to opportunities for developing new tools and finding new use cases. To achieve these goals, two rounds of a survey at two different time periods (a year apart) were conducted. Responses from 158 industry experts and researchers were analyzed to assess the current state, growth, and saving opportunities for AR/VR technologies for the AEC industry. The authors used t-test for hypothesis testing. The findings show a significant increase in AR/VR utilization in the AEC industry over the past year from 2017 to 2018. The industry experts also anticipate strong growth in the use of AR/VR technologies over the next 5 to 10 years.","['Mojtaba Noghabaei', 'Arsalan Heydarian', 'Vahid Balali', 'Kevin Han']",2020-05-06T13:16:05Z,http://arxiv.org/abs/2005.02795v1,['cs.CY'],
"Multi-view data capture for dynamic object reconstruction using handheld
  augmented reality mobiles","We propose a system to capture nearly-synchronous frame streams from multiple and moving handheld mobiles that is suitable for dynamic object 3D reconstruction. Each mobile executes Simultaneous Localisation and Mapping on-board to estimate its pose, and uses a wireless communication channel to send or receive synchronisation triggers. Our system can harvest frames and mobile poses in real time using a decentralised triggering strategy and a data-relay architecture that can be deployed either at the Edge or in the Cloud. We show the effectiveness of our system by employing it for 3D skeleton and volumetric reconstructions. Our triggering strategy achieves equal performance to that of an NTP-based synchronisation approach, but offers higher flexibility, as it can be adjusted online based on application needs. We created a challenging new dataset, namely 4DM, that involves six handheld augmented reality mobiles recording an actor performing sports actions outdoors. We validate our system on 4DM, analyse its strengths and limitations, and compare its modules with alternative ones.","['M. Bortolon', 'L. Bazzanella', 'F. Poiesi']",2021-03-14T10:26:50Z,http://arxiv.org/abs/2103.07883v2,"['cs.MM', 'cs.CV']",
"BIMxAR: BIM-Empowered Augmented Reality for Learning Architectural
  Representations","Literature review shows limited research investigating the utilization of Augmented Reality (AR) to improve learning and understanding architectural representations, specifically section views. In this study, we present an AR system prototype (BIMxAR), its new and accurate building-scale registration method, and its novel visualization features that facilitate the comprehension of building construction systems, materials configuration, and 3D section views of complex structures through the integration of AR, Building Information Modeling (BIM), and physical buildings. A pilot user study found improvements after students studied building section views in a physical building with AR, though not statistically significant, in terms of scores of the Santa Barbara Solids Test (SBST) and the Architectural Representations Test (ART). When incorporating time as a performance factor, the ART timed scores show a significant improvement in the posttest session. BIMxAR has the potential to enhance the students spatial abilities, particularly in understanding buildings and complex section views.","['Ziad Ashour', 'Zohreh Shaghaghian', 'Wei Yan']",2022-04-07T04:32:43Z,http://arxiv.org/abs/2204.03207v2,['cs.HC'],
"Microvision: Static analysis-based approach to visualizing microservices
  in augmented reality","Microservices are supporting digital transformation; however, fundamental tools and system perspectives are missing to better observe, understand, and manage these systems, their properties, and their dependencies. Microservices architecture leans toward decentralization, which yields many advantages to system operation; it, however, brings challenges to their development. Microservices lack a system-centric perspective to better cope with system evolution and quality assessment. In this work, we explore microservice-specific architecture reconstruction based on static analysis. Such reconstruction typically results in system models to visualize selected system-centric perspectives. Conventional models are limited in utility when the service cardinality is high. We consider an alternative data visualization using 3D space using augmented reality. To begin testing the feasibility of deriving such perspectives from microservice systems, we developed and implemented prototype tools for software architecture reconstruction and visualization of compared perspectives.","['Tomas Cerny', 'Amr S. Abdelfattah', 'Vincent Bushong', 'Abdullah Al Maruf', 'Davide Taibi']",2022-07-06T21:19:19Z,http://arxiv.org/abs/2207.02974v2,['cs.SE'],
"Multi-Camera Lighting Estimation for Photorealistic Front-Facing Mobile
  Augmented Reality","Lighting understanding plays an important role in virtual object composition, including mobile augmented reality (AR) applications. Prior work often targets recovering lighting from the physical environment to support photorealistic AR rendering. Because the common workflow is to use a back-facing camera to capture the physical world for overlaying virtual objects, we refer to this usage pattern as back-facing AR. However, existing methods often fall short in supporting emerging front-facing mobile AR applications, e.g., virtual try-on where a user leverages a front-facing camera to explore the effect of various products (e.g., glasses or hats) of different styles. This lack of support can be attributed to the unique challenges of obtaining 360$^\circ$ HDR environment maps, an ideal format of lighting representation, from the front-facing camera and existing techniques. In this paper, we propose to leverage dual-camera streaming to generate a high-quality environment map by combining multi-view lighting reconstruction and parametric directional lighting estimation. Our preliminary results show improved rendering quality using a dual-camera setup for front-facing AR compared to a commercial solution.","['Yiqin Zhao', 'Sean Fanello', 'Tian Guo']",2023-01-15T16:52:59Z,http://arxiv.org/abs/2301.06143v1,['cs.CV'],
The Dark Side of Augmented Reality: Exploring Manipulative Designs in AR,"Augmented Reality (AR) applications are becoming more mainstream, with successful examples in the mobile environment like Pokemon GO. Current malicious techniques can exploit these environments' immersive and mixed nature (physical-virtual) to trick users into providing more personal information, i.e., dark patterns. Dark patterns are deceiving techniques (e.g., interface tricks) designed to influence individuals' behavioural decisions. However, there are few studies regarding dark patterns' potential issues in AR environments. In this work, using scenario construction to build our prototypes, we investigate the potential future approaches that dark patterns can have. We use VR mockups in our user study to analyze the effects of dark patterns in AR. Our study indicates that dark patterns are effective in immersive scenarios, and the use of novel techniques such as `haptic grabbing' to drag participants' attention can influence their movements. Finally, we discuss the impact of such malicious techniques and what techniques can mitigate them.","['Xian Wang', 'Lik-Hang Lee', 'Carlos Bermejo Fernandez', 'Pan Hui']",2023-03-06T02:40:43Z,http://arxiv.org/abs/2303.02843v2,['cs.HC'],
"Multimodal Grounding for Embodied AI via Augmented Reality Headsets for
  Natural Language Driven Task Planning","Recent advances in generative modeling have spurred a resurgence in the field of Embodied Artificial Intelligence (EAI). EAI systems typically deploy large language models to physical systems capable of interacting with their environment. In our exploration of EAI for industrial domains, we successfully demonstrate the feasibility of co-located, human-robot teaming. Specifically, we construct an experiment where an Augmented Reality (AR) headset mediates information exchange between an EAI agent and human operator for a variety of inspection tasks. To our knowledge the use of an AR headset for multimodal grounding and the application of EAI to industrial tasks are novel contributions within Embodied AI research. In addition, we highlight potential pitfalls in EAI's construction by providing quantitative and qualitative analysis on prompt robustness.","['Selma Wanna', 'Fabian Parra', 'Robert Valner', 'Karl Kruusamäe', 'Mitch Pryor']",2023-04-26T16:44:19Z,http://arxiv.org/abs/2304.13676v1,"['cs.RO', 'I.2.9; I.2.7; I.2.4']",
"Multi-3D-Models Registration-Based Augmented Reality (AR) Instructions
  for Assembly","This paper introduces a novel, markerless, step-by-step, in-situ 3D Augmented Reality (AR) instruction method and its application - BRICKxAR (Multi 3D Models/M3D) - for small parts assembly. BRICKxAR (M3D) realistically visualizes rendered 3D assembly parts at the assembly location of the physical assembly model (Figure 1). The user controls the assembly process through a user interface. BRICKxAR (M3D) utilizes deep learning-trained 3D model-based registration. Object recognition and tracking become challenging as the assembly model updates at each step. Additionally, not every part in a 3D assembly may be visible to the camera during the assembly. BRICKxAR (M3D) combines multiple assembly phases with a step count to address these challenges. Thus, using fewer phases simplifies the complex assembly process while step count facilitates accurate object recognition and precise visualization of each step. A testing and heuristic evaluation of the BRICKxAR (M3D) prototype and qualitative analysis were conducted with users and experts in visualization and human-computer interaction. Providing robust 3D AR instructions and allowing the handling of the assembly model, BRICKxAR (M3D) has the potential to be used at different scales ranging from manufacturing assembly to construction.","['Seda Tuzun Canadinc', 'Wei Yan']",2023-11-27T21:53:17Z,http://arxiv.org/abs/2311.16337v2,"['cs.HC', 'cs.CV']",
"EndoDAC: Efficient Adapting Foundation Model for Self-Supervised Depth
  Estimation from Any Endoscopic Camera","Depth estimation plays a crucial role in various tasks within endoscopic surgery, including navigation, surface reconstruction, and augmented reality visualization. Despite the significant achievements of foundation models in vision tasks, including depth estimation, their direct application to the medical domain often results in suboptimal performance. This highlights the need for efficient adaptation methods to adapt these models to endoscopic depth estimation. We propose Endoscopic Depth Any Camera (EndoDAC) which is an efficient self-supervised depth estimation framework that adapts foundation models to endoscopic scenes. Specifically, we develop the Dynamic Vector-Based Low-Rank Adaptation (DV-LoRA) and employ Convolutional Neck blocks to tailor the foundational model to the surgical domain, utilizing remarkably few trainable parameters. Given that camera information is not always accessible, we also introduce a self-supervised adaptation strategy that estimates camera intrinsics using the pose encoder. Our framework is capable of being trained solely on monocular surgical videos from any camera, ensuring minimal training costs. Experiments demonstrate that our approach obtains superior performance even with fewer training epochs and unaware of the ground truth camera intrinsics. Code is available at https://github.com/BeileiCui/EndoDAC.","['Beilei Cui', 'Mobarakol Islam', 'Long Bai', 'An Wang', 'Hongliang Ren']",2024-05-14T14:55:15Z,http://arxiv.org/abs/2405.08672v1,"['eess.IV', 'cs.CV']",
"Free-body Gesture Tracking and Augmented Reality Improvisation for Floor
  and Aerial Dance","This paper describes an updated interactive performance system for floor and Aerial Dance that controls visual and sonic aspects of the presentation via a depth sensing camera (MS Kinect). In order to detect, measure and track free movement in space, 3 degree of freedom (3-DOF) tracking in space (on the ground and in the air) is performed using IR markers with a method for multi target tracking capabilities added and described in detail. An improved gesture tracking and recognition system, called Action Graph (AG), is described in the paper. Action Graph uses an efficient incremental construction from a single long sequence of movement features and automatically captures repeated sub-segments in the movement from start to finish with no manual interaction needed with other advanced capabilities discussed as well. By using the new model for the gesture we can unify an entire choreography piece by dynamically tracking and recognizing gestures and sub-portions of the piece. This gives the performer the freedom to improvise based on a set of recorded gestures/portions of the choreography and have the system dynamically respond in relation to the performer within a set of related rehearsed actions, an ability that has not been seen in any other system to date.","['Tammuz Dubnov', 'Cheng-i Wang']",2015-09-15T21:54:21Z,http://arxiv.org/abs/1509.04751v1,"['cs.MM', 'cs.CV', 'cs.HC']",
Collaborative Dense SLAM,"In this paper, we present a new system for live collaborative dense surface reconstruction. Cooperative robotics, multi participant augmented reality and human-robot interaction are all examples of situations where collaborative mapping can be leveraged for greater agent autonomy. Our system builds on ElasticFusion to allow a number of cameras starting with unknown initial relative positions to maintain local maps utilising the original algorithm. Carrying out visual place recognition across these local maps the system can identify when two maps overlap in space, providing an inter-map constraint from which the system can derive the relative poses of the two maps. Using these resulting pose constraints, our system performs map merging, allowing multiple cameras to fuse their measurements into a single shared reconstruction. The advantage of this approach is that it avoids replication of structures subsequent to loop closures, where multiple cameras traverse the same regions of the environment. Furthermore, it allows cameras to directly exploit and update regions of the environment previously mapped by other cameras within the system. We provide both quantitative and qualitative analyses using the synthetic ICL-NUIM dataset and the real-world Freiburg dataset including the impact of multi-camera mapping on surface reconstruction accuracy, camera pose estimation accuracy and overall processing time. We also include qualitative results in the form of sample reconstructions of room sized environments with up to 3 cameras undergoing intersecting and loopy trajectories.","['Louis Gallagher', 'John B. McDonald']",2018-11-19T11:54:40Z,http://arxiv.org/abs/1811.07632v2,"['cs.CV', 'I.2.10']",
Pivot calibration concept for sensor attached mobile c-arms,"Medical augmented reality has been actively studied for decades and many methods have been proposed torevolutionize clinical procedures. One example is the camera augmented mobile C-arm (CAMC), which providesa real-time video augmentation onto medical images by rigidly mounting and calibrating a camera to the imagingdevice. Since then, several CAMC variations have been suggested by calibrating 2D/3D cameras, trackers, andmore recently a Microsoft HoloLens to the C-arm. Different calibration methods have been applied to establishthe correspondence between the rigidly attached sensor and the imaging device. A crucial step for these methodsis the acquisition of X-Ray images or 3D reconstruction volumes; therefore, requiring the emission of ionizingradiation. In this work, we analyze the mechanical motion of the device and propose an alternatative methodto calibrate sensors to the C-arm without emitting any radiation. Given a sensor is rigidly attached to thedevice, we introduce an extended pivot calibration concept to compute the fixed translation from the sensor tothe C-arm rotation center. The fixed relationship between the sensor and rotation center can be formulated as apivot calibration problem with the pivot point moving on a locus. Our method exploits the rigid C-arm motiondescribing a Torus surface to solve this calibration problem. We explain the geometry of the C-arm motion andits relation to the attached sensor, propose a calibration algorithm and show its robustness against noise, as wellas trajectory and observed pose density by computer simulations. We discuss this geometric-based formulationand its potential extensions to different C-arm applications.","['Sing Chun Lee', 'Matthias Seibold', 'Philipp Fürnstahl', 'Mazda Farshad', 'Nassir Navab']",2020-01-09T15:57:14Z,http://arxiv.org/abs/2001.03075v1,['cs.RO'],
"Mask-off: Synthesizing Face Images in the Presence of Head-mounted
  Displays","A head-mounted display (HMD) could be an important component of augmented reality system. However, as the upper face region is seriously occluded by the device, the user experience could be affected in applications such as telecommunication and multi-player video games. In this paper, we first present a novel experimental setup that consists of two near-infrared (NIR) cameras to point to the eye regions and one visible-light RGB camera to capture the visible face region. The main purpose of this paper is to synthesize realistic face images without occlusions based on the images captured by these cameras. To this end, we propose a novel synthesis framework that contains four modules: 3D head reconstruction, face alignment and tracking, face synthesis, and eye synthesis. In face synthesis, we propose a novel algorithm that can robustly align and track a personalized 3D head model given a face that is severely occluded by the HMD. In eye synthesis, in order to generate accurate eye movements and dynamic wrinkle variations around eye regions, we propose another novel algorithm to colorize the NIR eye images and further remove the ""red eye"" effects caused by the colorization. Results show that both hardware setup and system framework are robust to synthesize realistic face images in video sequences.","['Yajie Zhao', 'Qingguo Xu', 'Xinyu Huang', 'Ruigang Yang']",2016-10-26T19:41:37Z,http://arxiv.org/abs/1610.08481v2,['cs.CV'],
"HDM-Net: Monocular Non-Rigid 3D Reconstruction with Learned Deformation
  Model","Monocular dense 3D reconstruction of deformable objects is a hard ill-posed problem in computer vision. Current techniques either require dense correspondences and rely on motion and deformation cues, or assume a highly accurate reconstruction (referred to as a template) of at least a single frame given in advance and operate in the manner of non-rigid tracking. Accurate computation of dense point tracks often requires multiple frames and might be computationally expensive. Availability of a template is a very strong prior which restricts system operation to a pre-defined environment and scenarios. In this work, we propose a new hybrid approach for monocular non-rigid reconstruction which we call Hybrid Deformation Model Network (HDM-Net). In our approach, deformation model is learned by a deep neural network, with a combination of domain-specific loss functions. We train the network with multiple states of a non-rigidly deforming structure with a known shape at rest. HDM-Net learns different reconstruction cues including texture-dependent surface deformations, shading and contours. We show generalisability of HDM-Net to states not presented in the training dataset, with unseen textures and under new illumination conditions. Experiments with noisy data and a comparison with other methods demonstrate robustness and accuracy of the proposed approach and suggest possible application scenarios of the new technique in interventional diagnostics and augmented reality.","['Vladislav Golyanik', 'Soshi Shimada', 'Kiran Varanasi', 'Didier Stricker']",2018-03-27T17:31:47Z,http://arxiv.org/abs/1803.10193v2,['cs.CV'],
Content Generation for Workforce Training,"Efficient workforce training is needed in today's world in which technology is continually changing the nature of work. Students need to be prepared to enter the workforce. Employees need to become lifelong learners to stay up-to-date in their work and to adapt when job functions are eliminated. The training needs are across all industries - including manufacturing, construction, and healthcare. Computing systems, in particular Virtual/Augmented Reality systems, have been adopted in many training application and show even more promise in the future. However, there are fundamental limitations in today's systems that limit the domains where computing systems can be applied and the extent to which they can be deployed. These limitations need to be addressed by new computing research. In particular research is needed at multiple levels:   - Application Data Collection Level Requiring High Security and Privacy Protections   - Training Material Authoring Level   - Software Systems Level   - Hardware Level   To accomplish these research goals, a training community needs to be established to do research in end-to-end training systems and to create a community of learning and domain experts available for consulting for in depth computing research on individual system components.","['Holly Rushmeier', 'Kapil Chalil Madathil', 'Jessica Hodgins', 'Beth Mynatt', 'Tony Derose', 'Blair Macintyre', 'other workshop participants']",2019-12-11T20:25:40Z,http://arxiv.org/abs/1912.05606v1,['cs.CY'],
"A Vision-based Scheme for Kinematic Model Construction of
  Re-configurable Modular Robots","Re-configurable modular robotic (RMR) systems are advantageous for their reconfigurability and versatility. A new modular robot can be built for a specific task by using modules as building blocks. However, constructing a kinematic model for a newly conceived robot requires significant work. Due to the finite size of module-types, models of all module-types can be built individually and stored in a database beforehand. With this priori knowledge, the model construction process can be automated by detecting the modules and their corresponding interconnections. Previous literature proposed theoretical frameworks for constructing kinematic models of modular robots, assuming that such information was known a priori. While well-devised mechanisms and built-in sensors can be employed to detect these parameters automatically, they significantly complicate the module design and thus are expensive. In this paper, we propose a vision-based method to identify kinematic chains and automatically construct robot models for modular robots. Each module is affixed with augmented reality (AR) tags that are encoded with unique IDs. An image of a modular robot is taken and the detected modules are recognized by querying a database that maintains all module information. The poses of detected modules are used to compute: (i) the connection between modules and (ii) joint angles of joint-modules. Finally, the robot serial-link chain is identified and the kinematic model constructed and visualized. Our experimental results validate the effectiveness of our approach. While implementation with only our RMR is shown, our method can be applied to other RMRs where self-identification is not possible.","['Kewei Lin', 'Juan Rojas', 'Yisheng Guan']",2017-03-11T10:13:25Z,http://arxiv.org/abs/1703.03941v1,['cs.RO'],
"SharpNet: Fast and Accurate Recovery of Occluding Contours in Monocular
  Depth Estimation","We introduce SharpNet, a method that predicts an accurate depth map for an input color image, with a particular attention to the reconstruction of occluding contours: Occluding contours are an important cue for object recognition, and for realistic integration of virtual objects in Augmented Reality, but they are also notoriously difficult to reconstruct accurately. For example, they are a challenge for stereo-based reconstruction methods, as points around an occluding contour are visible in only one image. Inspired by recent methods that introduce normal estimation to improve depth prediction, we introduce a novel term that constrains depth and occluding contours predictions. Since ground truth depth is difficult to obtain with pixel-perfect accuracy along occluding contours, we use synthetic images for training, followed by fine-tuning on real data. We demonstrate our approach on the challenging NYUv2-Depth dataset, and show that our method outperforms the state-of-the-art along occluding contours, while performing on par with the best recent methods for the rest of the images. Its accuracy along the occluding contours is actually better than the `ground truth' acquired by a depth camera based on structured light. We show this by introducing a new benchmark based on NYUv2-Depth for evaluating occluding contours in monocular reconstruction, which is our second contribution.","['Michaël Ramamonjisoa', 'Vincent Lepetit']",2019-05-21T13:08:52Z,http://arxiv.org/abs/1905.08598v3,['cs.CV'],
"Efficient 3D Reconstruction and Streaming for Group-Scale Multi-Client
  Live Telepresence","Sharing live telepresence experiences for teleconferencing or remote collaboration receives increasing interest with the recent progress in capturing and AR/VR technology. Whereas impressive telepresence systems have been proposed on top of on-the-fly scene capture, data transmission and visualization, these systems are restricted to the immersion of single or up to a low number of users into the respective scenarios. In this paper, we direct our attention on immersing significantly larger groups of people into live-captured scenes as required in education, entertainment or collaboration scenarios. For this purpose, rather than abandoning previous approaches, we present a range of optimizations of the involved reconstruction and streaming components that allow the immersion of a group of more than 24 users within the same scene - which is about a factor of 6 higher than in previous work - without introducing further latency or changing the involved consumer hardware setup. We demonstrate that our optimized system is capable of generating high-quality scene reconstructions as well as providing an immersive viewing experience to a large group of people within these live-captured scenes.","['Patrick Stotko', 'Stefan Krumpen', 'Michael Weinmann', 'Reinhard Klein']",2019-08-08T15:27:10Z,http://arxiv.org/abs/1908.03118v2,"['cs.HC', 'cs.GR']",
HumanMeshNet: Polygonal Mesh Recovery of Humans,"3D Human Body Reconstruction from a monocular image is an important problem in computer vision with applications in virtual and augmented reality platforms, animation industry, en-commerce domain, etc. While several of the existing works formulate it as a volumetric or parametric learning with complex and indirect reliance on re-projections of the mesh, we would like to focus on implicitly learning the mesh representation. To that end, we propose a novel model, HumanMeshNet, that regresses a template mesh's vertices, as well as receives a regularization by the 3D skeletal locations in a multi-branch, multi-task setup. The image to mesh vertex regression is further regularized by the neighborhood constraint imposed by mesh topology ensuring smooth surface reconstruction. The proposed paradigm can theoretically learn local surface deformations induced by body shape variations and can therefore learn high-resolution meshes going ahead. We show comparable performance with SoA (in terms of surface and joint error) with far lesser computational complexity, modeling cost and therefore real-time reconstructions on three publicly available datasets. We also show the generalizability of the proposed paradigm for a similar task of predicting hand mesh models. Given these initial results, we would like to exploit the mesh topology in an explicit manner going ahead.","['Abbhinav Venkat', 'Chaitanya Patel', 'Yudhik Agrawal', 'Avinash Sharma']",2019-08-19T00:27:24Z,http://arxiv.org/abs/1908.06544v1,['cs.CV'],
"DeProCams: Simultaneous Relighting, Compensation and Shape
  Reconstruction for Projector-Camera Systems","Image-based relighting, projector compensation and depth/normal reconstruction are three important tasks of projector-camera systems (ProCams) and spatial augmented reality (SAR). Although they share a similar pipeline of finding projector-camera image mappings, in tradition, they are addressed independently, sometimes with different prerequisites, devices and sampling images. In practice, this may be cumbersome for SAR applications to address them one-by-one. In this paper, we propose a novel end-to-end trainable model named DeProCams to explicitly learn the photometric and geometric mappings of ProCams, and once trained, DeProCams can be applied simultaneously to the three tasks. DeProCams explicitly decomposes the projector-camera image mappings into three subprocesses: shading attributes estimation, rough direct light estimation and photorealistic neural rendering. A particular challenge addressed by DeProCams is occlusion, for which we exploit epipolar constraint and propose a novel differentiable projector direct light mask. Thus, it can be learned end-to-end along with the other modules. Afterwards, to improve convergence, we apply photometric and geometric constraints such that the intermediate results are plausible. In our experiments, DeProCams shows clear advantages over previous arts with promising quality and meanwhile being fully differentiable. Moreover, by solving the three tasks in a unified model, DeProCams waives the need for additional optical devices, radiometric calibrations and structured light.","['Bingyao Huang', 'Haibin Ling']",2020-03-06T05:49:16Z,http://arxiv.org/abs/2003.03040v2,"['cs.CV', 'cs.GR']",
"An Edge Computing-based Photo Crowdsourcing Framework for Real-time 3D
  Reconstruction","Image-based three-dimensional (3D) reconstruction utilizes a set of photos to build 3D model and can be widely used in many emerging applications such as augmented reality (AR) and disaster recovery. Most of existing 3D reconstruction methods require a mobile user to walk around the target area and reconstruct objectives with a hand-held camera, which is inefficient and time-consuming. To meet the requirements of delay intensive and resource hungry applications in 5G, we propose an edge computing-based photo crowdsourcing (EC-PCS) framework in this paper. The main objective is to collect a set of representative photos from ubiquitous mobile and Internet of Things (IoT) devices at the network edge for real-time 3D model reconstruction, with network resource and monetary cost considerations. Specifically, we first propose a photo pricing mechanism by jointly considering their freshness, resolution and data size. Then, we design a novel photo selection scheme to dynamically select a set of photos with the required target coverage and the minimum monetary cost. We prove the NP-hardness of such problem, and develop an efficient greedy-based approximation algorithm to obtain a near-optimal solution. Moreover, an optimal network resource allocation scheme is presented, in order to minimize the maximum uploading delay of the selected photos to the edge server. Finally, a 3D reconstruction algorithm and a 3D model caching scheme are performed by the edge server in real time. Extensive experimental results based on real-world datasets demonstrate the superior performance of our EC-PCS system over the existing mechanisms.","['Shuai Yu', 'Xu Chen', 'Shuai Wang', 'Lingjun Pu', 'Di Wu']",2020-07-03T09:16:07Z,http://arxiv.org/abs/2007.01562v1,"['cs.NI', 'cs.DC', 'eess.SP']",
HoliCity: A City-Scale Data Platform for Learning Holistic 3D Structures,"We present HoliCity, a city-scale 3D dataset with rich structural information. Currently, this dataset has 6,300 real-world panoramas of resolution $13312 \times 6656$ that are accurately aligned with the CAD model of downtown London with an area of more than 20 km$^2$, in which the median reprojection error of the alignment of an average image is less than half a degree. This dataset aims to be an all-in-one data platform for research of learning abstracted high-level holistic 3D structures that can be derived from city CAD models, e.g., corners, lines, wireframes, planes, and cuboids, with the ultimate goal of supporting real-world applications including city-scale reconstruction, localization, mapping, and augmented reality. The accurate alignment of the 3D CAD models and panoramas also benefits low-level 3D vision tasks such as surface normal estimation, as the surface normal extracted from previous LiDAR-based datasets is often noisy. We conduct experiments to demonstrate the applications of HoliCity, such as predicting surface segmentation, normal maps, depth maps, and vanishing points, as well as test the generalizability of methods trained on HoliCity and other related datasets. HoliCity is available at https://holicity.io.","['Yichao Zhou', 'Jingwei Huang', 'Xili Dai', 'Shichen Liu', 'Linjie Luo', 'Zhili Chen', 'Yi Ma']",2020-08-07T17:34:47Z,http://arxiv.org/abs/2008.03286v2,['cs.CV'],
Attention-based 3D Object Reconstruction from a Single Image,"Recently, learning-based approaches for 3D reconstruction from 2D images have gained popularity due to its modern applications, e.g., 3D printers, autonomous robots, self-driving cars, virtual reality, and augmented reality. The computer vision community has applied a great effort in developing functions to reconstruct the full 3D geometry of objects and scenes. However, to extract image features, they rely on convolutional neural networks, which are ineffective in capturing long-range dependencies. In this paper, we propose to substantially improve Occupancy Networks, a state-of-the-art method for 3D object reconstruction. For such we apply the concept of self-attention within the network's encoder in order to leverage complementary input features rather than those based on local regions, helping the encoder to extract global information. With our approach, we were capable of improving the original work in 5.05% of mesh IoU, 0.83% of Normal Consistency, and more than 10X the Chamfer-L1 distance. We also perform a qualitative study that shows that our approach was able to generate much more consistent meshes, confirming its increased generalization power over the current state-of-the-art.","['Andrey Salvi', 'Nathan Gavenski', 'Eduardo Pooch', 'Felipe Tasoniero', 'Rodrigo Barros']",2020-08-11T14:51:18Z,http://arxiv.org/abs/2008.04738v1,['cs.CV'],
"Pixel-Face: A Large-Scale, High-Resolution Benchmark for 3D Face
  Reconstruction","3D face reconstruction is a fundamental task that can facilitate numerous applications such as robust facial analysis and augmented reality. It is also a challenging task due to the lack of high-quality datasets that can fuel current deep learning-based methods. However, existing datasets are limited in quantity, realisticity and diversity. To circumvent these hurdles, we introduce Pixel-Face, a large-scale, high-resolution and diverse 3D face dataset with massive annotations. Specifically, Pixel-Face contains 855 subjects aging from 18 to 80. Each subject has more than 20 samples with various expressions. Each sample is composed of high-resolution multi-view RGB images and 3D meshes with various expressions. Moreover, we collect precise landmarks annotation and 3D registration result for each data. To demonstrate the advantages of Pixel-Face, we re-parameterize the 3D Morphable Model (3DMM) into Pixel-3DM using the collected data. We show that the obtained Pixel-3DM is better in modeling a wide range of face shapes and expressions. We also carefully benchmark existing 3D face reconstruction methods on our dataset. Moreover, Pixel-Face serves as an effective training source. We observe that the performance of current face reconstruction models significantly improves both on existing benchmarks and Pixel-Face after being fine-tuned using our newly collected data. Extensive experiments demonstrate the effectiveness of Pixel-3DM and the usefulness of Pixel-Face.","['Jiangjing Lyu', 'Xiaobo Li', 'Xiangyu Zhu', 'Cheng Cheng']",2020-08-28T02:22:07Z,http://arxiv.org/abs/2008.12444v3,['cs.CV'],
"Improving the generalization of network based relative pose regression:
  dimension reduction as a regularizer","Visual localization occupies an important position in many areas such as Augmented Reality, robotics and 3D reconstruction. The state-of-the-art visual localization methods perform pose estimation using geometry based solver within the RANSAC framework. However, these methods require accurate pixel-level matching at high image resolution, which is hard to satisfy under significant changes from appearance, dynamics or perspective of view. End-to-end learning based regression networks provide a solution to circumvent the requirement for precise pixel-level correspondences, but demonstrate poor performance towards cross-scene generalization. In this paper, we explicitly add a learnable matching layer within the network to isolate the pose regression solver from the absolute image feature values, and apply dimension regularization on both the correlation feature channel and the image scale to further improve performance towards generalization and large viewpoint change. We implement this dimension regularization strategy within a two-layer pyramid based framework to regress the localization results from coarse to fine. In addition, the depth information is fused for absolute translational scale recovery. Through experiments on real world RGBD datasets we validate the effectiveness of our design in terms of improving both generalization performance and robustness towards viewpoint change, and also show the potential of regression based visual localization networks towards challenging occasions that are difficult for geometry based visual localization methods.","['Xiaqing Ding', 'Yue Wang', 'Li Tang', 'Yanmei Jiao', 'Rong Xiong']",2020-10-24T06:20:46Z,http://arxiv.org/abs/2010.12796v1,"['cs.CV', 'cs.RO']",
"Millimeter Wave MIMO based Depth Maps for Wireless Virtual and Augmented
  Reality","Augmented and virtual reality systems (AR/VR) are rapidly becoming key components of the wireless landscape. For immersive AR/VR experience, these devices should be able to construct accurate depth perception of the surrounding environment. Current AR/VR devices rely heavily on using RGB-D depth cameras to achieve this goal. The performance of these depth cameras, however, has clear limitations in several scenarios, such as the cases with shiny objects, dark surfaces, and abrupt color transition among other limitations. In this paper, we propose a novel solution for AR/VR depth map construction using mmWave MIMO communication transceivers. This is motivated by the deployment of advanced mmWave communication systems in future AR/VR devices for meeting the high data rate demands and by the interesting propagation characteristics of mmWave signals. Accounting for the constraints on these systems, we develop a comprehensive framework for constructing accurate and high-resolution depth maps using mmWave systems. In this framework, we developed new sensing beamforming codebook approaches that are specific for the depth map construction objective. Using these codebooks, and leveraging tools from successive interference cancellation, we develop a joint beam processing approach that can construct high-resolution depth maps using practical mmWave antenna arrays. Extensive simulation results highlight the potential of the proposed solution in building accurate depth maps. Further, these simulations show the promising gains of mmWave based depth perception compared to RGB-based approaches in several important use cases.","['Abdelrahman Taha', 'Qi Qu', 'Sam Alex', 'Ping Wang', 'William L. Abbott', 'Ahmed Alkhateeb']",2021-02-11T18:57:58Z,http://arxiv.org/abs/2102.06198v2,"['eess.SP', 'cs.IT', 'math.IT']",
"FloorLevel-Net: Recognizing Floor-Level Lines with
  Height-Attention-Guided Multi-task Learning","The ability to recognize the position and order of the floor-level lines that divide adjacent building floors can benefit many applications, for example, urban augmented reality (AR). This work tackles the problem of locating floor-level lines in street-view images, using a supervised deep learning approach. Unfortunately, very little data is available for training such a network $-$ current street-view datasets contain either semantic annotations that lack geometric attributes, or rectified facades without perspective priors. To address this issue, we first compile a new dataset and develop a new data augmentation scheme to synthesize training samples by harassing (i) the rich semantics of existing rectified facades and (ii) perspective priors of buildings in diverse street views. Next, we design FloorLevel-Net, a multi-task learning network that associates explicit features of building facades and implicit floor-level lines, along with a height-attention mechanism to help enforce a vertical ordering of floor-level lines. The generated segmentations are then passed to a second-stage geometry post-processing to exploit self-constrained geometric priors for plausible and consistent reconstruction of floor-level lines. Quantitative and qualitative evaluations conducted on assorted facades in existing datasets and street views from Google demonstrate the effectiveness of our approach. Also, we present context-aware image overlay results and show the potentials of our approach in enriching AR-related applications.","['Mengyang Wu', 'Wei Zeng', 'Chi-Wing Fu']",2021-07-06T08:17:59Z,http://arxiv.org/abs/2107.02462v1,['cs.CV'],
"CodeMapping: Real-Time Dense Mapping for Sparse SLAM using Compact Scene
  Representations","We propose a novel dense mapping framework for sparse visual SLAM systems which leverages a compact scene representation. State-of-the-art sparse visual SLAM systems provide accurate and reliable estimates of the camera trajectory and locations of landmarks. While these sparse maps are useful for localization, they cannot be used for other tasks such as obstacle avoidance or scene understanding. In this paper we propose a dense mapping framework to complement sparse visual SLAM systems which takes as input the camera poses, keyframes and sparse points produced by the SLAM system and predicts a dense depth image for every keyframe. We build on CodeSLAM and use a variational autoencoder (VAE) which is conditioned on intensity, sparse depth and reprojection error images from sparse SLAM to predict an uncertainty-aware dense depth map. The use of a VAE then enables us to refine the dense depth images through multi-view optimization which improves the consistency of overlapping frames. Our mapper runs in a separate thread in parallel to the SLAM system in a loosely coupled manner. This flexible design allows for integration with arbitrary metric sparse SLAM systems without delaying the main SLAM process. Our dense mapper can be used not only for local mapping but also globally consistent dense 3D reconstruction through TSDF fusion. We demonstrate our system running with ORB-SLAM3 and show accurate dense depth estimation which could enable applications such as robotics and augmented reality.","['Hidenobu Matsuki', 'Raluca Scona', 'Jan Czarnowski', 'Andrew J. Davison']",2021-07-19T16:13:18Z,http://arxiv.org/abs/2107.08994v1,"['cs.CV', 'cs.RO']",
Object Wake-up: 3D Object Rigging from a Single Image,"Given a single image of a general object such as a chair, could we also restore its articulated 3D shape similar to human modeling, so as to animate its plausible articulations and diverse motions? This is an interesting new question that may have numerous downstream augmented reality and virtual reality applications. Comparing with previous efforts on object manipulation, our work goes beyond 2D manipulation and rigid deformation, and involves articulated manipulation. To achieve this goal, we propose an automated approach to build such 3D generic objects from single images and embed articulated skeletons in them. Specifically, our framework starts by reconstructing the 3D object from an input image. Afterwards, to extract skeletons for generic 3D objects, we develop a novel skeleton prediction method with a multi-head structure for skeleton probability field estimation by utilizing the deep implicit functions. A dataset of generic 3D objects with ground-truth annotated skeletons is collected. Empirically our approach is demonstrated with satisfactory performance on public datasets as well as our in-house dataset; our results surpass those of the state-of-the-arts by a noticeable margin on both 3D reconstruction and skeleton prediction.","['Ji Yang', 'Xinxin Zuo', 'Sen Wang', 'Zhenbo Yu', 'Xingyu Li', 'Bingbing Ni', 'Minglun Gong', 'Li Cheng']",2021-08-05T16:20:12Z,http://arxiv.org/abs/2108.02708v3,['cs.CV'],
"Category-Level 6D Object Pose Estimation via Cascaded Relation and
  Recurrent Reconstruction Networks","Category-level 6D pose estimation, aiming to predict the location and orientation of unseen object instances, is fundamental to many scenarios such as robotic manipulation and augmented reality, yet still remains unsolved. Precisely recovering instance 3D model in the canonical space and accurately matching it with the observation is an essential point when estimating 6D pose for unseen objects. In this paper, we achieve accurate category-level 6D pose estimation via cascaded relation and recurrent reconstruction networks. Specifically, a novel cascaded relation network is dedicated for advanced representation learning to explore the complex and informative relations among instance RGB image, instance point cloud and category shape prior. Furthermore, we design a recurrent reconstruction network for iterative residual refinement to progressively improve the reconstruction and correspondence estimations from coarse to fine. Finally, the instance 6D pose is obtained leveraging the estimated dense correspondences between the instance point cloud and the reconstructed 3D model in the canonical space. We have conducted extensive experiments on two well-acknowledged benchmarks of category-level 6D pose estimation, with significant performance improvement over existing approaches. On the representatively strict evaluation metrics of $3D_{75}$ and $5^{\circ}2 cm$, our method exceeds the latest state-of-the-art SPD by $4.9\%$ and $17.7\%$ on the CAMERA25 dataset, and by $2.7\%$ and $8.5\%$ on the REAL275 dataset. Codes are available at https://wangjiaze.cn/projects/6DPoseEstimation.html.","['Jiaze Wang', 'Kai Chen', 'Qi Dou']",2021-08-19T15:46:52Z,http://arxiv.org/abs/2108.08755v1,['cs.CV'],
"A Multiple-View Geometric Model for Specularity Prediction on General
  Curved Surfaces","Specularity prediction is essential to many computer vision applications, giving important visual cues usable in Augmented Reality (AR), Simultaneous Localisation and Mapping (SLAM), 3D reconstruction and material modeling. However, it is a challenging task requiring numerous information from the scene including the camera pose, the geometry of the scene, the light sources and the material properties. Our previous work addressed this task by creating an explicit model using an ellipsoid whose projection fits the specularity image contours for a given camera pose. These ellipsoid-based approaches belong to a family of models called JOint-LIght MAterial Specularity (JOLIMAS), which we have gradually improved by removing assumptions on the scene geometry. However, our most recent approach is still limited to uniformly curved surfaces. This paper generalises JOLIMAS to any surface geometry while improving the quality of specularity prediction, without sacrificing computation performances. The proposed method establishes a link between surface curvature and specularity shape in order to lift the geometric assumptions made in previous work. Contrary to previous work, our new model is built from a physics-based local illumination model namely Torrance-Sparrow, providing an improved reconstruction. Specularity prediction using our new model is tested against the most recent JOLIMAS version on both synthetic and real sequences with objects of various general shapes. Our method outperforms previous approaches in specularity prediction, including the real-time setup, as shown in the supplementary videos.","['Alexandre Morgand', 'Mohamed Tamaazousti', 'Adrien Bartoli']",2021-08-20T21:21:26Z,http://arxiv.org/abs/2108.09378v2,"['cs.CV', 'cs.GR']",
"Neural Étendue Expander for Ultra-Wide-Angle High-Fidelity
  Holographic Display","Holographic displays can generate light fields by dynamically modulating the wavefront of a coherent beam of light using a spatial light modulator, promising rich virtual and augmented reality applications. However, the limited spatial resolution of existing dynamic spatial light modulators imposes a tight bound on the diffraction angle. As a result, modern holographic displays possess low \'{e}tendue, which is the product of the display area and the maximum solid angle of diffracted light. The low \'{e}tendue forces a sacrifice of either the field-of-view (FOV) or the display size. In this work, we lift this limitation by presenting neural \'{e}tendue expanders. This new breed of optical elements, which is learned from a natural image dataset, enables higher diffraction angles for ultra-wide FOV while maintaining both a compact form factor and the fidelity of displayed contents to human viewers. With neural \'{e}tendue expanders, we experimentally achieve 64$\times$ \'{e}tendue expansion of natural images in full color, expanding the FOV by an order of magnitude horizontally and vertically, with high-fidelity reconstruction quality (measured in PSNR) over 29 dB on retinal-resolution images.","['Ethan Tseng', 'Grace Kuo', 'Seung-Hwan Baek', 'Nathan Matsuda', 'Andrew Maimone', 'Florian Schiffers', 'Praneeth Chakravarthula', 'Qiang Fu', 'Wolfgang Heidrich', 'Douglas Lanman', 'Felix Heide']",2021-09-16T17:21:52Z,http://arxiv.org/abs/2109.08123v4,"['eess.IV', 'cs.CV', 'physics.optics']",
PoseKernelLifter: Metric Lifting of 3D Human Pose using Sound,"Reconstructing the 3D pose of a person in metric scale from a single view image is a geometrically ill-posed problem. For example, we can not measure the exact distance of a person to the camera from a single view image without additional scene assumptions (e.g., known height). Existing learning based approaches circumvent this issue by reconstructing the 3D pose up to scale. However, there are many applications such as virtual telepresence, robotics, and augmented reality that require metric scale reconstruction. In this paper, we show that audio signals recorded along with an image, provide complementary information to reconstruct the metric 3D pose of the person.   The key insight is that as the audio signals traverse across the 3D space, their interactions with the body provide metric information about the body's pose. Based on this insight, we introduce a time-invariant transfer function called pose kernel -- the impulse response of audio signals induced by the body pose. The main properties of the pose kernel are that (1) its envelope highly correlates with 3D pose, (2) the time response corresponds to arrival time, indicating the metric distance to the microphone, and (3) it is invariant to changes in the scene geometry configurations. Therefore, it is readily generalizable to unseen scenes. We design a multi-stage 3D CNN that fuses audio and visual signals and learns to reconstruct 3D pose in a metric scale. We show that our multi-modal method produces accurate metric reconstruction in real world scenes, which is not possible with state-of-the-art lifting approaches including parametric mesh regression and depth regression.","['Zhijian Yang', 'Xiaoran Fan', 'Volkan Isler', 'Hyun Soo Park']",2021-12-01T01:34:56Z,http://arxiv.org/abs/2112.00216v2,"['cs.CV', 'cs.SD', 'eess.AS']",
Volumetric Disentanglement for 3D Scene Manipulation,"Recently, advances in differential volumetric rendering enabled significant breakthroughs in the photo-realistic and fine-detailed reconstruction of complex 3D scenes, which is key for many virtual reality applications. However, in the context of augmented reality, one may also wish to effect semantic manipulations or augmentations of objects within a scene. To this end, we propose a volumetric framework for (i) disentangling or separating, the volumetric representation of a given foreground object from the background, and (ii) semantically manipulating the foreground object, as well as the background. Our framework takes as input a set of 2D masks specifying the desired foreground object for training views, together with the associated 2D views and poses, and produces a foreground-background disentanglement that respects the surrounding illumination, reflections, and partial occlusions, which can be applied to both training and novel views. Our method enables the separate control of pixel color and depth as well as 3D similarity transformations of both the foreground and background objects. We subsequently demonstrate the applicability of our framework on a number of downstream manipulation tasks including object camouflage, non-negative 3D object inpainting, 3D object translation, 3D object inpainting, and 3D text-based object manipulation. Full results are given in our project webpage at https://sagiebenaim.github.io/volumetric-disentanglement/","['Sagie Benaim', 'Frederik Warburg', 'Peter Ebert Christensen', 'Serge Belongie']",2022-06-06T17:57:07Z,http://arxiv.org/abs/2206.02776v1,['cs.CV'],
"Microservice Architecture Reconstruction and Visualization Techniques: A
  Review","Microservice system solutions are driving digital transformation; however, fundamental tools and system perspectives are missing to better observe, understand, and manage these systems, their properties, and their dependencies. Microservices architecture leads towards decentralization, which implies many advantages to system operation; it, however, brings challenges to their development. Microservice systems often lack a system-centric perspective that would help engineers better cope with system evolution and quality assessment. In this work, we explored microservice-specific architecture reconstruction based on static analysis. Such reconstruction typically results in system models to visualize selected system-centric perspectives. Conventional models involve 2D methods; however, these methods are limited in utility when services proliferate. We considered various architectural perspectives relevant to microservices and assessed the relevancy of the traditional method, comparing it to alternative data visualization using 3D space. As a representative of the 3D method, we considered a 3D graph model presented in augmented reality. To begin testing the feasibility of deriving such perspectives from microservice systems, we developed and implemented prototype tools for software architecture reconstruction and visualization of compared perspectives. Using these prototypes, we performed a small user study with software practitioners to highlight the potentials and limitations of these innovative visualizations used for common practitioner reasoning and tasks.","['Tomas Cerny', 'Amr S. Abdelfattah', 'Vincent Bushong', 'Abdullah Al Maruf', 'Davide Taibi']",2022-07-06T21:45:33Z,http://arxiv.org/abs/2207.02988v2,['cs.SE'],
Student Research Abstract: Microservices-based Systems Visualization,"The evolution of decentralized microservice-based systems is challenging. These challenges are classified into static and dynamic categories. Regarding the static perspective, documenting and visualizing the fluid application topology is something few have been able to accomplish. Building an architecture map of services design is a complicated task in its interpretation rather than construction. Therefore, the system-centric and up-to-date view became essential for such distributed systems. The dynamic perspective considers the process of investigation and service path detection. Therefore performing root cause analysis is a burdening task; such that tracing data is needed to be put in the right context to facilitate the investigation. Moreover, visualizing these traces over the traditional visualization techniques couldn't be feasible with the large number of microservices involved in the system. This paper proposes a visualization concept for microservices-based systems using the Augmented Reality (AR) technique, which merges these static and dynamic behaviors into a single centric view. In addition, we challenge the difficulty related to tracing and debugging an issue in such distributed systems. This concept is designed to work as a dynamic documentation and traceability platform for these systems. A proof of concept and a research study are implemented to show the viability and success of this proposal.",['Amr S. Abdelfattah'],2022-07-23T21:05:20Z,http://arxiv.org/abs/2207.12998v1,['cs.SE'],
Realistic Hair Synthesis with Generative Adversarial Networks,"Recent successes in generative modeling have accelerated studies on this subject and attracted the attention of researchers. One of the most important methods used to achieve this success is Generative Adversarial Networks (GANs). It has many application areas such as; virtual reality (VR), augmented reality (AR), super resolution, image enhancement. Despite the recent advances in hair synthesis and style transfer using deep learning and generative modelling, due to the complex nature of hair still contains unsolved challenges. The methods proposed in the literature to solve this problem generally focus on making high-quality hair edits on images. In this thesis, a generative adversarial network method is proposed to solve the hair synthesis problem. While developing this method, it is aimed to achieve real-time hair synthesis while achieving visual outputs that compete with the best methods in the literature. The proposed method was trained with the FFHQ dataset and then its results in hair style transfer and hair reconstruction tasks were evaluated. The results obtained in these tasks and the operating time of the method were compared with MichiGAN, one of the best methods in the literature. The comparison was made at a resolution of 128x128. As a result of the comparison, it has been shown that the proposed method achieves competitive results with MichiGAN in terms of realistic hair synthesis, and performs better in terms of operating time.","['Muhammed Pektas', 'Aybars Ugur']",2022-09-13T11:48:26Z,http://arxiv.org/abs/2209.12875v1,"['cs.GR', 'cs.CV']",
"A Novel Light Field Coding Scheme Based on Deep Belief Network &
  Weighted Binary Images for Additive Layered Displays","Light-field displays create an immersive experience by providing binocular depth sensation and motion parallax. Stacking light attenuating layers is one approach to implement a light field display with a broader depth of field, wide viewing angles and high resolution. Due to the transparent holographic optical element (HOE) layers, additive layered displays can be integrated into augmented reality (AR) wearables to overlay virtual objects onto the real world, creating a seamless mixed reality (XR) experience. This paper proposes a novel framework for light field representation and coding that utilizes Deep Belief Network (DBN) and weighted binary images suitable for additive layered displays. The weighted binary representation of layers makes the framework more flexible for adaptive bitrate encoding. The framework effectively captures intrinsic redundancies in the light field data, and thus provides a scalable solution for light field coding suitable for XR display applications. The latent code is encoded by H.265 codec generating a rate-scalable bit-stream. We achieve adaptive bitrate decoding by varying the number of weighted binary images and the H.265 quantization parameter, while maintaining an optimal reconstruction quality. The framework is tested on real and synthetic benchmark datasets, and the results validate the rate-scalable property of the proposed scheme.","['Sally Khaidem', 'Mansi Sharma']",2022-10-04T08:18:06Z,http://arxiv.org/abs/2210.01447v2,"['cs.CV', 'eess.IV']",
"THOR-Net: End-to-end Graformer-based Realistic Two Hands and Object
  Reconstruction with Self-supervision","Realistic reconstruction of two hands interacting with objects is a new and challenging problem that is essential for building personalized Virtual and Augmented Reality environments. Graph Convolutional networks (GCNs) allow for the preservation of the topologies of hands poses and shapes by modeling them as a graph. In this work, we propose the THOR-Net which combines the power of GCNs, Transformer, and self-supervision to realistically reconstruct two hands and an object from a single RGB image. Our network comprises two stages; namely the features extraction stage and the reconstruction stage. In the features extraction stage, a Keypoint RCNN is used to extract 2D poses, features maps, heatmaps, and bounding boxes from a monocular RGB image. Thereafter, this 2D information is modeled as two graphs and passed to the two branches of the reconstruction stage. The shape reconstruction branch estimates meshes of two hands and an object using our novel coarse-to-fine GraFormer shape network. The 3D poses of the hands and objects are reconstructed by the other branch using a GraFormer network. Finally, a self-supervised photometric loss is used to directly regress the realistic textured of each vertex in the hands' meshes. Our approach achieves State-of-the-art results in Hand shape estimation on the HO-3D dataset (10.0mm) exceeding ArtiBoost (10.8mm). It also surpasses other methods in hand pose estimation on the challenging two hands and object (H2O) dataset by 5mm on the left-hand pose and 1 mm on the right-hand pose.","['Ahmed Tawfik Aboukhadra', 'Jameel Malik', 'Ahmed Elhayek', 'Nadia Robertini', 'Didier Stricker']",2022-10-25T09:18:50Z,http://arxiv.org/abs/2210.13853v1,['cs.CV'],
Automated Reconstruction of 3D Open Surfaces from Sparse Point Clouds,"Real-world 3D data may contain intricate details defined by salient surface gaps. Automated reconstruction of these open surfaces (e.g., non-watertight meshes) is a challenging problem for environment synthesis in mixed reality applications. Current learning-based implicit techniques can achieve high fidelity on closed-surface reconstruction. However, their dependence on the distinction between the inside and outside of a surface makes them incapable of reconstructing open surfaces. Recently, a new class of implicit functions have shown promise in reconstructing open surfaces by regressing an unsigned distance field. Yet, these methods rely on a discretized representation of the raw data, which loses important surface details and can lead to outliers in the reconstruction. We propose IPVNet, a learning-based implicit model that predicts the unsigned distance between a surface and a query point in 3D space by leveraging both raw point cloud data and its discretized voxel counterpart. Experiments on synthetic and real-world public datasets demonstrates that IPVNet outperforms the state of the art while producing far fewer outliers in the reconstruction.","['Mohammad Samiul Arshad', 'William J. Beksi']",2022-10-26T22:02:45Z,http://arxiv.org/abs/2210.15059v2,"['cs.CV', 'cs.GR']",
"Shape, Pose, and Appearance from a Single Image via Bootstrapped
  Radiance Field Inversion","Neural Radiance Fields (NeRF) coupled with GANs represent a promising direction in the area of 3D reconstruction from a single view, owing to their ability to efficiently model arbitrary topologies. Recent work in this area, however, has mostly focused on synthetic datasets where exact ground-truth poses are known, and has overlooked pose estimation, which is important for certain downstream applications such as augmented reality (AR) and robotics. We introduce a principled end-to-end reconstruction framework for natural images, where accurate ground-truth poses are not available. Our approach recovers an SDF-parameterized 3D shape, pose, and appearance from a single image of an object, without exploiting multiple views during training. More specifically, we leverage an unconditional 3D-aware generator, to which we apply a hybrid inversion scheme where a model produces a first guess of the solution which is then refined via optimization. Our framework can de-render an image in as few as 10 steps, enabling its use in practical scenarios. We demonstrate state-of-the-art results on a variety of real and synthetic benchmarks.","['Dario Pavllo', 'David Joseph Tan', 'Marie-Julie Rakotosaona', 'Federico Tombari']",2022-11-21T17:42:42Z,http://arxiv.org/abs/2211.11674v2,"['cs.CV', 'cs.AI', 'cs.GR', 'cs.LG']",
"Shape-Net: Room Layout Estimation from Panoramic Images Robust to
  Occlusion using Knowledge Distillation with 3D Shapes as Additional Inputs","Estimating the layout of a room from a single-shot panoramic image is important in virtual/augmented reality and furniture layout simulation. This involves identifying three-dimensional (3D) geometry, such as the location of corners and boundaries, and performing 3D reconstruction. However, occlusion is a common issue that can negatively impact room layout estimation, and this has not been thoroughly studied to date. It is possible to obtain 3D shape information of rooms as drawings of buildings and coordinates of corners from image datasets, thus we propose providing both 2D panoramic and 3D information to a model to effectively deal with occlusion. However, simply feeding 3D information to a model is not sufficient to utilize the shape information for an occluded area. Therefore, we improve the model by introducing 3D Intersection over Union (IoU) loss to effectively use 3D information. In some cases, drawings are not available or the construction deviates from a drawing. Considering such practical cases, we propose a method for distilling knowledge from a model trained with both images and 3D information to a model that takes only images as input. The proposed model, which is called Shape-Net, achieves state-of-the-art (SOTA) performance on benchmark datasets. We also confirmed its effectiveness in dealing with occlusion through significantly improved accuracy on images with occlusion compared with existing models.","['Mizuki Tabata', 'Kana Kurata', 'Junichiro Tamamatsu']",2023-04-25T07:45:43Z,http://arxiv.org/abs/2304.12624v1,['cs.CV'],
"CarGameAR: An Integrated AR Car Game Authoring Interface for
  Custom-Built Car Programed on Arduino Board","In this paper, we present CarGameAR: An Integrated AR Car Game Authoring Interface for Custom-Built Car Programed on Arduino Board. The car consists of an Arduino board, an H-bridge, and motors. The objective of the project is to create a system that can move a car in different directions using a computer application. The system uses Unity software to create a virtual environment where the user can control the car using keyboard commands. The car's motion is achieved by sending signals from the computer to the Arduino board, which then drives the motors through the H-bridge. The project provides a cost-effective and efficient way to build a car, which can be used for educational purposes, such as teaching programming. Moreover, this project is not limited to the control of the car through keyboard commands in a virtual environment. The system can be adapted to support augmented reality (AR) technology, providing an even more immersive and engaging user experience. By integrating the car with AR, the user can control the car's motion using physical gestures and movements, adding an extra layer of interactivity to the system. This makes the car an ideal platform for game development in AR, allowing the user to create driving games that blend the physical and virtual worlds seamlessly. Additionally, the car's affordability and ease of construction make it an accessible and valuable tool for teaching programming and principles in a fun and interactive way. Overall, this project demonstrates the versatility and potential of the car system, highlighting the various applications and possibilities it offers for both education and entertainment.","['Dang Bui', 'Wanwan Li', 'Hong Huang']",2023-04-28T20:36:24Z,http://arxiv.org/abs/2305.00084v1,['cs.HC'],
Enhance-NeRF: Multiple Performance Evaluation for Neural Radiance Fields,"The quality of three-dimensional reconstruction is a key factor affecting the effectiveness of its application in areas such as virtual reality (VR) and augmented reality (AR) technologies. Neural Radiance Fields (NeRF) can generate realistic images from any viewpoint. It simultaneously reconstructs the shape, lighting, and materials of objects, and without surface defects, which breaks down the barrier between virtuality and reality. The potential spatial correspondences displayed by NeRF between reconstructed scenes and real-world scenes offer a wide range of practical applications possibilities. Despite significant progress in 3D reconstruction since NeRF were introduced, there remains considerable room for exploration and experimentation. NeRF-based models are susceptible to interference issues caused by colored ""fog"" noise. Additionally, they frequently encounter instabilities and failures while attempting to reconstruct unbounded scenes. Moreover, the model takes a significant amount of time to converge, making it even more challenging to use in such scenarios. Our approach, coined Enhance-NeRF, which adopts joint color to balance low and high reflectivity objects display, utilizes a decoding architecture with prior knowledge to improve recognition, and employs multi-layer performance evaluation mechanisms to enhance learning capacity. It achieves reconstruction of outdoor scenes within one hour under single-card condition. Based on experimental results, Enhance-NeRF partially enhances fitness capability and provides some support to outdoor scene reconstruction. The Enhance-NeRF method can be used as a plug-and-play component, making it easy to integrate with other NeRF-based models. The code is available at: https://github.com/TANQIanQ/Enhance-NeRF","['Qianqiu Tan', 'Tao Liu', 'Yinling Xie', 'Shuwan Yu', 'Baohua Zhang']",2023-06-08T15:49:30Z,http://arxiv.org/abs/2306.05303v1,['cs.CV'],
"Aria Digital Twin: A New Benchmark Dataset for Egocentric 3D Machine
  Perception","We introduce the Aria Digital Twin (ADT) - an egocentric dataset captured using Aria glasses with extensive object, environment, and human level ground truth. This ADT release contains 200 sequences of real-world activities conducted by Aria wearers in two real indoor scenes with 398 object instances (324 stationary and 74 dynamic). Each sequence consists of: a) raw data of two monochrome camera streams, one RGB camera stream, two IMU streams; b) complete sensor calibration; c) ground truth data including continuous 6-degree-of-freedom (6DoF) poses of the Aria devices, object 6DoF poses, 3D eye gaze vectors, 3D human poses, 2D image segmentations, image depth maps; and d) photo-realistic synthetic renderings. To the best of our knowledge, there is no existing egocentric dataset with a level of accuracy, photo-realism and comprehensiveness comparable to ADT. By contributing ADT to the research community, our mission is to set a new standard for evaluation in the egocentric machine perception domain, which includes very challenging research problems such as 3D object detection and tracking, scene reconstruction and understanding, sim-to-real learning, human pose prediction - while also inspiring new machine perception tasks for augmented reality (AR) applications. To kick start exploration of the ADT research use cases, we evaluated several existing state-of-the-art methods for object detection, segmentation and image translation tasks that demonstrate the usefulness of ADT as a benchmarking dataset.","['Xiaqing Pan', 'Nicholas Charron', 'Yongqian Yang', 'Scott Peters', 'Thomas Whelan', 'Chen Kong', 'Omkar Parkhi', 'Richard Newcombe', 'Carl Yuheng Ren']",2023-06-10T06:46:32Z,http://arxiv.org/abs/2306.06362v2,"['cs.CV', 'cs.AI', 'cs.LG']",
Neural Projection Mapping Using Reflectance Fields,"We introduce a high resolution spatially adaptive light source, or a projector, into a neural reflectance field that allows to both calibrate the projector and photo realistic light editing. The projected texture is fully differentiable with respect to all scene parameters, and can be optimized to yield a desired appearance suitable for applications in augmented reality and projection mapping. Our neural field consists of three neural networks, estimating geometry, material, and transmittance. Using an analytical BRDF model and carefully selected projection patterns, our acquisition process is simple and intuitive, featuring a fixed uncalibrated projected and a handheld camera with a co-located light source. As we demonstrate, the virtual projector incorporated into the pipeline improves scene understanding and enables various projection mapping applications, alleviating the need for time consuming calibration steps performed in a traditional setting per view or projector location. In addition to enabling novel viewpoint synthesis, we demonstrate state-of-the-art performance projector compensation for novel viewpoints, improvement over the baselines in material and scene reconstruction, and three simply implemented scenarios where projection image optimization is performed, including the use of a 2D generative model to consistently dictate scene appearance from multiple viewpoints. We believe that neural projection mapping opens up the door to novel and exciting downstream tasks, through the joint optimization of the scene and projection images.","['Yotam Erel', 'Daisuke Iwai', 'Amit H. Bermano']",2023-06-11T05:33:10Z,http://arxiv.org/abs/2306.06595v1,['cs.CV'],
"Supporting Construction and Architectural Visualization through BIM and
  AR/VR: A Systematic Literature Review","The Architecture, Engineering, Construction, and Facility Management (AEC/FM) industry deals with the design, construction, and operation of complex buildings. Today, Building Information Modeling (BIM) is used to represent information about a building in a single, non-redundant representation. Here, Augmented Reality (AR) and Virtual Reality (VR) can improve the visualization and interaction with the resulting model by augmenting the real world with information from the BIM model or allowing a user to immerse in a virtual world generated from the BIM model. This can improve the design, construction, and operation of buildings. While an increasing number of studies in HCI, construction, or engineering have shown the potential of using AR and VR technology together with BIM, often research remains focused on individual explorations and key design strategies. In addition to that, a systematic overview and discussion of recent works combining AR/VR with BIM are not yet fully covered. Therefore, this paper systematically reviews recent approaches combining AR/VR with BIM and categorizes the literature by the building's lifecycle phase while systematically describing relevant use cases. In total, 32 out of 447 papers between 2017 and 2022 were categorized. The categorization shows that most approaches focus on the construction phase and the use case of review and quality assurance. In the design phase, most approaches use VR, while in the construction and operation phases, AR is prevalent.","['Enes Yigitbas', 'Alexander Nowosad', 'Gregor Engels']",2023-06-21T13:52:37Z,http://arxiv.org/abs/2306.12274v1,['cs.HC'],
"Neural-Optic Co-Designed Polarization-Multiplexed Metalens for Compact
  Computational Spectral Imaging","As the realm of spectral imaging applications extends its reach into the domains of mobile technology and augmented reality, the demands for compact yet high-fidelity systems become increasingly pronounced. Conventional methodologies, exemplified by coded aperture snapshot spectral imaging systems, are significantly limited by their cumbersome physical dimensions and form factors. To address this inherent challenge, diffractive optical elements (DOEs) have been repeatedly employed as a means to mitigate issues related to the bulky nature of these systems. Nonetheless, it's essential to note that the capabilities of DOEs primarily revolve around the modulation of the phase of light. Here, we introduce an end-to-end computational spectral imaging framework based on a polarization-multiplexed metalens. A distinguishing feature of this approach lies in its capacity to simultaneously modulate orthogonal polarization channels. When harnessed in conjunction with a neural network, it facilitates the attainment of high-fidelity spectral reconstruction. Importantly, the framework is intrinsically fully differentiable, a feature that permits the joint optimization of both the metalens structure and the parameters governing the neural network. The experimental results presented herein validate the exceptional spatial-spectral reconstruction performance, underscoring the efficacy of this system in practical, real-world scenarios. This innovative approach transcends the traditional boundaries separating hardware and software in the realm of computational imaging and holds the promise of substantially propelling the miniaturization of spectral imaging systems.","['Qiangbo Zhang', 'Peicheng Lin', 'Chang Wang', 'Yang Zhang', 'Zeqing Yu', 'Xinyu Liu', 'Ting Xu', 'Zhenrong Zheng']",2023-11-26T02:06:30Z,http://arxiv.org/abs/2311.15164v1,"['physics.optics', 'eess.IV']",
"Real-and-Present: Investigating the Use of Life-Size 2D Video Avatars in
  HMD-Based AR Teleconferencing","Augmented Reality (AR) teleconferencing allows separately located users to interact with each other in 3D through agents in their own physical environments. Existing methods leveraging volumetric capturing and reconstruction can provide a high-fidelity experience but are often too complex and expensive for everyday usage. Other solutions target mobile and effortless-to-setup teleconferencing on AR Head Mounted Displays (HMD). They directly transplant the conventional video conferencing onto an AR-HMD platform or use avatars to represent remote participants. However, they can only support either a high fidelity or a high level of co-presence. Moreover, the limited Field of View (FoV) of HMDs could further influence users' immersive experience. To achieve a balance between fidelity and co-presence, we explore using life-size 2D video-based avatars (video avatars for short) in AR teleconferencing. Specifically, with the potential effect of FoV on users' perception of proximity, we first conduct a pilot study to explore the local-user-centered optimal placement of video avatars in small-group AR conversations. With the placement results, we then implement a proof-of-concept prototype of video-avatar-based teleconferencing. We conduct user evaluations with the prototype to verify its effectiveness in balancing fidelity and co-presence. Following the indication in the pilot study, we further quantitatively explore the effect of FoV size on the video avatar's optimal placement through a user study involving more FoV conditions in a VR-simulated environment. We regress placement models to serve as references for computationally determining video avatar placements in such teleconferencing applications on various existing AR HMDs and future ones with bigger FoVs.","['Xuanyu Wang', 'Weizhan Zhang', 'Christian Sandor', 'Hongbo Fu']",2024-01-04T09:51:33Z,http://arxiv.org/abs/2401.02171v1,['cs.HC'],
"Surgical-DINO: Adapter Learning of Foundation Models for Depth
  Estimation in Endoscopic Surgery","Purpose: Depth estimation in robotic surgery is vital in 3D reconstruction, surgical navigation and augmented reality visualization. Although the foundation model exhibits outstanding performance in many vision tasks, including depth estimation (e.g., DINOv2), recent works observed its limitations in medical and surgical domain-specific applications. This work presents a low-ranked adaptation (LoRA) of the foundation model for surgical depth estimation. Methods: We design a foundation model-based depth estimation method, referred to as Surgical-DINO, a low-rank adaptation of the DINOv2 for depth estimation in endoscopic surgery. We build LoRA layers and integrate them into DINO to adapt with surgery-specific domain knowledge instead of conventional fine-tuning. During training, we freeze the DINO image encoder, which shows excellent visual representation capacity, and only optimize the LoRA layers and depth decoder to integrate features from the surgical scene. Results: Our model is extensively validated on a MICCAI challenge dataset of SCARED, which is collected from da Vinci Xi endoscope surgery. We empirically show that Surgical-DINO significantly outperforms all the state-of-the-art models in endoscopic depth estimation tasks. The analysis with ablation studies has shown evidence of the remarkable effect of our LoRA layers and adaptation. Conclusion: Surgical-DINO shed some light on the successful adaptation of the foundation models into the surgical domain for depth estimation. There is clear evidence in the results that zero-shot prediction on pre-trained weights in computer vision datasets or naive fine-tuning is not sufficient to use the foundation model in the surgical domain directly. Code is available at https://github.com/BeileiCui/SurgicalDINO.","['Beilei Cui', 'Mobarakol Islam', 'Long Bai', 'Hongliang Ren']",2024-01-11T16:22:42Z,http://arxiv.org/abs/2401.06013v2,"['cs.CV', 'cs.AI']",
"Full-Body Motion Reconstruction with Sparse Sensing from Graph
  Perspective","Estimating 3D full-body pose from sparse sensor data is a pivotal technique employed for the reconstruction of realistic human motions in Augmented Reality and Virtual Reality. However, translating sparse sensor signals into comprehensive human motion remains a challenge since the sparsely distributed sensors in common VR systems fail to capture the motion of full human body. In this paper, we use well-designed Body Pose Graph (BPG) to represent the human body and translate the challenge into a prediction problem of graph missing nodes. Then, we propose a novel full-body motion reconstruction framework based on BPG. To establish BPG, nodes are initially endowed with features extracted from sparse sensor signals. Features from identifiable joint nodes across diverse sensors are amalgamated and processed from both temporal and spatial perspectives. Temporal dynamics are captured using the Temporal Pyramid Structure, while spatial relations in joint movements inform the spatial attributes. The resultant features serve as the foundational elements of the BPG nodes. To further refine the BPG, node features are updated through a graph neural network that incorporates edge reflecting varying joint relations. Our method's effectiveness is evidenced by the attained state-of-the-art performance, particularly in lower body motion, outperforming other baseline methods. Additionally, an ablation study validates the efficacy of each module in our proposed framework.","['Feiyu Yao', 'Zongkai Wu', 'Li Yi']",2024-01-22T09:29:42Z,http://arxiv.org/abs/2401.11783v1,['cs.CV'],
"Fast Implicit Neural Representation Image Codec in Resource-limited
  Devices","Displaying high-quality images on edge devices, such as augmented reality devices, is essential for enhancing the user experience. However, these devices often face power consumption and computing resource limitations, making it challenging to apply many deep learning-based image compression algorithms in this field. Implicit Neural Representation (INR) for image compression is an emerging technology that offers two key benefits compared to cutting-edge autoencoder models: low computational complexity and parameter-free decoding. It also outperforms many traditional and early neural compression methods in terms of quality. In this study, we introduce a new Mixed Autoregressive Model (MARM) to significantly reduce the decoding time for the current INR codec, along with a new synthesis network to enhance reconstruction quality. MARM includes our proposed Autoregressive Upsampler (ARU) blocks, which are highly computationally efficient, and ARM from previous work to balance decoding time and reconstruction quality. We also propose enhancing ARU's performance using a checkerboard two-stage decoding strategy. Moreover, the ratio of different modules can be adjusted to maintain a balance between quality and speed. Comprehensive experiments demonstrate that our method significantly improves computational efficiency while preserving image quality. With different parameter settings, our method can outperform popular AE-based codecs in constrained environments in terms of both quality and decoding time, or achieve state-of-the-art reconstruction quality compared to other INR codecs.","['Xiang Liu', 'Jiahong Chen', 'Bin Chen', 'Zimo Liu', 'Baoyi An', 'Shu-Tao Xia']",2024-01-23T09:37:58Z,http://arxiv.org/abs/2401.12587v1,"['eess.IV', 'cs.CV']",
Neural Rendering and Its Hardware Acceleration: A Review,"Neural rendering is a new image and video generation method based on deep learning. It combines the deep learning model with the physical knowledge of computer graphics, to obtain a controllable and realistic scene model, and realize the control of scene attributes such as lighting, camera parameters, posture and so on. On the one hand, neural rendering can not only make full use of the advantages of deep learning to accelerate the traditional forward rendering process, but also provide new solutions for specific tasks such as inverse rendering and 3D reconstruction. On the other hand, the design of innovative hardware structures that adapt to the neural rendering pipeline breaks through the parallel computing and power consumption bottleneck of existing graphics processors, which is expected to provide important support for future key areas such as virtual and augmented reality, film and television creation and digital entertainment, artificial intelligence and the metaverse. In this paper, we review the technical connotation, main challenges, and research progress of neural rendering. On this basis, we analyze the common requirements of neural rendering pipeline for hardware acceleration and the characteristics of the current hardware acceleration architecture, and then discuss the design challenges of neural rendering processor architecture. Finally, the future development trend of neural rendering processor architecture is prospected.","['Xinkai Yan', 'Jieting Xu', 'Yuchi Huo', 'Hujun Bao']",2024-01-06T07:57:11Z,http://arxiv.org/abs/2402.00028v1,"['cs.GR', 'cs.CV', 'eess.IV']",
PAS-SLAM: A Visual SLAM System for Planar Ambiguous Scenes,"Visual SLAM (Simultaneous Localization and Mapping) based on planar features has found widespread applications in fields such as environmental structure perception and augmented reality. However, current research faces challenges in accurately localizing and mapping in planar ambiguous scenes, primarily due to the poor accuracy of the employed planar features and data association methods. In this paper, we propose a visual SLAM system based on planar features designed for planar ambiguous scenes, encompassing planar processing, data association, and multi-constraint factor graph optimization. We introduce a planar processing strategy that integrates semantic information with planar features, extracting the edges and vertices of planes to be utilized in tasks such as plane selection, data association, and pose optimization. Next, we present an integrated data association strategy that combines plane parameters, semantic information, projection IoU (Intersection over Union), and non-parametric tests, achieving accurate and robust plane data association in planar ambiguous scenes. Finally, we design a set of multi-constraint factor graphs for camera pose optimization. Qualitative and quantitative experiments conducted on publicly available datasets demonstrate that our proposed system competes effectively in both accuracy and robustness in terms of map construction and camera localization compared to state-of-the-art methods.","['Xinggang Hu', 'Yanmin Wu', 'Mingyuan Zhao', 'Linghao Yang', 'Xiangkui Zhang', 'Xiangyang Ji']",2024-02-09T01:34:26Z,http://arxiv.org/abs/2402.06131v1,"['cs.RO', 'cs.CV']",
"Camera Calibration through Geometric Constraints from Rotation and
  Projection Matrices","The process of camera calibration involves estimating the intrinsic and extrinsic parameters, which are essential for accurately performing tasks such as 3D reconstruction, object tracking and augmented reality. In this work, we propose a novel constraints-based loss for measuring the intrinsic (focal length: $(f_x, f_y)$ and principal point: $(p_x, p_y)$) and extrinsic (baseline: ($b$), disparity: ($d$), translation: $(t_x, t_y, t_z)$, and rotation specifically pitch: $(\theta_p)$) camera parameters. Our novel constraints are based on geometric properties inherent in the camera model, including the anatomy of the projection matrix (vanishing points, image of world origin, axis planes) and the orthonormality of the rotation matrix. Thus we proposed a novel Unsupervised Geometric Constraint Loss (UGCL) via a multitask learning framework. Our methodology is a hybrid approach that employs the learning power of a neural network to estimate the desired parameters along with the underlying mathematical properties inherent in the camera projection matrix. This distinctive approach not only enhances the interpretability of the model but also facilitates a more informed learning process. Additionally, we introduce a new CVGL Camera Calibration dataset, featuring over 900 configurations of camera parameters, incorporating 63,600 image pairs that closely mirror real-world conditions. By training and testing on both synthetic and real-world datasets, our proposed approach demonstrates improvements across all parameters when compared to the state-of-the-art (SOTA) benchmarks. The code and the updated dataset can be found here: https://github.com/CVLABLUMS/CVGL-Camera-Calibration","['Muhammad Waleed', 'Abdul Rauf', 'Murtaza Taj']",2024-02-13T13:07:34Z,http://arxiv.org/abs/2402.08437v2,['cs.CV'],
"Outdoor Environment Reconstruction with Deep Learning on Radio
  Propagation Paths","Conventional methods for outdoor environment reconstruction rely predominantly on vision-based techniques like photogrammetry and LiDAR, facing limitations such as constrained coverage, susceptibility to environmental conditions, and high computational and energy demands. These challenges are particularly pronounced in applications like augmented reality navigation, especially when integrated with wearable devices featuring constrained computational resources and energy budgets. In response, this paper proposes a novel approach harnessing ambient wireless signals for outdoor environment reconstruction. By analyzing radio frequency (RF) data, the paper aims to deduce the environmental characteristics and digitally reconstruct the outdoor surroundings. Investigating the efficacy of selected deep learning (DL) techniques on the synthetic RF dataset WAIR-D, the study endeavors to address the research gap in this domain. Two DL-driven approaches are evaluated (convolutional U-Net and CLIP+ based on vision transformers), with performance assessed using metrics like intersection-over-union (IoU), Hausdorff distance, and Chamfer distance. The results demonstrate promising performance of the RF-based reconstruction method, paving the way towards lightweight and scalable reconstruction solutions.","['Hrant Khachatrian', 'Rafayel Mkrtchyan', 'Theofanis P. Raptis']",2024-02-27T09:11:10Z,http://arxiv.org/abs/2402.17336v1,"['cs.NI', 'cs.LG', 'eess.SP']",
"Vox-Fusion++: Voxel-based Neural Implicit Dense Tracking and Mapping
  with Multi-maps","In this paper, we introduce Vox-Fusion++, a multi-maps-based robust dense tracking and mapping system that seamlessly fuses neural implicit representations with traditional volumetric fusion techniques. Building upon the concept of implicit mapping and positioning systems, our approach extends its applicability to real-world scenarios. Our system employs a voxel-based neural implicit surface representation, enabling efficient encoding and optimization of the scene within each voxel. To handle diverse environments without prior knowledge, we incorporate an octree-based structure for scene division and dynamic expansion. To achieve real-time performance, we propose a high-performance multi-process framework. This ensures the system's suitability for applications with stringent time constraints. Additionally, we adopt the idea of multi-maps to handle large-scale scenes, and leverage loop detection and hierarchical pose optimization strategies to reduce long-term pose drift and remove duplicate geometry. Through comprehensive evaluations, we demonstrate that our method outperforms previous methods in terms of reconstruction quality and accuracy across various scenarios. We also show that our Vox-Fusion++ can be used in augmented reality and collaborative mapping applications. Our source code will be publicly available at \url{https://github.com/zju3dv/Vox-Fusion_Plus_Plus}","['Hongjia Zhai', 'Hai Li', 'Xingrui Yang', 'Gan Huang', 'Yuhang Ming', 'Hujun Bao', 'Guofeng Zhang']",2024-03-19T08:21:54Z,http://arxiv.org/abs/2403.12536v1,['cs.CV'],
"AUGlasses: Continuous Action Unit based Facial Reconstruction with
  Low-power IMUs on Smart Glasses","Recent advancements in augmented reality (AR) have enabled the use of various sensors on smart glasses for applications like facial reconstruction, which is vital to improve AR experiences for virtual social activities. However, the size and power constraints of smart glasses demand a miniature and low-power sensing solution. AUGlasses achieves unobtrusive low-power facial reconstruction by placing inertial measurement units (IMU) against the temporal area on the face to capture the skin deformations, which are caused by facial muscle movements. These IMU signals, along with historical data on facial action units (AUs), are processed by a transformer-based deep learning model to estimate AU intensities in real-time, which are then used for facial reconstruction. Our results show that AUGlasses accurately predicts the strength (0-5 scale) of 14 key AUs with a cross-user mean absolute error (MAE) of 0.187 (STD = 0.025) and achieves facial reconstruction with a cross-user MAE of 1.93 mm (STD = 0.353). We also integrated various preprocessing and training techniques to ensure robust performance for continuous sensing. Micro-benchmark tests indicate that our system consistently performs accurate continuous facial reconstruction with a fine-tuned cross-user model, achieving an AU MAE of 0.35.","['Yanrong Li', 'Tengxiang Zhang', 'Xin Zeng', 'Yuntao Wang', 'Haotian Zhang', 'Yiqiang Chen']",2024-05-22T02:07:56Z,http://arxiv.org/abs/2405.13289v1,"['cs.HC', 'cs.CV']",
"LookinGood: Enhancing Performance Capture with Real-time Neural
  Re-Rendering","Motivated by augmented and virtual reality applications such as telepresence, there has been a recent focus in real-time performance capture of humans under motion. However, given the real-time constraint, these systems often suffer from artifacts in geometry and texture such as holes and noise in the final rendering, poor lighting, and low-resolution textures. We take the novel approach to augment such real-time performance capture systems with a deep architecture that takes a rendering from an arbitrary viewpoint, and jointly performs completion, super resolution, and denoising of the imagery in real-time. We call this approach neural (re-)rendering, and our live system ""LookinGood"". Our deep architecture is trained to produce high resolution and high quality images from a coarse rendering in real-time. First, we propose a self-supervised training method that does not require manual ground-truth annotation. We contribute a specialized reconstruction error that uses semantic information to focus on relevant parts of the subject, e.g. the face. We also introduce a salient reweighing scheme of the loss function that is able to discard outliers. We specifically design the system for virtual and augmented reality headsets where the consistency between the left and right eye plays a crucial role in the final user experience. Finally, we generate temporally stable results by explicitly minimizing the difference between two consecutive frames. We tested the proposed system in two different scenarios: one involving a single RGB-D sensor, and upper body reconstruction of an actor, the second consisting of full body 360 degree capture. Through extensive experimentation, we demonstrate how our system generalizes across unseen sequences and subjects. The supplementary video is available at http://youtu.be/Md3tdAKoLGU.","['Ricardo Martin-Brualla', 'Rohit Pandey', 'Shuoran Yang', 'Pavel Pidlypenskyi', 'Jonathan Taylor', 'Julien Valentin', 'Sameh Khamis', 'Philip Davidson', 'Anastasia Tkach', 'Peter Lincoln', 'Adarsh Kowdle', 'Christoph Rhemann', 'Dan B Goldman', 'Cem Keskin', 'Steve Seitz', 'Shahram Izadi', 'Sean Fanello']",2018-11-12T22:51:19Z,http://arxiv.org/abs/1811.05029v1,['cs.CV'],
RGB-D Odometry and SLAM,"The emergence of modern RGB-D sensors had a significant impact in many application fields, including robotics, augmented reality (AR) and 3D scanning. They are low-cost, low-power and low-size alternatives to traditional range sensors such as LiDAR. Moreover, unlike RGB cameras, RGB-D sensors provide the additional depth information that removes the need of frame-by-frame triangulation for 3D scene reconstruction. These merits have made them very popular in mobile robotics and AR, where it is of great interest to estimate ego-motion and 3D scene structure. Such spatial understanding can enable robots to navigate autonomously without collisions and allow users to insert virtual entities consistent with the image stream. In this chapter, we review common formulations of odometry and Simultaneous Localization and Mapping (known by its acronym SLAM) using RGB-D stream input. The two topics are closely related, as the former aims to track the incremental camera motion with respect to a local map of the scene, and the latter to jointly estimate the camera trajectory and the global map with consistency. In both cases, the standard approaches minimize a cost function using nonlinear optimization techniques. This chapter consists of three main parts: In the first part, we introduce the basic concept of odometry and SLAM and motivate the use of RGB-D sensors. We also give mathematical preliminaries relevant to most odometry and SLAM algorithms. In the second part, we detail the three main components of SLAM systems: camera pose tracking, scene mapping and loop closing. For each component, we describe different approaches proposed in the literature. In the final part, we provide a brief discussion on advanced research topics with the references to the state-of-the-art.","['Javier Civera', 'Seong Hun Lee']",2020-01-19T17:56:11Z,http://arxiv.org/abs/2001.06875v1,"['cs.CV', 'cs.RO']",
Towards real-time unsupervised monocular depth estimation on CPU,"Unsupervised depth estimation from a single image is a very attractive technique with several implications in robotic, autonomous navigation, augmented reality and so on. This topic represents a very challenging task and the advent of deep learning enabled to tackle this problem with excellent results. However, these architectures are extremely deep and complex. Thus, real-time performance can be achieved only by leveraging power-hungry GPUs that do not allow to infer depth maps in application fields characterized by low-power constraints. To tackle this issue, in this paper we propose a novel architecture capable to quickly infer an accurate depth map on a CPU, even of an embedded system, using a pyramid of features extracted from a single input image. Similarly to state-of-the-art, we train our network in an unsupervised manner casting depth estimation as an image reconstruction problem. Extensive experimental results on the KITTI dataset show that compared to the top performing approach our network has similar accuracy but a much lower complexity (about 6% of parameters) enabling to infer a depth map for a KITTI image in about 1.7 s on the Raspberry Pi 3 and at more than 8 Hz on a standard CPU. Moreover, by trading accuracy for efficiency, our network allows to infer maps at about 2 Hz and 40 Hz respectively, still being more accurate than most state-of-the-art slower methods. To the best of our knowledge, it is the first method enabling such performance on CPUs paving the way for effective deployment of unsupervised monocular depth estimation even on embedded systems.","['Matteo Poggi', 'Filippo Aleotti', 'Fabio Tosi', 'Stefano Mattoccia']",2018-06-29T14:18:24Z,http://arxiv.org/abs/1806.11430v3,"['cs.CV', 'cs.RO']",
"On the Effect of Selfie Beautification Filters on Face Detection and
  Recognition","Beautification and augmented reality filters are very popular in applications that use selfie images captured with smartphones or personal devices. However, they can distort or modify biometric features, severely affecting the capability of recognizing individuals' identity or even detecting the face. Accordingly, we address the effect of such filters on the accuracy of automated face detection and recognition. The social media image filters studied either modify the image contrast or illumination or occlude parts of the face with for example artificial glasses or animal noses. We observe that the effect of some of these filters is harmful both to face detection and identity recognition, specially if they obfuscate the eye or (to a lesser extent) the nose. To counteract such effect, we develop a method to reconstruct the applied manipulation with a modified version of the U-NET segmentation network. This is observed to contribute to a better face detection and recognition accuracy. From a recognition perspective, we employ distance measures and trained machine learning algorithms applied to features extracted using a ResNet-34 network trained to recognize faces. We also evaluate if incorporating filtered images to the training set of machine learning approaches are beneficial for identity recognition. Our results show good recognition when filters do not occlude important landmarks, specially the eyes (identification accuracy >99%, EER<2%). The combined effect of the proposed approaches also allow to mitigate the effect produced by filters that occlude parts of the face, achieving an identification accuracy of >92% with the majority of perturbations evaluated, and an EER <8%. Although there is room for improvement, when neither U-NET reconstruction nor training with filtered images is applied, the accuracy with filters that severely occlude the eye is <72% (identification) and >12% (EER)","['Pontus Hedman', 'Vasilios Skepetzis', 'Kevin Hernandez-Diaz', 'Josef Bigun', 'Fernando Alonso-Fernandez']",2021-10-17T22:10:56Z,http://arxiv.org/abs/2110.08934v4,['cs.CV'],
"The Hitchhiker's Guide to Fused Twins: A Review of Access to Digital
  Twins in situ in Smart Cities","Smart Cities already surround us, and yet they are still incomprehensibly far from directly impacting everyday life. While current Smart Cities are often inaccessible, the experience of everyday citizens may be enhanced with a combination of the emerging technologies Digital Twins (DTs) and Situated Analytics. DTs represent their Physical Twin (PT) in the real world via models, simulations, (remotely) sensed data, context awareness, and interactions. However, interaction requires appropriate interfaces to address the complexity of the city. Ultimately, leveraging the potential of Smart Cities requires going beyond assembling the DT to be comprehensive and accessible. Situated Analytics allows for the anchoring of city information in its spatial context. We advance the concept of embedding the DT into the PT through Situated Analytics to form Fused Twins (FTs). This fusion allows access to data in the location that it is generated in an embodied context that can make the data more understandable. Prototypes of FTs are rapidly emerging from different domains, but Smart Cities represent the context with the most potential for FTs in the future. This paper reviews DTs, Situated Analytics, and Smart Cities as the foundations of FTs. Regarding DTs, we define five components (Physical, Data, Analytical, Virtual, and Connection environments) that we relate to several cognates (i.e., similar but different terms) from existing literature. Regarding Situated Analytics, we review the effects of user embodiment on cognition and cognitive load. Finally, we classify existing partial examples of FTs from the literature and address their construction from Augmented Reality, Geographic Information Systems, Building/City Information Models, and DTs and provide an overview of future direction","['Jascha Grübel', 'Tyler Thrash', 'Leonel Aguilar', 'Michal Gath-Morad', 'Julia Chatain', 'Robert W. Sumner', 'Christoph Hölscher', 'Victor R. Schinazi']",2022-02-15T00:17:40Z,http://arxiv.org/abs/2202.07104v2,"['cs.CY', 'cs.GL', 'cs.HC']",
"FADEC: FPGA-based Acceleration of Video Depth Estimation by HW/SW
  Co-design","3D reconstruction from videos has become increasingly popular for various applications, including navigation for autonomous driving of robots and drones, augmented reality (AR), and 3D modeling. This task often combines traditional image/video processing algorithms and deep neural networks (DNNs). Although recent developments in deep learning have improved the accuracy of the task, the large number of calculations involved results in low computation speed and high power consumption. Although there are various domain-specific hardware accelerators for DNNs, it is not easy to accelerate the entire process of applications that alternate between traditional image/video processing algorithms and DNNs. Thus, FPGA-based end-to-end acceleration is required for such complicated applications in low-power embedded environments.   This paper proposes a novel FPGA-based accelerator for DeepVideoMVS, a DNN-based depth estimation method for 3D reconstruction. We employ HW/SW co-design to appropriately utilize heterogeneous components in modern SoC FPGAs, such as programmable logic (PL) and CPU, according to the inherent characteristics of the method. As some operations are unsuitable for hardware implementation, we determine the operations to be implemented in software through analyzing the number of times each operation is performed and its memory access pattern, and then considering comprehensive aspects: the ease of hardware implementation and degree of expected acceleration by hardware. The hardware and software implementations are executed in parallel on the PL and CPU to hide their execution latencies. The proposed accelerator was developed on a Xilinx ZCU104 board by using NNgen, an open-source high-level synthesis (HLS) tool. Experiments showed that the proposed accelerator operates 60.2 times faster than the software-only implementation on the same FPGA board with minimal accuracy degradation.","['Nobuho Hashimoto', 'Shinya Takamaeda-Yamazaki']",2022-12-01T08:30:09Z,http://arxiv.org/abs/2212.00357v2,['cs.AR'],
