title,summary,authors,published,link,category,JAsummary
InAR:Inverse Augmented Reality,"Augmented reality is the art to seamlessly fuse virtual objects into real ones. In this short note, we address the opposite problem, the inverse augmented reality, that is, given a perfectly augmented reality scene where human is unable to distinguish real objects from virtual ones, how the machine could help do the job. We show by structure from motion (SFM), a simple 3D reconstruction technique from images in computer vision, the real and virtual objects can be easily separated in the reconstructed 3D scene.","['Hao Hu', 'Hainan Cui']",2015-08-11T14:17:28Z,http://arxiv.org/abs/1508.02606v1,['cs.CV'],拡張現実とは、仮想物体を現実の物体にシームレスに融合させる技術である。この短いノートでは、逆の問題、つまり、人間が現実のオブジェクトと仮想のオブジェクトを区別できないような、完全に拡張された現実のシーンが与えられた場合に、機械がどのようにその仕事を助けることができるかを取り上げる。我々は、コンピュータビジョンにおける画像からの簡単な3D再構成技術である動きからの構造（SFM）により、再構成された3Dシーンにおいて実オブジェクトと仮想オブジェクトを容易に分離できることを示す。
Tollan-Xicocotitlan: A reconstructed City by augmented reality,"This project presents the analysis, design, implementation and results of Reconstruction Xicocotitlan Tollan-through augmented reality, which will release information about the Toltec culture supplemented by presenting an overview of the main premises of the Xicocotitlan Tollan city supported dimensional models based on the augmented reality technique showing the user a virtual representation of buildings in Tollan.","['Martha Rosa Cordero Lopez', 'Marco Antonio Dorantes Gonzalez']",2014-06-19T18:57:03Z,http://arxiv.org/abs/1406.5151v1,"['cs.CE', 'cs.CY']",このプロジェクトは、キシコティトラン・トラン市の主要な敷地の概要を提示することによって補足されたトルテック文化に関する情報を公開する、拡張現実を通した復興キシコティトラン・トラン市の分析、設計、実施、およびその結果を提示するもので、拡張現実技術に基づく次元モデルをサポートし、ユーザーにトランの建物の仮想表現を示す。
"Towards Safer Robot-Assisted Surgery: A Markerless Augmented Reality
  Framework","Robot-assisted surgery is rapidly developing in the medical field, and the integration of augmented reality shows the potential of improving the surgeons' operation performance by providing more visual information. In this paper, we proposed a markerless augmented reality framework to enhance safety by avoiding intra-operative bleeding which is a high risk caused by the collision between the surgical instruments and the blood vessel. Advanced stereo reconstruction and segmentation networks are compared to find out the best combination to reconstruct the intra-operative blood vessel in the 3D space for the registration of the pre-operative model, and the minimum distance detection between the instruments and the blood vessel is implemented. A robot-assisted lymphadenectomy is simulated on the da Vinci Research Kit in a dry lab, and ten human subjects performed this operation to explore the usability of the proposed framework. The result shows that the augmented reality framework can help the users to avoid the dangerous collision between the instruments and the blood vessel while not introducing an extra load. It provides a flexible framework that integrates augmented reality into the medical robot platform to enhance safety during the operation.","['Ziyang Chen', 'Laura Cruciani', 'Ke Fan', 'Matteo Fontana', 'Elena Lievore', 'Ottavio De Cobelli', 'Gennaro Musi', 'Giancarlo Ferrigno', 'Elena De Momi']",2023-09-14T13:13:46Z,http://arxiv.org/abs/2309.07693v1,['cs.RO'],ロボット支援手術は医療分野で急速に発展しており，拡張現実感との融合は，より多くの視覚情報を提供することで外科医の手術パフォーマンスを向上させる可能性を示している．本論文では、手術器具と血管の衝突によって生じる高いリスクである術中出血を回避し、安全性を高めるために、マーカーレス拡張現実フレームワークを提案する。高度なステレオ再構成ネットワークとセグメンテーションネットワークを比較し，術前モデルを登録するための3次元空間で術中血管を再構成するための最適な組み合わせを見つけ，器具と血管間の最小距離検出を実装する．ドライラボでダヴィンチリサーチキットを用いてロボット支援リンパ節切除術のシミュレーションを行い，10人の被験者がこの手術を行い，提案したフレームワークの使いやすさを検討した．その結果、拡張現実フレームワークは、余分な負荷をかけずに、器具と血管の危険な衝突を回避するのに役立つことがわかった。手術中の安全性を高めるために、拡張現実を医療ロボットプラットフォームに統合する柔軟なフレームワークを提供する。
City Planning with Augmented Reality,"We present an early study designed to analyze how city planning and the health of senior citizens can benefit from the use of augmented reality (AR) using Microsoft's HoloLens. We also explore whether AR and VR can be used to help city planners receive real-time feedback from citizens, such as the elderly, on virtual plans, allowing for informed decisions to be made before any construction begins.","['Catherine Angelini', 'Adam S. Williams', 'Mathew Kress', 'Edgar Ramos Vieira', ""Newton D'Souza"", 'Naphtali D. Rishe', 'Joseph Medina', 'Francisco R. Ortega']",2020-01-18T02:22:45Z,http://arxiv.org/abs/2001.06578v1,['cs.HC'],我々は、マイクロソフトのHoloLensを使用した拡張現実（AR）の使用によって、都市計画と高齢者の健康がどのように恩恵を受けるかを分析するために設計された初期の研究を発表する。また、ARとVRを使用して、都市計画者が高齢者などの市民から仮想計画に関するリアルタイムのフィードバックを受け、建設が始まる前に十分な情報に基づいた意思決定を行うことができるかどうかを調査する。
Real-time Geometry-Aware Augmented Reality in Minimally Invasive Surgery,"The potential of Augmented Reality (AR) technology to assist minimally invasive surgeries (MIS) lies in its computational performance and accuracy in dealing with challenging MIS scenes. Even with the latest hardware and software technologies, achieving both real-time and accurate augmented information overlay in MIS is still a formidable task. In this paper, we present a novel real-time AR framework for MIS that achieves interactive geometric aware augmented reality in endoscopic surgery with stereo views. Our framework tracks the movement of the endoscopic camera and simultaneously reconstructs a dense geometric mesh of the MIS scene. The movement of the camera is predicted by minimising the re-projection error to achieve a fast tracking performance, while the 3D mesh is incrementally built by a dense zero mean normalised cross correlation stereo matching method to improve the accuracy of the surface reconstruction. Our proposed system does not require any prior template or pre-operative scan and can infer the geometric information intra-operatively in real-time. With the geometric information available, our proposed AR framework is able to interactively add annotations, localisation of tumours and vessels, and measurement labelling with greater precision and accuracy compared with the state of the art approaches.","['Long Chen', 'Wen Tang', 'Nigel W. John']",2017-08-03T17:25:38Z,http://arxiv.org/abs/1708.01234v1,['cs.CV'],低侵襲手術(MIS)を支援する拡張現実(AR)技術の可能性は、困難なMISシーンを扱う際の計算性能と精度にある。最新のハードウェアおよびソフトウェア技術を駆使しても、MISにおいてリアルタイムかつ正確な拡張情報のオーバーレイを実現することは、依然として困難な課題である。本論文では、ステレオビューを用いた内視鏡手術において、インタラクティブな幾何学的認識による拡張現実感を実現する、MISのための新しいリアルタイムARフレームワークを紹介する。我々のフレームワークは、内視鏡カメラの動きを追跡し、同時にMISシーンの高密度な幾何学的メッシュを再構成する。カメラの動きは再投影誤差を最小化することによって予測され、高速な追跡性能を達成する。一方、3Dメッシュは、表面再構成の精度を向上させるために、密なゼロ平均正規化相互相関ステレオマッチング法によって漸進的に構築される。我々の提案するシステムは、事前のテンプレートや術前スキャンを必要とせず、リアルタイムで術中に幾何学的情報を推論することができる。利用可能な幾何学的情報により、我々の提案するARフレームワークは、最新のアプローチと比較して、より高い精度と正確さで、注釈、腫瘍と血管の位置特定、および測定値ラベリングをインタラクティブに追加することができる。
Surgical navigation systems based on augmented reality technologies,"This study considers modern surgical navigation systems based on augmented reality technologies. Augmented reality glasses are used to construct holograms of the patient's organs from MRI and CT data, subsequently transmitted to the glasses. This, in addition to seeing the actual patient, the surgeon gains visualization inside the patient's body (bones, soft tissues, blood vessels, etc.). The solutions developed at Peter the Great St. Petersburg Polytechnic University allow reducing the invasiveness of the procedure and preserving healthy tissues. This also improves the navigation process, making it easier to estimate the location and size of the tumor to be removed. We describe the application of developed systems to different types of surgical operations (removal of a malignant brain tumor, removal of a cyst of the cervical spine). We consider the specifics of novel navigation systems designed for anesthesia, for endoscopic operations. Furthermore, we discuss the construction of novel visualization systems for ultrasound machines. Our findings indicate that the technologies proposed show potential for telemedicine.","['Vladimir Ivanov', 'Anton Krivtsov', 'Sergey Strelkov', 'Dmitry Gulyaev', 'Denis Godanyuk', 'Nikolay Kalakutsky', 'Artyom Pavlov', 'Marina Petropavloskaya', 'Alexander Smirnov', 'Andrew Yaremenko']",2021-05-13T11:09:12Z,http://arxiv.org/abs/2106.00727v1,['cs.HC'],この研究では、拡張現実（AR）技術に基づく最新の手術ナビゲーション・システムについて考察する。拡張現実メガネは、MRIやCTデータから患者の臓器のホログラムを構築するために使用され、その後メガネに転送される。これにより、実際の患者を見るだけでなく、外科医は患者の体内（骨、軟部組織、血管など）を視覚化することができる。サンクトペテルブルク工科大学で開発されたソリューションにより、手術の侵襲を減らし、健康な組織を保存することができる。また、ナビゲーション・プロセスも改善され、切除する腫瘍の位置や大きさの推定が容易になる。開発されたシステムの様々なタイプの外科手術（悪性脳腫瘍の摘出、頸椎嚢胞の摘出）への応用について述べる。また、麻酔や内視鏡手術のために設計された新しいナビゲーション・システムの詳細について考察する。さらに、超音波装置のための新しい可視化システムの構築についても議論する。我々の発見は、提案された技術が遠隔医療に可能性を示すことを示している。
"Augmented Reality Applied to LEGO Construction: AR-based Building
  Instructions with High Accuracy & Precision and Realistic Object-Hand
  Occlusions","BRICKxAR is a novel Augmented Reality (AR) instruction method for construction toys such as LEGO. With BRICKxAR, physical LEGO construction is guided by virtual bricks. Compared with the state-of-the-art, accuracy of the virtual - physical model alignment is significantly improved through a new design of marker-based registration, which can achieve an average error less than 1mm throughout the model. Realistic object occlusion is accomplished to reveal the true spatial relationship between physical and virtual bricks. LEGO players' hand detection and occlusion are realized to visualize the correct spatial relationship between real hands and virtual bricks, and allow virtual bricks to be ""grasped"" by real hands. The integration of these features makes AR instructions possible for small-parts assembly, validated through a working AR prototype for constructing LEGO Arc de Triomphe, quantitative measures of the accuracies of registration and occlusions, and heuristic evaluation of AR instruction features.",['Wei Yan'],2019-07-29T17:44:14Z,http://arxiv.org/abs/1907.12549v4,"['cs.HC', 'cs.CY', 'H.5.1; J.6']",BRICKxARは、レゴのような建設玩具のための新しい拡張現実（AR）指導法である。BRICKxARでは、物理的なレゴの組み立てが仮想ブロックによってガイドされる。最先端技術と比較すると、仮想モデルと物理モデルの位置合わせの精度は、マーカーベースのレジストレーションの新設計によって大幅に向上しており、モデル全体の平均誤差は1mm未満を達成しています。物理レンガと仮想レンガの間の真の空間関係を明らかにするために、リアルなオブジェクトのオクルージョンが実現されている。LEGOプレイヤーの手の検出とオクルージョンを実現し、本物の手とバーチャル・ブロックの正しい空間関係を視覚化し、バーチャル・ブロックを本物の手で「つかむ」ことを可能にする。これらの機能の統合により、レゴ凱旋門を組み立てるための実用的なARプロトタイプ、登録とオクルージョンの精度の定量的測定、およびAR指示機能の発見的評価を通じて検証された、小さな部品の組み立てのためのAR指示が可能になる。
Augmented Reality for Depth Cues in Monocular Minimally Invasive Surgery,"One of the major challenges in Minimally Invasive Surgery (MIS) such as laparoscopy is the lack of depth perception. In recent years, laparoscopic scene tracking and surface reconstruction has been a focus of investigation to provide rich additional information to aid the surgical process and compensate for the depth perception issue. However, robust 3D surface reconstruction and augmented reality with depth perception on the reconstructed scene are yet to be reported. This paper presents our work in this area. First, we adopt a state-of-the-art visual simultaneous localization and mapping (SLAM) framework - ORB-SLAM - and extend the algorithm for use in MIS scenes for reliable endoscopic camera tracking and salient point mapping. We then develop a robust global 3D surface reconstruction frame- work based on the sparse point clouds extracted from the SLAM framework. Our approach is to combine an outlier removal filter within a Moving Least Squares smoothing algorithm and then employ Poisson surface reconstruction to obtain smooth surfaces from the unstructured sparse point cloud. Our proposed method has been quantitatively evaluated compared with ground-truth camera trajectories and the organ model surface we used to render the synthetic simulation videos. In vivo laparoscopic videos used in the tests have demonstrated the robustness and accuracy of our proposed framework on both camera tracking and surface reconstruction, illustrating the potential of our algorithm for depth augmentation and depth-corrected augmented reality in MIS with monocular endoscopes.","['Long Chen', 'Wen Tang', 'Nigel W. John', 'Tao Ruan Wan', 'Jian Jun Zhang']",2017-03-01T18:01:52Z,http://arxiv.org/abs/1703.01243v1,['cs.CV'],腹腔鏡手術のような低侵襲手術（MIS）における大きな課題の一つは、奥行き知覚の欠如である。近年、腹腔鏡下シーントラッキングと表面再構成は、手術プロセスを支援し、奥行き知覚の問題を補うための豊富な追加情報を提供するための研究の焦点となっている。しかし、ロバストな3D表面再構成や、再構成されたシーン上での奥行き知覚を伴う拡張現実感については、まだ報告されていない。本稿では、この分野における我々の研究を紹介する。まず、我々は最先端の視覚的同時定位マッピング（SLAM）フレームワークであるORB-SLAMを採用し、信頼性の高い内視鏡カメラトラッキングとサリエントポイントマッピングのために、MISシーンで使用できるようにアルゴリズムを拡張する。次に、SLAMフレームワークから抽出された疎な点群に基づいて、ロバストなグローバル3D表面再構成フレームワークを開発する。我々のアプローチは、移動最小二乗平滑化アルゴリズムに外れ値除去フィルターを組み合わせ、非構造化疎な点群から滑らかな表面を得るためにポアソン表面再構成を採用することである。我々の提案する方法は、グラウンドトゥルースのカメラ軌道と、合成シミュレーションビデオのレンダリングに使用した臓器モデル表面と比較して定量的に評価された。テストに使用された生体内腹腔鏡映像は、カメラトラッキングと表面再構成の両方において、我々の提案するフレームワークの頑健性と精度を実証し、単眼内視鏡を用いたMISにおける深度拡張と深度補正された拡張現実感のための我々のアルゴリズムの可能性を示している。
"Exploring Stereovision-Based 3-D Scene Reconstruction for Augmented
  Reality","Three-dimensional (3-D) scene reconstruction is one of the key techniques in Augmented Reality (AR), which is related to the integration of image processing and display systems of complex information. Stereo matching is a computer vision based approach for 3-D scene reconstruction. In this paper, we explore an improved stereo matching network, SLED-Net, in which a Single Long Encoder-Decoder is proposed to replace the stacked hourglass network in PSM-Net for better contextual information learning. We compare SLED-Net to state-of-the-art methods recently published, and demonstrate its superior performance on Scene Flow and KITTI2015 test sets.","['Guang-Yu Nie', 'Yun Liu', 'Cong Wang', 'Yue Liu', 'Yongtian Wang']",2019-02-17T13:09:16Z,http://arxiv.org/abs/1902.06255v1,['cs.CV'],3次元（3-D）シーンの再構成は、複雑な情報の画像処理と表示システムの統合に関連する拡張現実（AR）における重要な技術の1つである。ステレオマッチングは、3次元シーン再構成のためのコンピュータビジョンに基づくアプローチである。本論文では、改良型ステレオマッチングネットワークであるSLED-Netを検討する。SLED-Netでは、PSM-Netのスタック型砂時計ネットワークに代わり、Single Long Encoder-Decoderを提案し、より良い文脈情報学習を実現する。SLED-Netを最近発表された最新の手法と比較し、Scene FlowとKITTI2015テストセットでその優れた性能を実証する。
"Occluded object reconstruction for first responders with augmented
  reality glasses using conditional generative adversarial networks","Firefighters suffer a variety of life-threatening risks, including line-of-duty deaths, injuries, and exposures to hazardous substances. Support for reducing these risks is important. We built a partially occluded object reconstruction method on augmented reality glasses for first responders. We used a deep learning based on conditional generative adversarial networks to train associations between the various images of flammable and hazardous objects and their partially occluded counterparts. Our system then reconstructed an image of a new flammable object. Finally, the reconstructed image was superimposed on the input image to provide ""transparency"". The system imitates human learning about the laws of physics through experience by learning the shape of flammable objects and the flame characteristics.","['Kyongsik Yun', 'Thomas Lu', 'Edward Chow']",2018-04-20T23:56:10Z,http://arxiv.org/abs/1805.00322v1,"['cs.CV', 'cs.LG']",消防士は、任務中の死亡、負傷、危険物質への曝露など、生命を脅かすさまざまなリスクに苦しんでいる。これらのリスクを軽減するための支援は重要である。我々は、救急隊員のために、拡張現実メガネ上で部分的に隠蔽されたオブジェクトの再構成手法を構築した。条件付き生成敵対的ネットワークに基づくディープラーニングを用いて、可燃性物体や危険物体の様々な画像と、部分的に隠された対応物体の間の関連付けを訓練した。その後、我々のシステムは新しい可燃性物体の画像を再構成した。最後に、再構成された画像を入力画像に重ね合わせ、「透明性」を提供した。このシステムは、可燃性物体の形状と炎の特性を学習することにより、経験を通じて物理法則を学習する人間を模倣する。
"A Survey Study to Understand Industry Vision for Virtual and Augmented
  Reality Applications in Design and Construction","With advances in Building Information Modeling (BIM), Virtual Reality (VR) and Augmented Reality (AR) technologies have many potential applications in the Architecture, Engineering, and Construction (AEC) industry. However, the AEC industry, relative to other industries, has been slow in adopting AR/VR technologies, partly due to lack of feasibility studies examining the actual cost of implementation versus an increase in profit. The main objectives of this paper are to understand the industry trends in adopting AR/VR technologies and identifying gaps between AEC research and industry practices. The identified gaps can lead to opportunities for developing new tools and finding new use cases. To achieve these goals, two rounds of a survey at two different time periods (a year apart) were conducted. Responses from 158 industry experts and researchers were analyzed to assess the current state, growth, and saving opportunities for AR/VR technologies for the AEC industry. The authors used t-test for hypothesis testing. The findings show a significant increase in AR/VR utilization in the AEC industry over the past year from 2017 to 2018. The industry experts also anticipate strong growth in the use of AR/VR technologies over the next 5 to 10 years.","['Mojtaba Noghabaei', 'Arsalan Heydarian', 'Vahid Balali', 'Kevin Han']",2020-05-06T13:16:05Z,http://arxiv.org/abs/2005.02795v1,['cs.CY'],ビルディング・インフォメーション・モデリング（BIM）の進歩に伴い、バーチャル・リアリティ（VR）とオーグメンテッド・リアリティ（AR）技術は、建築・エンジニアリング・建設（AEC）業界において多くの潜在的な用途を有している。しかし、AEC業界は、他の業界と比較して、AR/VR技術の導入が遅れている。その一因は、利益増加に対する実際の導入コストを検証するフィージビリティ・スタディが不足しているためである。本稿の主な目的は、AR/VR技術の採用における業界の動向を理解し、AECの研究と業界の実践とのギャップを特定することである。特定されたギャップは、新しいツールを開発し、新しいユースケースを見つける機会につながる。これらの目標を達成するために、2つの異なる時期（1年間隔）に2ラウンドの調査を実施した。業界の専門家や研究者158人からの回答を分析し、AEC業界におけるAR/VR技術の現状、成長、節約の機会を評価した。著者らは仮説検証にt検定を用いた。その結果、2017年から2018年の過去1年間で、AEC業界におけるAR/VRの利用が大幅に増加したことが分かった。また、業界の専門家は、今後5年から10年にわたってAR/VR技術の利用が力強く成長すると予測している。
"Multi-view data capture for dynamic object reconstruction using handheld
  augmented reality mobiles","We propose a system to capture nearly-synchronous frame streams from multiple and moving handheld mobiles that is suitable for dynamic object 3D reconstruction. Each mobile executes Simultaneous Localisation and Mapping on-board to estimate its pose, and uses a wireless communication channel to send or receive synchronisation triggers. Our system can harvest frames and mobile poses in real time using a decentralised triggering strategy and a data-relay architecture that can be deployed either at the Edge or in the Cloud. We show the effectiveness of our system by employing it for 3D skeleton and volumetric reconstructions. Our triggering strategy achieves equal performance to that of an NTP-based synchronisation approach, but offers higher flexibility, as it can be adjusted online based on application needs. We created a challenging new dataset, namely 4DM, that involves six handheld augmented reality mobiles recording an actor performing sports actions outdoors. We validate our system on 4DM, analyse its strengths and limitations, and compare its modules with alternative ones.","['M. Bortolon', 'L. Bazzanella', 'F. Poiesi']",2021-03-14T10:26:50Z,http://arxiv.org/abs/2103.07883v2,"['cs.MM', 'cs.CV']",動的オブジェクトの3D再構成に適した、複数かつ移動するハンドヘルドモバイルからほぼ同期したフレームストリームをキャプチャするシステムを提案する。各モバイルは、ポーズを推定するためにオンボードで同時ローカライゼーションとマッピングを実行し、同期トリガを送受信するために無線通信チャネルを使用する。我々のシステムは、分散型トリガー戦略と、エッジまたはクラウドに配置可能なデータ中継アーキテクチャを用いて、フレームとモバイルのポーズをリアルタイムで採取することができる。我々は、3Dスケルトンとボリュメトリック再構成に本システムを採用することで、その有効性を示す。我々のトリガー戦略は、NTPベースの同期アプローチと同等のパフォーマンスを達成するが、アプリケーションのニーズに応じてオンラインで調整できるため、より高い柔軟性を提供する。我々は、屋外でスポーツ動作を行う俳優を記録した6台のハンドヘルドARモバイルを含む、4DMという挑戦的な新しいデータセットを作成した。我々は、4DM上で我々のシステムを検証し、その長所と限界を分析し、そのモジュールを代替のものと比較する。
"BIMxAR: BIM-Empowered Augmented Reality for Learning Architectural
  Representations","Literature review shows limited research investigating the utilization of Augmented Reality (AR) to improve learning and understanding architectural representations, specifically section views. In this study, we present an AR system prototype (BIMxAR), its new and accurate building-scale registration method, and its novel visualization features that facilitate the comprehension of building construction systems, materials configuration, and 3D section views of complex structures through the integration of AR, Building Information Modeling (BIM), and physical buildings. A pilot user study found improvements after students studied building section views in a physical building with AR, though not statistically significant, in terms of scores of the Santa Barbara Solids Test (SBST) and the Architectural Representations Test (ART). When incorporating time as a performance factor, the ART timed scores show a significant improvement in the posttest session. BIMxAR has the potential to enhance the students spatial abilities, particularly in understanding buildings and complex section views.","['Ziad Ashour', 'Zohreh Shaghaghian', 'Wei Yan']",2022-04-07T04:32:43Z,http://arxiv.org/abs/2204.03207v2,['cs.HC'],文献レビューによると、建築表現、特に断面図の学習と理解を向上させるために拡張現実（AR）の活用を研究している研究は限られている。本研究では、AR、ビルディング・インフォメーション・モデリング（BIM）、物理的な建物の統合を通じて、建築構造システム、材料構成、複雑な構造物の3D断面図の理解を促進するARシステムのプロトタイプ（BIMxAR）、その新しい正確な建物スケールの登録方法、およびその新しい視覚化機能を紹介する。試験的なユーザー研究では、学生がARを使用して物理的な建物で建物の断面図を学習した後、統計的に有意ではないものの、サンタバーバラ立体テスト（SBST）と建築表現テスト（ART）のスコアに関して改善が見られました。パフォーマンス要因として時間を組み込むと、ARTのタイムスコアはテスト後のセッションで有意な改善を示している。BIMxARは、特に建物や複雑な断面図の理解において、学生の空間能力を高める可能性がある。
"Microvision: Static analysis-based approach to visualizing microservices
  in augmented reality","Microservices are supporting digital transformation; however, fundamental tools and system perspectives are missing to better observe, understand, and manage these systems, their properties, and their dependencies. Microservices architecture leans toward decentralization, which yields many advantages to system operation; it, however, brings challenges to their development. Microservices lack a system-centric perspective to better cope with system evolution and quality assessment. In this work, we explore microservice-specific architecture reconstruction based on static analysis. Such reconstruction typically results in system models to visualize selected system-centric perspectives. Conventional models are limited in utility when the service cardinality is high. We consider an alternative data visualization using 3D space using augmented reality. To begin testing the feasibility of deriving such perspectives from microservice systems, we developed and implemented prototype tools for software architecture reconstruction and visualization of compared perspectives.","['Tomas Cerny', 'Amr S. Abdelfattah', 'Vincent Bushong', 'Abdullah Al Maruf', 'Davide Taibi']",2022-07-06T21:19:19Z,http://arxiv.org/abs/2207.02974v2,['cs.SE'],マイクロサービスはデジタルトランスフォーメーションを支えているが、これらのシステム、その特性、依存関係をよりよく観察、理解、管理するための基本的なツールやシステム視点が欠けている。マイクロサービス・アーキテクチャは分散化に傾いており、システム運用に多くの利点をもたらすが、開発には課題をもたらす。マイクロサービスには、システムの進化や品質評価によりよく対処するためのシステム中心の視点が欠けている。本研究では、静的解析に基づくマイクロサービス固有のアーキテクチャ再構築を探求する。このような再構築は、通常、選択されたシステム中心の視点を可視化するためのシステムモデルに帰結する。従来のモデルは、サービスのカーディナリティが高い場合、有用性に限界がある。我々は、拡張現実を利用した3D空間を用いた代替的なデータ可視化を検討する。マイクロサービス・システムからそのような視点を導き出すことの実現可能性をテストし始めるために、ソフトウェア・アーキテクチャの再構築と比較された視点の可視化のためのプロトタイプ・ツールを開発し実装した。
"Multi-Camera Lighting Estimation for Photorealistic Front-Facing Mobile
  Augmented Reality","Lighting understanding plays an important role in virtual object composition, including mobile augmented reality (AR) applications. Prior work often targets recovering lighting from the physical environment to support photorealistic AR rendering. Because the common workflow is to use a back-facing camera to capture the physical world for overlaying virtual objects, we refer to this usage pattern as back-facing AR. However, existing methods often fall short in supporting emerging front-facing mobile AR applications, e.g., virtual try-on where a user leverages a front-facing camera to explore the effect of various products (e.g., glasses or hats) of different styles. This lack of support can be attributed to the unique challenges of obtaining 360$^\circ$ HDR environment maps, an ideal format of lighting representation, from the front-facing camera and existing techniques. In this paper, we propose to leverage dual-camera streaming to generate a high-quality environment map by combining multi-view lighting reconstruction and parametric directional lighting estimation. Our preliminary results show improved rendering quality using a dual-camera setup for front-facing AR compared to a commercial solution.","['Yiqin Zhao', 'Sean Fanello', 'Tian Guo']",2023-01-15T16:52:59Z,http://arxiv.org/abs/2301.06143v1,['cs.CV'],照明の理解は、モバイルAR（拡張現実）アプリケーションを含む仮想オブジェクトの合成において重要な役割を果たす。先行研究では、フォトリアリスティックなARレンダリングをサポートするために、物理的な環境から照明を回復することをターゲットにしていることが多い。一般的なワークフローは、仮想オブジェクトをオーバーレイするために物理世界をキャプチャするために背面カメラを使用することであるため、この使用パターンを背面ARと呼ぶ。しかし、既存の手法では、新しい前向きのモバイルARアプリケーションをサポートできないことが多い。例えば、ユーザーが前向きのカメラを活用して、さまざまなスタイルの製品（眼鏡や帽子など）の効果を調べるバーチャル試着などである。このようなサポート不足は、照明表現の理想的なフォーマットである360$^circ$ HDR環境マップを前面カメラから取得する独自の課題と既存の技術に起因しています。本論文では、デュアルカメラストリーミングを活用し、マルチビュー照明再構成とパラメトリック指向性照明推定を組み合わせることで、高品質の環境マップを生成することを提案します。我々の予備的な結果は、商用ソリューションと比較して、前面AR用のデュアルカメラ設定を使用したレンダリング品質の向上を示している。
The Dark Side of Augmented Reality: Exploring Manipulative Designs in AR,"Augmented Reality (AR) applications are becoming more mainstream, with successful examples in the mobile environment like Pokemon GO. Current malicious techniques can exploit these environments' immersive and mixed nature (physical-virtual) to trick users into providing more personal information, i.e., dark patterns. Dark patterns are deceiving techniques (e.g., interface tricks) designed to influence individuals' behavioural decisions. However, there are few studies regarding dark patterns' potential issues in AR environments. In this work, using scenario construction to build our prototypes, we investigate the potential future approaches that dark patterns can have. We use VR mockups in our user study to analyze the effects of dark patterns in AR. Our study indicates that dark patterns are effective in immersive scenarios, and the use of novel techniques such as `haptic grabbing' to drag participants' attention can influence their movements. Finally, we discuss the impact of such malicious techniques and what techniques can mitigate them.","['Xian Wang', 'Lik-Hang Lee', 'Carlos Bermejo Fernandez', 'Pan Hui']",2023-03-06T02:40:43Z,http://arxiv.org/abs/2303.02843v2,['cs.HC'],拡張現実（AR）アプリケーションは主流になりつつあり、ポケモンGOのようなモバイル環境での成功例もある。現在の悪意のあるテクニックは、このような環境の没入的かつ混合的な性質（物理的-仮想的）を悪用して、ユーザーを騙してより多くの個人情報を提供させる、すなわちダークパターンを引き起こす可能性がある。ダークパターンは、個人の行動決定に影響を与えるように設計された欺く技術（例えば、インターフェイスのトリック）である。しかし、AR環境におけるダークパターンの潜在的な問題点に関する研究は少ない。この研究では、プロトタイプを構築するためにシナリオ構築を使用し、ダークパターンが持つ潜在的な将来的アプローチを調査する。ユーザ研究ではVRモックアップを使用し、ARにおける暗黒パターンの効果を分析する。我々の研究は、暗黒パターンが没入型シナリオにおいて効果的であることを示し、参加者の注意を引きずるために「触覚的なつかみ」のような斬新なテクニックを使用することで、参加者の動きに影響を与えることができる。最後に、このような悪意のあるテクニックの影響と、どのようなテクニックがそれを軽減できるかについて議論する。
"Multimodal Grounding for Embodied AI via Augmented Reality Headsets for
  Natural Language Driven Task Planning","Recent advances in generative modeling have spurred a resurgence in the field of Embodied Artificial Intelligence (EAI). EAI systems typically deploy large language models to physical systems capable of interacting with their environment. In our exploration of EAI for industrial domains, we successfully demonstrate the feasibility of co-located, human-robot teaming. Specifically, we construct an experiment where an Augmented Reality (AR) headset mediates information exchange between an EAI agent and human operator for a variety of inspection tasks. To our knowledge the use of an AR headset for multimodal grounding and the application of EAI to industrial tasks are novel contributions within Embodied AI research. In addition, we highlight potential pitfalls in EAI's construction by providing quantitative and qualitative analysis on prompt robustness.","['Selma Wanna', 'Fabian Parra', 'Robert Valner', 'Karl Kruusamäe', 'Mitch Pryor']",2023-04-26T16:44:19Z,http://arxiv.org/abs/2304.13676v1,"['cs.RO', 'I.2.9; I.2.7; I.2.4']",近年のジェネレーティブ・モデリングの進歩は、具現化人工知能（EAI）分野の復活に拍車をかけている。EAIシステムは通常、環境と相互作用できる物理システムに大規模な言語モデルを展開する。産業用ドメインにおけるEAIの探求において、我々は人間とロボットの同所配置によるチーミングの実現可能性を実証することに成功した。具体的には、拡張現実（AR）ヘッドセットがEAIエージェントと人間のオペレータ間の情報交換を仲介し、様々な検査作業を行う実験を構築した。我々の知る限り、マルチモーダルグラウンディングのためのARヘッドセットの使用と、産業タスクへのEAIの応用は、Embodied AI研究において斬新な貢献である。さらに、迅速なロバスト性に関する定量的・定性的分析を提供することで、EAI構築における潜在的な落とし穴を浮き彫りにする。
"Multi-3D-Models Registration-Based Augmented Reality (AR) Instructions
  for Assembly","This paper introduces a novel, markerless, step-by-step, in-situ 3D Augmented Reality (AR) instruction method and its application - BRICKxAR (Multi 3D Models/M3D) - for small parts assembly. BRICKxAR (M3D) realistically visualizes rendered 3D assembly parts at the assembly location of the physical assembly model (Figure 1). The user controls the assembly process through a user interface. BRICKxAR (M3D) utilizes deep learning-trained 3D model-based registration. Object recognition and tracking become challenging as the assembly model updates at each step. Additionally, not every part in a 3D assembly may be visible to the camera during the assembly. BRICKxAR (M3D) combines multiple assembly phases with a step count to address these challenges. Thus, using fewer phases simplifies the complex assembly process while step count facilitates accurate object recognition and precise visualization of each step. A testing and heuristic evaluation of the BRICKxAR (M3D) prototype and qualitative analysis were conducted with users and experts in visualization and human-computer interaction. Providing robust 3D AR instructions and allowing the handling of the assembly model, BRICKxAR (M3D) has the potential to be used at different scales ranging from manufacturing assembly to construction.","['Seda Tuzun Canadinc', 'Wei Yan']",2023-11-27T21:53:17Z,http://arxiv.org/abs/2311.16337v2,"['cs.HC', 'cs.CV']",本稿では、マーカーレスで、ステップバイステップで、その場で3D拡張現実感（AR）を利用した新しい指示方法とその応用であるBRICKxAR（Multi 3D Models/M3D）を、小型部品組立のために紹介する。BRICKxAR (M3D)は、物理的な組立モデルの組立位置に、レンダリングされた3D組立部品をリアルに可視化します（図1）。ユーザーはユーザーインターフェースを通じて組み立てプロセスを制御します。BRICKxAR（M3D）は、ディープラーニングで学習した3Dモデルベースのレジストレーションを利用している。組み立てモデルがステップごとに更新されるため、オブジェクトの認識と追跡は困難になる。さらに、3Dアセンブリのすべてのパーツがアセンブリ中にカメラから見えるとは限らない。BRICKxAR（M3D）は、これらの課題に対処するために、複数の組み立てフェーズとステップカウントを組み合わせています。このように、より少ないフェーズを使用することで、複雑な組立プロセスを簡素化し、ステップ数をカウントすることで、正確なオブジェクト認識と各ステップの正確な視覚化を容易にします。BRICKxAR(M3D)プロトタイプのテストとヒューリスティック評価、および定性的分析が、ユーザーとビジュアライゼーションとヒューマンコンピュータインタラクションの専門家によって実施されました。堅牢な3D AR指示を提供し、組み立てモデルの取り扱いを可能にするBRICKxAR（M3D）は、製造業の組み立てから建設まで、さまざまなスケールで使用できる可能性がある。
"EndoDAC: Efficient Adapting Foundation Model for Self-Supervised Depth
  Estimation from Any Endoscopic Camera","Depth estimation plays a crucial role in various tasks within endoscopic surgery, including navigation, surface reconstruction, and augmented reality visualization. Despite the significant achievements of foundation models in vision tasks, including depth estimation, their direct application to the medical domain often results in suboptimal performance. This highlights the need for efficient adaptation methods to adapt these models to endoscopic depth estimation. We propose Endoscopic Depth Any Camera (EndoDAC) which is an efficient self-supervised depth estimation framework that adapts foundation models to endoscopic scenes. Specifically, we develop the Dynamic Vector-Based Low-Rank Adaptation (DV-LoRA) and employ Convolutional Neck blocks to tailor the foundational model to the surgical domain, utilizing remarkably few trainable parameters. Given that camera information is not always accessible, we also introduce a self-supervised adaptation strategy that estimates camera intrinsics using the pose encoder. Our framework is capable of being trained solely on monocular surgical videos from any camera, ensuring minimal training costs. Experiments demonstrate that our approach obtains superior performance even with fewer training epochs and unaware of the ground truth camera intrinsics. Code is available at https://github.com/BeileiCui/EndoDAC.","['Beilei Cui', 'Mobarakol Islam', 'Long Bai', 'An Wang', 'Hongliang Ren']",2024-05-14T14:55:15Z,http://arxiv.org/abs/2405.08672v1,"['eess.IV', 'cs.CV']",深度推定は、ナビゲーション、表面再構成、拡張現実感の視覚化など、内視鏡外科手術の様々なタスクにおいて重要な役割を果たす。深度推定を含む視覚タスクにおける基礎モデルの重要な成果にもかかわらず、医療領域への直接的な適用は、しばしば最適なパフォーマンスには至らない。このことは、これらのモデルを内視鏡深度推定に適応させるための効率的な適応手法の必要性を浮き彫りにしている。我々は、内視鏡シーンに基礎モデルを適応させる効率的な自己教師付き深度推定フレームワークであるEndoscopic Depth Any Camera（EndoDAC）を提案する。具体的には、Dynamic Vector-Based Low-Rank Adaptation (DV-LoRA)を開発し、Convolutional Neckブロックを採用することで、学習可能なパラメータを極めて少なくしながら、基礎モデルを手術領域に適合させる。また、カメラ情報が常にアクセス可能であるとは限らないことを考慮し、ポーズエンコーダを使用してカメラの内部構造を推定する自己教師付き適応戦略を導入する。本フレームワークは、どのカメラの単眼手術映像のみでも学習可能であり、学習コストを最小限に抑えることができる。実験により、学習エポック数が少なく、真実のカメラの内部構造を知らない場合でも、我々のアプローチが優れた性能を得ることが実証された。コードはhttps://github.com/BeileiCui/EndoDAC。
"Free-body Gesture Tracking and Augmented Reality Improvisation for Floor
  and Aerial Dance","This paper describes an updated interactive performance system for floor and Aerial Dance that controls visual and sonic aspects of the presentation via a depth sensing camera (MS Kinect). In order to detect, measure and track free movement in space, 3 degree of freedom (3-DOF) tracking in space (on the ground and in the air) is performed using IR markers with a method for multi target tracking capabilities added and described in detail. An improved gesture tracking and recognition system, called Action Graph (AG), is described in the paper. Action Graph uses an efficient incremental construction from a single long sequence of movement features and automatically captures repeated sub-segments in the movement from start to finish with no manual interaction needed with other advanced capabilities discussed as well. By using the new model for the gesture we can unify an entire choreography piece by dynamically tracking and recognizing gestures and sub-portions of the piece. This gives the performer the freedom to improvise based on a set of recorded gestures/portions of the choreography and have the system dynamically respond in relation to the performer within a set of related rehearsed actions, an ability that has not been seen in any other system to date.","['Tammuz Dubnov', 'Cheng-i Wang']",2015-09-15T21:54:21Z,http://arxiv.org/abs/1509.04751v1,"['cs.MM', 'cs.CV', 'cs.HC']",この論文では、深度センシングカメラ（MS Kinect）を介してプレゼンテーションの視覚的および音響的側面を制御する、フロアダンスとエアリアルダンスのための最新のインタラクティブパフォーマンスシステムについて説明します。空間における自由な動きを検出、測定、追跡するために、空間（地上と空中）における3自由度（3-DOF）追跡がIRマーカーを用いて行われ、マルチターゲット追跡機能の方法が追加され、詳細に説明されています。アクショングラフ(AG)と呼ばれる改良されたジェスチャートラッキングと認識システムについて説明する。アクショングラフは、1つの長い動作特徴シーケンスから効率的なインクリメンタル構造を使用し、手動によるインタラクションを必要とすることなく、動作の開始から終了までの繰り返されるサブセグメントを自動的にキャプチャします。ジェスチャーの新しいモデルを使用することで、ジェスチャーと作品のサブ部分を動的に追跡・認識することで、振付作品全体を統一することができます。これにより、パフォーマーは、振付の一連の記録されたジェスチャー／部分に基づいて即興で演奏する自由を得ることができ、システムは、関連する一連のリハーサルされた動作の中で、パフォーマーに関連して動的に反応することができます。
Collaborative Dense SLAM,"In this paper, we present a new system for live collaborative dense surface reconstruction. Cooperative robotics, multi participant augmented reality and human-robot interaction are all examples of situations where collaborative mapping can be leveraged for greater agent autonomy. Our system builds on ElasticFusion to allow a number of cameras starting with unknown initial relative positions to maintain local maps utilising the original algorithm. Carrying out visual place recognition across these local maps the system can identify when two maps overlap in space, providing an inter-map constraint from which the system can derive the relative poses of the two maps. Using these resulting pose constraints, our system performs map merging, allowing multiple cameras to fuse their measurements into a single shared reconstruction. The advantage of this approach is that it avoids replication of structures subsequent to loop closures, where multiple cameras traverse the same regions of the environment. Furthermore, it allows cameras to directly exploit and update regions of the environment previously mapped by other cameras within the system. We provide both quantitative and qualitative analyses using the synthetic ICL-NUIM dataset and the real-world Freiburg dataset including the impact of multi-camera mapping on surface reconstruction accuracy, camera pose estimation accuracy and overall processing time. We also include qualitative results in the form of sample reconstructions of room sized environments with up to 3 cameras undergoing intersecting and loopy trajectories.","['Louis Gallagher', 'John B. McDonald']",2018-11-19T11:54:40Z,http://arxiv.org/abs/1811.07632v2,"['cs.CV', 'I.2.10']",本論文では、ライブ協調的な高密度表面再構成のための新しいシステムを紹介する。協調ロボット工学、多人数参加型拡張現実、人間とロボットの相互作用はすべて、エージェントの自律性を高めるために協調マッピングを活用できる状況の例である。私たちのシステムはElasticFusionをベースとしており、未知の初期相対位置からスタートする多数のカメラが、オリジナルのアルゴリズムを用いてローカルマップを維持することを可能にします。これらのローカルマップを横断して視覚的な場所認識を行うことで、システムは2つのマップが空間上で重なるときを識別することができ、そこからマップ間の制約を提供し、システムは2つのマップの相対的なポーズを導き出すことができます。このようにして得られたポーズ制約を利用して、我々のシステムはマップの結合を行い、複数のカメラの測定値を単一の共有再構成に融合させることができる。この手法の利点は、複数のカメラが環境の同じ領域を横断するような、ループ閉鎖に続く構造の複製を回避できることです。さらに、システム内の他のカメラによって以前にマッピングされた環境の領域をカメラが直接利用し、更新することができます。我々は、合成ICL-NUIMデータセットと実世界のフライブルグデータセットを用いて、表面再構成精度、カメラポーズ推定精度、全体的な処理時間に対するマルチカメラマッピングの影響など、定量的・定性的な分析を行います。また、最大3台のカメラが交差したりループしたりする軌跡を持つ、部屋の大きさの環境の再構成のサンプルという形で、定性的な結果も示しています。
Pivot calibration concept for sensor attached mobile c-arms,"Medical augmented reality has been actively studied for decades and many methods have been proposed torevolutionize clinical procedures. One example is the camera augmented mobile C-arm (CAMC), which providesa real-time video augmentation onto medical images by rigidly mounting and calibrating a camera to the imagingdevice. Since then, several CAMC variations have been suggested by calibrating 2D/3D cameras, trackers, andmore recently a Microsoft HoloLens to the C-arm. Different calibration methods have been applied to establishthe correspondence between the rigidly attached sensor and the imaging device. A crucial step for these methodsis the acquisition of X-Ray images or 3D reconstruction volumes; therefore, requiring the emission of ionizingradiation. In this work, we analyze the mechanical motion of the device and propose an alternatative methodto calibrate sensors to the C-arm without emitting any radiation. Given a sensor is rigidly attached to thedevice, we introduce an extended pivot calibration concept to compute the fixed translation from the sensor tothe C-arm rotation center. The fixed relationship between the sensor and rotation center can be formulated as apivot calibration problem with the pivot point moving on a locus. Our method exploits the rigid C-arm motiondescribing a Torus surface to solve this calibration problem. We explain the geometry of the C-arm motion andits relation to the attached sensor, propose a calibration algorithm and show its robustness against noise, as wellas trajectory and observed pose density by computer simulations. We discuss this geometric-based formulationand its potential extensions to different C-arm applications.","['Sing Chun Lee', 'Matthias Seibold', 'Philipp Fürnstahl', 'Mazda Farshad', 'Nassir Navab']",2020-01-09T15:57:14Z,http://arxiv.org/abs/2001.03075v1,['cs.RO'],医療用拡張現実は数十年前から盛んに研究されており、臨床手技を革新するために多くの方法が提案されている。その一例として、CAMC(Camera Augmented Mobile C-arm)がある。CAMCは、撮像装置にカメラを固定し、較正することによって、医用画像にリアルタイムの映像拡張を提供する。それ以来、2D/3Dカメラ、トラッカー、最近ではMicrosoft HoloLensをCアームに較正することで、いくつかのCAMCのバリエーションが提案されている。硬く取り付けられたセンサーと撮像デバイスの対応関係を確立するために、さまざまな較正方法が適用されてきました。これらの方法にとって重要なステップは、X線画像または3D再構成ボリュームの取得であるため、電離放射線の放出が必要となる。本研究では、装置の機械的な動きを解析し、放射線を放出することなくセンサをCアームに較正する代替方法を提案する。センサが装置に固定的に取り付けられている場合、センサからCアーム回転中心への固定移動量を計算するために、拡張ピボット校正コンセプトを導入する。センサと回転中心の固定関係は、ピボット点が軌跡上を移動するピボット校正問題として定式化できる。本手法では、このキャリブレーション問題を解くために、トーラス面を記述する剛体Cアームモーションを利用する。本論文では、Cアームモーションの幾何学的形状と、取り付けられたセンサーとの関係を説明し、キャリブレーションアルゴリズムを提案し、そのノイズに対する頑健性、軌跡と観測ポーズ密度を計算機シミュレーションにより示す。この幾何学に基づいた定式化と、様々なCアームアプリケーションへの拡張の可能性について議論する。
"Mask-off: Synthesizing Face Images in the Presence of Head-mounted
  Displays","A head-mounted display (HMD) could be an important component of augmented reality system. However, as the upper face region is seriously occluded by the device, the user experience could be affected in applications such as telecommunication and multi-player video games. In this paper, we first present a novel experimental setup that consists of two near-infrared (NIR) cameras to point to the eye regions and one visible-light RGB camera to capture the visible face region. The main purpose of this paper is to synthesize realistic face images without occlusions based on the images captured by these cameras. To this end, we propose a novel synthesis framework that contains four modules: 3D head reconstruction, face alignment and tracking, face synthesis, and eye synthesis. In face synthesis, we propose a novel algorithm that can robustly align and track a personalized 3D head model given a face that is severely occluded by the HMD. In eye synthesis, in order to generate accurate eye movements and dynamic wrinkle variations around eye regions, we propose another novel algorithm to colorize the NIR eye images and further remove the ""red eye"" effects caused by the colorization. Results show that both hardware setup and system framework are robust to synthesize realistic face images in video sequences.","['Yajie Zhao', 'Qingguo Xu', 'Xinyu Huang', 'Ruigang Yang']",2016-10-26T19:41:37Z,http://arxiv.org/abs/1610.08481v2,['cs.CV'],ヘッドマウントディスプレイ（HMD）は、拡張現実感システムの重要な構成要素となり得る。しかし、顔の上方領域がHMDによって著しく遮蔽されるため、通信や多人数参加型ビデオゲームなどのアプリケーションにおいて、ユーザ体験に影響を与える可能性がある。本論文では、まず、目領域を撮影するための2台の近赤外線（NIR）カメラと、顔の可視領域を撮影するための1台の可視光RGBカメラから構成される、新しい実験セットアップを紹介する。本論文の主な目的は、これらのカメラで撮影された画像に基づいて、オクルージョンのないリアルな顔画像を合成することである。この目的のために、我々は4つのモジュールを含む新しい合成フレームワークを提案する：すなわち、3次元頭部再構成、顔の位置合わせと追跡、顔合成、および目合成である。顔合成では、HMDによってひどく隠蔽された顔が与えられたときに、パーソナライズされた3D頭部モデルを頑健に位置合わせして追跡できる新しいアルゴリズムを提案する。眼球合成では、正確な眼球運動と眼球領域周辺の動的なしわの変化を生成するために、NIR眼球画像をカラー化し、さらにカラー化による「赤目」効果を除去する別の新しいアルゴリズムを提案する。結果は、ハードウェアセットアップとシステムフレームワークの両方が、ビデオシーケンス内のリアルな顔画像を合成するのに頑健であることを示している。
"HDM-Net: Monocular Non-Rigid 3D Reconstruction with Learned Deformation
  Model","Monocular dense 3D reconstruction of deformable objects is a hard ill-posed problem in computer vision. Current techniques either require dense correspondences and rely on motion and deformation cues, or assume a highly accurate reconstruction (referred to as a template) of at least a single frame given in advance and operate in the manner of non-rigid tracking. Accurate computation of dense point tracks often requires multiple frames and might be computationally expensive. Availability of a template is a very strong prior which restricts system operation to a pre-defined environment and scenarios. In this work, we propose a new hybrid approach for monocular non-rigid reconstruction which we call Hybrid Deformation Model Network (HDM-Net). In our approach, deformation model is learned by a deep neural network, with a combination of domain-specific loss functions. We train the network with multiple states of a non-rigidly deforming structure with a known shape at rest. HDM-Net learns different reconstruction cues including texture-dependent surface deformations, shading and contours. We show generalisability of HDM-Net to states not presented in the training dataset, with unseen textures and under new illumination conditions. Experiments with noisy data and a comparison with other methods demonstrate robustness and accuracy of the proposed approach and suggest possible application scenarios of the new technique in interventional diagnostics and augmented reality.","['Vladislav Golyanik', 'Soshi Shimada', 'Kiran Varanasi', 'Didier Stricker']",2018-03-27T17:31:47Z,http://arxiv.org/abs/1803.10193v2,['cs.CV'],変形可能な物体の単眼的な高密度3D再構成は、コンピュータビジョンにおける難しい非解決問題である。現在の技術では、密な対応関係を必要とし、動きと変形の手がかりに依存するか、少なくとも1フレームの高精度な再構成（テンプレートと呼ばれる）をあらかじめ想定し、非剛体追跡の方法で動作する。高密度の点トラックの正確な計算には複数のフレームが必要な場合が多く、計算コストがかかる可能性があります。テンプレートが利用可能であることは、システムの動作を事前に定義された環境やシナリオに制限する非常に強い事前条件である。本研究では、ハイブリッド変形モデルネットワーク（HDM-Net）と呼ぶ、単眼非剛体再構成のための新しいハイブリッドアプローチを提案する。我々のアプローチでは、変形モデルはディープニューラルネットワークによって学習され、ドメイン固有の損失関数を組み合わせる。静止状態で形状が既知の非剛体変形構造の複数の状態でネットワークを学習する。HDM-Netは、テクスチャ依存の表面変形、陰影、輪郭を含む様々な再構成キューを学習する。我々は、HDM-Netが、訓練データセットに提示されていない状態、未知のテクスチャ、新しい照明条件下での状態に対する一般性を示す。ノイズの多いデータを用いた実験と他の手法との比較により、提案手法の頑健性と精度を実証し、介入診断や拡張現実における新しい手法の応用シナリオの可能性を示唆する。
Content Generation for Workforce Training,"Efficient workforce training is needed in today's world in which technology is continually changing the nature of work. Students need to be prepared to enter the workforce. Employees need to become lifelong learners to stay up-to-date in their work and to adapt when job functions are eliminated. The training needs are across all industries - including manufacturing, construction, and healthcare. Computing systems, in particular Virtual/Augmented Reality systems, have been adopted in many training application and show even more promise in the future. However, there are fundamental limitations in today's systems that limit the domains where computing systems can be applied and the extent to which they can be deployed. These limitations need to be addressed by new computing research. In particular research is needed at multiple levels:   - Application Data Collection Level Requiring High Security and Privacy Protections   - Training Material Authoring Level   - Software Systems Level   - Hardware Level   To accomplish these research goals, a training community needs to be established to do research in end-to-end training systems and to create a community of learning and domain experts available for consulting for in depth computing research on individual system components.","['Holly Rushmeier', 'Kapil Chalil Madathil', 'Jessica Hodgins', 'Beth Mynatt', 'Tony Derose', 'Blair Macintyre', 'other workshop participants']",2019-12-11T20:25:40Z,http://arxiv.org/abs/1912.05606v1,['cs.CY'],テクノロジーが絶えず仕事の性質を変化させている現代社会では、効率的な労働力訓練が必要とされている。学生は社会人になるための準備が必要である。また、従業員は、常に最新の技術を身につけ、職務が廃止された場合でも適応できるよう、生涯学習者になる必要がある。トレーニングのニーズは、製造業、建設業、医療など、あらゆる業界に及んでいる。コンピューティング・システム、特にヴァーチャル・リアリティ／オーグメンテッド・リアリティ・システムは、多くのトレーニング・アプリケーションに採用されており、今後さらに期待されている。しかし、現在のシステムには根本的な限界があり、コンピューティング・システムを適用できる領域や展開できる範囲が限られています。これらの限界は、新しいコンピューティング研究によって解決される必要がある。特に、次のような複数のレベルでの研究が必要である。 - 高度なセキュリティとプライバシー保護を必要とするアプリケーションデータ収集レベル - トレーニング教材オーサリングレベル - ソフトウェアシステムレベル - ハードウェアレベル これらの研究目標を達成するためには、エンドツーエンドのトレーニングシステムの研究を行うトレーニングコミュニティを確立し、個々のシステムコンポーネントに関する詳細なコンピューティング研究のためのコンサルティングを受けることができる学習およびドメインエキスパートのコミュニティを形成する必要がある。
"A Vision-based Scheme for Kinematic Model Construction of
  Re-configurable Modular Robots","Re-configurable modular robotic (RMR) systems are advantageous for their reconfigurability and versatility. A new modular robot can be built for a specific task by using modules as building blocks. However, constructing a kinematic model for a newly conceived robot requires significant work. Due to the finite size of module-types, models of all module-types can be built individually and stored in a database beforehand. With this priori knowledge, the model construction process can be automated by detecting the modules and their corresponding interconnections. Previous literature proposed theoretical frameworks for constructing kinematic models of modular robots, assuming that such information was known a priori. While well-devised mechanisms and built-in sensors can be employed to detect these parameters automatically, they significantly complicate the module design and thus are expensive. In this paper, we propose a vision-based method to identify kinematic chains and automatically construct robot models for modular robots. Each module is affixed with augmented reality (AR) tags that are encoded with unique IDs. An image of a modular robot is taken and the detected modules are recognized by querying a database that maintains all module information. The poses of detected modules are used to compute: (i) the connection between modules and (ii) joint angles of joint-modules. Finally, the robot serial-link chain is identified and the kinematic model constructed and visualized. Our experimental results validate the effectiveness of our approach. While implementation with only our RMR is shown, our method can be applied to other RMRs where self-identification is not possible.","['Kewei Lin', 'Juan Rojas', 'Yisheng Guan']",2017-03-11T10:13:25Z,http://arxiv.org/abs/1703.03941v1,['cs.RO'],再構成可能なモジュール型ロボット（RMR）システムは、その再構成可能性と汎用性において有利である。モジュールをビルディングブロックとして使用することで、特定のタスクのために新しいモジュラーロボットを構築することができる。しかし、新しく考案されたロボットの運動学モデルを構築するには多大な労力を要する。モジュールタイプのサイズは有限であるため、すべてのモジュールタイプのモデルを個別に構築し、あらかじめデータベースに保存しておくことができる。この事前知識があれば、モジュールとそれに対応する相互接続を検出することにより、モデル構築プロセスを自動化することができる。これまでの文献では、モジュール型ロボットの運動学モデルを構築するための理論的フレームワークが提案されているが、このような情報は事前に知られていることが前提となっている。これらのパラメータを自動的に検出するために、よく考案された機構や内蔵センサを採用することができるが、それらはモジュール設計を著しく複雑にするため、コストがかかる。本論文では、モジュールロボットのキネマティックチェーンを特定し、ロボットモデルを自動的に構築する視覚ベースの手法を提案する。各モジュールには、固有のIDがエンコードされた拡張現実（AR）タグが貼付されている。モジュールロボットの画像を撮影し、すべてのモジュール情報を保持するデータベースに問い合わせることで、検出されたモジュールを認識する。検出されたモジュールのポーズは、(i)モジュール間の接続、(ii)関節モジュールの関節角度を計算するために使用される。最後に、ロボットの直列リンクチェーンが特定され、運動学モデルが構築され可視化される。我々の実験結果は、本アプローチの有効性を検証している。我々のRMRのみでの実装を示すが、我々の手法は自己識別が不可能な他のRMRにも適用可能である。
"SharpNet: Fast and Accurate Recovery of Occluding Contours in Monocular
  Depth Estimation","We introduce SharpNet, a method that predicts an accurate depth map for an input color image, with a particular attention to the reconstruction of occluding contours: Occluding contours are an important cue for object recognition, and for realistic integration of virtual objects in Augmented Reality, but they are also notoriously difficult to reconstruct accurately. For example, they are a challenge for stereo-based reconstruction methods, as points around an occluding contour are visible in only one image. Inspired by recent methods that introduce normal estimation to improve depth prediction, we introduce a novel term that constrains depth and occluding contours predictions. Since ground truth depth is difficult to obtain with pixel-perfect accuracy along occluding contours, we use synthetic images for training, followed by fine-tuning on real data. We demonstrate our approach on the challenging NYUv2-Depth dataset, and show that our method outperforms the state-of-the-art along occluding contours, while performing on par with the best recent methods for the rest of the images. Its accuracy along the occluding contours is actually better than the `ground truth' acquired by a depth camera based on structured light. We show this by introducing a new benchmark based on NYUv2-Depth for evaluating occluding contours in monocular reconstruction, which is our second contribution.","['Michaël Ramamonjisoa', 'Vincent Lepetit']",2019-05-21T13:08:52Z,http://arxiv.org/abs/1905.08598v3,['cs.CV'],我々は、入力カラー画像に対して正確な深度マップを予測する手法であるSharpNetを、特にオクルージョン輪郭の再構成に注目して紹介する：オクルージングの輪郭は、物体認識や、拡張現実における仮想物体の現実的な統合のための重要な手がかりであるが、正確に再構成することが難しいことでも知られている。例えば、ステレオベースの再構成法では、オクルージングの輪郭の周りの点は1つの画像でしか見えないため、オクルージングの輪郭は課題となる。奥行き予測を改善するために法線推定を導入する最近の手法に触発されて、我々は奥行きとオクルージングの輪郭予測を制約する新しい項を導入する。オクルージングの輪郭に沿った深度をピクセルパーフェクトな精度で得ることは困難であるため、学習に合成画像を用い、その後実データで微調整を行う。難易度の高いNYUv2-Depthデータセットで我々のアプローチを実証し、我々の手法がオクルージングの輪郭では最先端技術を凌駕する一方、それ以外の画像では最近の最良の手法と同等の性能を持つことを示す。オクルージングの輪郭に沿った精度は、構造化光に基づく深度カメラによって取得された「ground truth」よりも実際に優れている。我々は、単眼再構成におけるオクルージングの輪郭を評価するためのNYUv2-Depthに基づく新しいベンチマークを導入することにより、このことを示す。
"Efficient 3D Reconstruction and Streaming for Group-Scale Multi-Client
  Live Telepresence","Sharing live telepresence experiences for teleconferencing or remote collaboration receives increasing interest with the recent progress in capturing and AR/VR technology. Whereas impressive telepresence systems have been proposed on top of on-the-fly scene capture, data transmission and visualization, these systems are restricted to the immersion of single or up to a low number of users into the respective scenarios. In this paper, we direct our attention on immersing significantly larger groups of people into live-captured scenes as required in education, entertainment or collaboration scenarios. For this purpose, rather than abandoning previous approaches, we present a range of optimizations of the involved reconstruction and streaming components that allow the immersion of a group of more than 24 users within the same scene - which is about a factor of 6 higher than in previous work - without introducing further latency or changing the involved consumer hardware setup. We demonstrate that our optimized system is capable of generating high-quality scene reconstructions as well as providing an immersive viewing experience to a large group of people within these live-captured scenes.","['Patrick Stotko', 'Stefan Krumpen', 'Michael Weinmann', 'Reinhard Klein']",2019-08-08T15:27:10Z,http://arxiv.org/abs/1908.03118v2,"['cs.HC', 'cs.GR']",遠隔会議や遠隔コラボレーションのためのライブテレプレゼンス体験の共有は、最近のキャプチャ技術やAR/VR技術の進歩に伴い、関心が高まっている。印象的なテレプレゼンスシステムは、オンザフライのシーンキャプチャ、データ伝送、および視覚化の上に提案されているが、これらのシステムは、それぞれのシナリオに1人または最大少数のユーザーの没入に制限されている。本論文では、教育、エンターテイメント、またはコラボレーション・シナリオで必要とされる、ライブ・キャプチャされたシーンに、より多くの人々を没入させることに注目する。この目的のために、これまでのアプローチを放棄するのではなく、再構成とストリーミングのコンポーネントを最適化することで、遅延を発生させることなく、コンシューマ向けハードウェアのセットアップを変更することなく、同じシーンに24人以上のユーザーを没入させることを可能にします。我々は、我々の最適化されたシステムが、高品質のシーン再構築を生成し、これらのライブキャプチャされたシーン内で大人数に没入型視聴体験を提供できることを実証する。
HumanMeshNet: Polygonal Mesh Recovery of Humans,"3D Human Body Reconstruction from a monocular image is an important problem in computer vision with applications in virtual and augmented reality platforms, animation industry, en-commerce domain, etc. While several of the existing works formulate it as a volumetric or parametric learning with complex and indirect reliance on re-projections of the mesh, we would like to focus on implicitly learning the mesh representation. To that end, we propose a novel model, HumanMeshNet, that regresses a template mesh's vertices, as well as receives a regularization by the 3D skeletal locations in a multi-branch, multi-task setup. The image to mesh vertex regression is further regularized by the neighborhood constraint imposed by mesh topology ensuring smooth surface reconstruction. The proposed paradigm can theoretically learn local surface deformations induced by body shape variations and can therefore learn high-resolution meshes going ahead. We show comparable performance with SoA (in terms of surface and joint error) with far lesser computational complexity, modeling cost and therefore real-time reconstructions on three publicly available datasets. We also show the generalizability of the proposed paradigm for a similar task of predicting hand mesh models. Given these initial results, we would like to exploit the mesh topology in an explicit manner going ahead.","['Abbhinav Venkat', 'Chaitanya Patel', 'Yudhik Agrawal', 'Avinash Sharma']",2019-08-19T00:27:24Z,http://arxiv.org/abs/1908.06544v1,['cs.CV'],単眼画像からの3D人体再構成は、コンピュータビジョンにおける重要な問題であり、仮想現実や拡張現実プラットフォーム、アニメーション産業、電子商取引領域などに応用されている。既存のいくつかの研究では、メッシュの再投影に複雑かつ間接的に依存するボリューム学習やパラメトリック学習として定式化されているが、我々はメッシュ表現を暗黙的に学習することに焦点を当てたい。この目的のために、我々は新しいモデル、HumanMeshNetを提案する。このモデルは、テンプレートメッシュの頂点を回帰し、3D骨格位置による正則化を、マルチブランチ・マルチタスクセットアップで受ける。画像からメッシュ頂点への回帰は、滑らかな表面再構成を保証するメッシュトポロジーによって課される近傍制約によってさらに正則化される。提案されたパラダイムは、理論的には、体型の変化によって引き起こされる局所的な表面変形を学習することができ、したがって、高解像度のメッシュを先に学習することができる。我々は、SoAと同等の性能（表面誤差と関節誤差の観点から）を示し、計算複雑度、モデリングコストが遥かに小さく、その結果、3つの一般に利用可能なデータセットにおいてリアルタイム再構成が可能であることを示す。また、手のメッシュモデルを予測する同様のタスクに対して、提案されたパラダイムの一般性を示す。これらの初期結果を踏まえ、我々は今後、メッシュトポロジーを明示的な方法で利用したいと考えている。
"DeProCams: Simultaneous Relighting, Compensation and Shape
  Reconstruction for Projector-Camera Systems","Image-based relighting, projector compensation and depth/normal reconstruction are three important tasks of projector-camera systems (ProCams) and spatial augmented reality (SAR). Although they share a similar pipeline of finding projector-camera image mappings, in tradition, they are addressed independently, sometimes with different prerequisites, devices and sampling images. In practice, this may be cumbersome for SAR applications to address them one-by-one. In this paper, we propose a novel end-to-end trainable model named DeProCams to explicitly learn the photometric and geometric mappings of ProCams, and once trained, DeProCams can be applied simultaneously to the three tasks. DeProCams explicitly decomposes the projector-camera image mappings into three subprocesses: shading attributes estimation, rough direct light estimation and photorealistic neural rendering. A particular challenge addressed by DeProCams is occlusion, for which we exploit epipolar constraint and propose a novel differentiable projector direct light mask. Thus, it can be learned end-to-end along with the other modules. Afterwards, to improve convergence, we apply photometric and geometric constraints such that the intermediate results are plausible. In our experiments, DeProCams shows clear advantages over previous arts with promising quality and meanwhile being fully differentiable. Moreover, by solving the three tasks in a unified model, DeProCams waives the need for additional optical devices, radiometric calibrations and structured light.","['Bingyao Huang', 'Haibin Ling']",2020-03-06T05:49:16Z,http://arxiv.org/abs/2003.03040v2,"['cs.CV', 'cs.GR']",画像ベースのリライティング、プロジェクター補正、奥行き/法線再構成は、プロジェクターカメラシステム（ProCams）と空間拡張現実感（SAR）の3つの重要なタスクです。これらは、プロジェクターとカメラの画像マッピングを求めるという類似のパイプラインを共有していますが、伝統的には、前提条件、デバイス、サンプリング画像が異なることもあり、独立して対処されています。実際には、SARアプリケーションにとって、これらを1つ1つ扱うのは面倒なことかもしれません。本論文では、ProCamsの測光マッピングと幾何学マッピングを明示的に学習するDeProCamsという新しいエンドツーエンドの学習可能なモデルを提案する。DeProCamsは、プロジェクターとカメラの画像マッピングを、シェーディング属性推定、大まかな直接光推定、フォトリアリスティック・ニューラル・レンダリングの3つのサブプロセスに明示的に分解する。DeProCamsが特に取り組む課題はオクルージョンであり、エピポーラ制約を利用し、新しい微分可能なプロジェクター直接光マスクを提案する。したがって、このマスクは他のモジュールとともにエンドツーエンドで学習することができる。その後、収束性を向上させるために、中間結果が妥当となるような測光的・幾何学的制約を適用する。我々の実験では、DeProCamsは、従来の技術に対して明確な優位性を示し、有望な品質を持ち、一方で完全に微分可能である。さらに、統一されたモデルで3つのタスクを解決することにより、DeProCamsは追加の光学装置、ラジオメトリック校正、構造化光の必要性を放棄します。
"An Edge Computing-based Photo Crowdsourcing Framework for Real-time 3D
  Reconstruction","Image-based three-dimensional (3D) reconstruction utilizes a set of photos to build 3D model and can be widely used in many emerging applications such as augmented reality (AR) and disaster recovery. Most of existing 3D reconstruction methods require a mobile user to walk around the target area and reconstruct objectives with a hand-held camera, which is inefficient and time-consuming. To meet the requirements of delay intensive and resource hungry applications in 5G, we propose an edge computing-based photo crowdsourcing (EC-PCS) framework in this paper. The main objective is to collect a set of representative photos from ubiquitous mobile and Internet of Things (IoT) devices at the network edge for real-time 3D model reconstruction, with network resource and monetary cost considerations. Specifically, we first propose a photo pricing mechanism by jointly considering their freshness, resolution and data size. Then, we design a novel photo selection scheme to dynamically select a set of photos with the required target coverage and the minimum monetary cost. We prove the NP-hardness of such problem, and develop an efficient greedy-based approximation algorithm to obtain a near-optimal solution. Moreover, an optimal network resource allocation scheme is presented, in order to minimize the maximum uploading delay of the selected photos to the edge server. Finally, a 3D reconstruction algorithm and a 3D model caching scheme are performed by the edge server in real time. Extensive experimental results based on real-world datasets demonstrate the superior performance of our EC-PCS system over the existing mechanisms.","['Shuai Yu', 'Xu Chen', 'Shuai Wang', 'Lingjun Pu', 'Di Wu']",2020-07-03T09:16:07Z,http://arxiv.org/abs/2007.01562v1,"['cs.NI', 'cs.DC', 'eess.SP']",画像ベースの3次元（3D）再構築は、3Dモデルを構築するために写真のセットを利用し、拡張現実（AR）や災害復旧などの多くの新しいアプリケーションで広く使用することができます。既存の3D再構築手法のほとんどは、モバイルユーザーが対象エリアを歩き回り、手持ちカメラで目標を再構築する必要があり、非効率的で時間がかかる。遅延が多く、リソースを消費する5Gアプリケーションの要件を満たすために、本論文ではエッジコンピューティングベースのフォトクラウドソーシング（EC-PCS）フレームワークを提案する。主な目的は、ネットワークエッジでユビキタスモバイルデバイスやモノのインターネット（IoT）デバイスから代表的な写真のセットを収集し、ネットワークリソースと金銭的コストを考慮したリアルタイムの3Dモデル再構築を行うことである。具体的には、まず、写真の鮮度、解像度、データサイズを考慮した価格設定メカニズムを提案する。次に、必要なターゲットカバレッジと最小の金銭的コストを持つ写真セットを動的に選択する新しい写真選択スキームを設計する。このような問題のNP困難性を証明し、効率的な貪欲ベースの近似アルゴリズムを開発し、最適解に近い解を得る。さらに、選択された写真のエッジサーバーへの最大アップロード遅延を最小化するために、最適なネットワークリソース割り当てスキームを示す。最後に、3D再構成アルゴリズムと3Dモデルキャッシングスキームがエッジサーバーによってリアルタイムで実行される。実世界のデータセットに基づく広範な実験結果は、既存のメカニズムに対する我々のEC-PCSシステムの優れた性能を実証している。
HoliCity: A City-Scale Data Platform for Learning Holistic 3D Structures,"We present HoliCity, a city-scale 3D dataset with rich structural information. Currently, this dataset has 6,300 real-world panoramas of resolution $13312 \times 6656$ that are accurately aligned with the CAD model of downtown London with an area of more than 20 km$^2$, in which the median reprojection error of the alignment of an average image is less than half a degree. This dataset aims to be an all-in-one data platform for research of learning abstracted high-level holistic 3D structures that can be derived from city CAD models, e.g., corners, lines, wireframes, planes, and cuboids, with the ultimate goal of supporting real-world applications including city-scale reconstruction, localization, mapping, and augmented reality. The accurate alignment of the 3D CAD models and panoramas also benefits low-level 3D vision tasks such as surface normal estimation, as the surface normal extracted from previous LiDAR-based datasets is often noisy. We conduct experiments to demonstrate the applications of HoliCity, such as predicting surface segmentation, normal maps, depth maps, and vanishing points, as well as test the generalizability of methods trained on HoliCity and other related datasets. HoliCity is available at https://holicity.io.","['Yichao Zhou', 'Jingwei Huang', 'Xili Dai', 'Shichen Liu', 'Linjie Luo', 'Zhili Chen', 'Yi Ma']",2020-08-07T17:34:47Z,http://arxiv.org/abs/2008.03286v2,['cs.CV'],我々は、豊富な構造情報を持つ都市スケールの3DデータセットHoliCityを紹介する。このデータセットは、20km$^2$以上の面積を持つロンドン市街地のCADモデルと正確に位置合わせされた解像度$13312 ㎤ 6656$の実世界パノラマ画像6300枚を有しており、平均画像の位置合わせの再投影誤差の中央値は半度以下である。このデータセットは、都市CADモデルから得られる抽象化された高レベルの全体的な3D構造（例えば、角、線、ワイヤーフレーム、平面、立方体）を学習する研究のためのオールインワンデータプラットフォームとなることを目指しており、最終的な目標は、都市スケールの再構築、ローカリゼーション、マッピング、拡張現実感などの実世界アプリケーションをサポートすることである。3次元CADモデルとパノラマの正確な位置合わせは、従来のLiDARベースのデータセットから抽出された表面法線はノイズが多いため、表面法線推定のような低レベルの3Dビジョンタスクにも有益である。我々は、HoliCityの応用として、表面分割、法線マップ、深度マップ、消失点の予測などを実証する実験を行うとともに、HoliCityや他の関連データセットで学習した手法の一般化可能性を検証する。HoliCityはhttps://holicity.io。
Attention-based 3D Object Reconstruction from a Single Image,"Recently, learning-based approaches for 3D reconstruction from 2D images have gained popularity due to its modern applications, e.g., 3D printers, autonomous robots, self-driving cars, virtual reality, and augmented reality. The computer vision community has applied a great effort in developing functions to reconstruct the full 3D geometry of objects and scenes. However, to extract image features, they rely on convolutional neural networks, which are ineffective in capturing long-range dependencies. In this paper, we propose to substantially improve Occupancy Networks, a state-of-the-art method for 3D object reconstruction. For such we apply the concept of self-attention within the network's encoder in order to leverage complementary input features rather than those based on local regions, helping the encoder to extract global information. With our approach, we were capable of improving the original work in 5.05% of mesh IoU, 0.83% of Normal Consistency, and more than 10X the Chamfer-L1 distance. We also perform a qualitative study that shows that our approach was able to generate much more consistent meshes, confirming its increased generalization power over the current state-of-the-art.","['Andrey Salvi', 'Nathan Gavenski', 'Eduardo Pooch', 'Felipe Tasoniero', 'Rodrigo Barros']",2020-08-11T14:51:18Z,http://arxiv.org/abs/2008.04738v1,['cs.CV'],近年、2D画像からの3D再構成のための学習ベースのアプローチが、3Dプリンタ、自律型ロボット、自動運転車、仮想現実、拡張現実などの現代的なアプリケーションのために人気を博している。コンピュータビジョンのコミュニティは、物体やシーンの完全な3D形状を再構成する関数の開発に多大な努力を払ってきた。しかし、画像の特徴を抽出するためには、畳み込みニューラルネットワークに頼っており、これは長距離依存関係を捉えるのに有効ではない。本論文では、3D物体再構成のための最先端手法であるオキュパンシーネットワークを大幅に改善することを提案する。そのために、我々はネットワークのエンコーダ内に自己注意の概念を適用し、局所領域に基づく特徴ではなく、補完的な入力特徴を活用することで、エンコーダがグローバルな情報を抽出できるようにする。我々のアプローチにより、メッシュIoUの5.05%、ノーマルコンシステンシの0.83%、Chamfer-L1距離の10倍以上で、オリジナル作品を改善することができた。また、我々のアプローチがより一貫性のあるメッシュを生成できたことを示す定性的な調査も行い、現在の最先端技術よりも汎化能力が向上していることを確認した。
"Pixel-Face: A Large-Scale, High-Resolution Benchmark for 3D Face
  Reconstruction","3D face reconstruction is a fundamental task that can facilitate numerous applications such as robust facial analysis and augmented reality. It is also a challenging task due to the lack of high-quality datasets that can fuel current deep learning-based methods. However, existing datasets are limited in quantity, realisticity and diversity. To circumvent these hurdles, we introduce Pixel-Face, a large-scale, high-resolution and diverse 3D face dataset with massive annotations. Specifically, Pixel-Face contains 855 subjects aging from 18 to 80. Each subject has more than 20 samples with various expressions. Each sample is composed of high-resolution multi-view RGB images and 3D meshes with various expressions. Moreover, we collect precise landmarks annotation and 3D registration result for each data. To demonstrate the advantages of Pixel-Face, we re-parameterize the 3D Morphable Model (3DMM) into Pixel-3DM using the collected data. We show that the obtained Pixel-3DM is better in modeling a wide range of face shapes and expressions. We also carefully benchmark existing 3D face reconstruction methods on our dataset. Moreover, Pixel-Face serves as an effective training source. We observe that the performance of current face reconstruction models significantly improves both on existing benchmarks and Pixel-Face after being fine-tuned using our newly collected data. Extensive experiments demonstrate the effectiveness of Pixel-3DM and the usefulness of Pixel-Face.","['Jiangjing Lyu', 'Xiaobo Li', 'Xiangyu Zhu', 'Cheng Cheng']",2020-08-28T02:22:07Z,http://arxiv.org/abs/2008.12444v3,['cs.CV'],3D顔再構成は、ロバストな顔解析や拡張現実などの数多くのアプリケーションを促進する基本的なタスクである。また、現在のディープラーニングベースの手法に燃料を供給できる高品質なデータセットがないため、困難なタスクでもある。しかし、既存のデータセットは量、現実性、多様性において限られている。これらのハードルを回避するために、我々は大規模で高解像度で多様な3D顔データセットであるPixel-Faceを紹介する。具体的には、Pixel-Faceには18歳から80歳までの855人の被験者が含まれている。各被験者は様々な表情の20以上のサンプルを持つ。各サンプルは、様々な表情の高解像度マルチビューRGB画像と3Dメッシュで構成されている。さらに、各サンプルについて、正確なランドマーク注釈と3Dレジストレーション結果を収集する。Pixel-Faceの利点を実証するために、収集したデータを用いて3D Morphable Model (3DMM)をPixel-3DMに再パラメータ化する。得られたPixel-3DMは、様々な顔の形状と表情をモデル化するのに優れていることを示す。また、既存の3D顔再構成手法を我々のデータセットで注意深くベンチマークする。さらに、Pixel-Faceは効果的なトレーニングソースとして機能する。我々は、新たに収集したデータを用いて微調整した後、既存のベンチマークとPixel-Faceの両方において、現在の顔再構成モデルの性能が大幅に向上することを観察する。広範な実験により、Pixel-3DMの有効性とPixel-Faceの有用性が実証された。
"Improving the generalization of network based relative pose regression:
  dimension reduction as a regularizer","Visual localization occupies an important position in many areas such as Augmented Reality, robotics and 3D reconstruction. The state-of-the-art visual localization methods perform pose estimation using geometry based solver within the RANSAC framework. However, these methods require accurate pixel-level matching at high image resolution, which is hard to satisfy under significant changes from appearance, dynamics or perspective of view. End-to-end learning based regression networks provide a solution to circumvent the requirement for precise pixel-level correspondences, but demonstrate poor performance towards cross-scene generalization. In this paper, we explicitly add a learnable matching layer within the network to isolate the pose regression solver from the absolute image feature values, and apply dimension regularization on both the correlation feature channel and the image scale to further improve performance towards generalization and large viewpoint change. We implement this dimension regularization strategy within a two-layer pyramid based framework to regress the localization results from coarse to fine. In addition, the depth information is fused for absolute translational scale recovery. Through experiments on real world RGBD datasets we validate the effectiveness of our design in terms of improving both generalization performance and robustness towards viewpoint change, and also show the potential of regression based visual localization networks towards challenging occasions that are difficult for geometry based visual localization methods.","['Xiaqing Ding', 'Yue Wang', 'Li Tang', 'Yanmei Jiao', 'Rong Xiong']",2020-10-24T06:20:46Z,http://arxiv.org/abs/2010.12796v1,"['cs.CV', 'cs.RO']",ビジュアル・ローカライゼーションは、拡張現実（Augmented Reality）、ロボット工学、3D再構成など、多くの分野で重要な位置を占めている。最先端の視覚的ローカライゼーション手法は、RANSACフレームワーク内で幾何学ベースのソルバーを用いてポーズ推定を行う。しかし、これらの方法は、高解像度の画像で正確なピクセルレベルのマッチングを必要とし、外観、ダイナミクス、視点が大きく変化した場合に満足させることが難しい。エンドツーエンドの学習に基づく回帰ネットワークは、正確なピクセルレベルの対応付けの要求を回避する解決策を提供するが、シーンをまたいだ汎化に対しては低い性能を示す。本論文では、ポーズ回帰ソルバーを絶対画像特徴値から分離するために、ネットワーク内に学習可能なマッチング層を明示的に追加し、汎化や大きな視点変更に対する性能をさらに改善するために、相関特徴チャネルと画像スケールの両方に次元正則化を適用する。この次元正則化戦略を2層ピラミッドベースのフレームワークで実装し、ローカライゼーションの結果を粗いものから細かいものへと回帰する。さらに、奥行き情報は絶対的な並進スケール回復のために融合される。実世界のRGBDデータセットでの実験を通して、汎化性能と視点変化に対する頑健性の両方を向上させるという点で、我々の設計の有効性を検証し、また、幾何学に基づく視覚的定位手法では困難な状況に対する回帰に基づく視覚的定位ネットワークの可能性を示す。
"Millimeter Wave MIMO based Depth Maps for Wireless Virtual and Augmented
  Reality","Augmented and virtual reality systems (AR/VR) are rapidly becoming key components of the wireless landscape. For immersive AR/VR experience, these devices should be able to construct accurate depth perception of the surrounding environment. Current AR/VR devices rely heavily on using RGB-D depth cameras to achieve this goal. The performance of these depth cameras, however, has clear limitations in several scenarios, such as the cases with shiny objects, dark surfaces, and abrupt color transition among other limitations. In this paper, we propose a novel solution for AR/VR depth map construction using mmWave MIMO communication transceivers. This is motivated by the deployment of advanced mmWave communication systems in future AR/VR devices for meeting the high data rate demands and by the interesting propagation characteristics of mmWave signals. Accounting for the constraints on these systems, we develop a comprehensive framework for constructing accurate and high-resolution depth maps using mmWave systems. In this framework, we developed new sensing beamforming codebook approaches that are specific for the depth map construction objective. Using these codebooks, and leveraging tools from successive interference cancellation, we develop a joint beam processing approach that can construct high-resolution depth maps using practical mmWave antenna arrays. Extensive simulation results highlight the potential of the proposed solution in building accurate depth maps. Further, these simulations show the promising gains of mmWave based depth perception compared to RGB-based approaches in several important use cases.","['Abdelrahman Taha', 'Qi Qu', 'Sam Alex', 'Ping Wang', 'William L. Abbott', 'Ahmed Alkhateeb']",2021-02-11T18:57:58Z,http://arxiv.org/abs/2102.06198v2,"['eess.SP', 'cs.IT', 'math.IT']",拡張現実と仮想現実システム（AR/VR）は、急速にワイヤレス環境の重要な構成要素になりつつある。没入感のあるAR/VR体験のためには、これらのデバイスは周囲の環境の正確な奥行き知覚を構築できなければならない。現在のAR/VRデバイスは、この目標を達成するためにRGB-D深度カメラの使用に大きく依存している。しかし、これらの深度カメラの性能は、光沢のある物体、暗い表面、急激な色遷移など、いくつかのシナリオにおいて明らかな限界がある。本論文では、mmWave MIMO通信トランシーバーを用いたAR/VR深度マップ構築のための新しいソリューションを提案する。これは、将来のAR/VRデバイスに高度なミリ波通信システムが導入され、高いデータレートの要求を満たすためであり、ミリ波信号の興味深い伝搬特性によって動機づけられている。これらのシステムの制約を考慮して、我々は、mmWaveシステムを用いて正確で高解像度の深度マップを構築するための包括的なフレームワークを開発する。このフレームワークでは、深度マップ構築の目的に特化した新しいセンシングビームフォーミングコードブックアプローチを開発した。これらのコードブックを用い、逐次干渉キャンセルのツールを活用し、実用的なmmWaveアンテナアレイを用いて高解像度の深度マップを構築できるジョイントビーム処理アプローチを開発する。広範なシミュレーション結果は、正確な深度マップ構築における提案ソリューションの可能性を強調している。さらに、これらのシミュレーションは、いくつかの重要なユースケースにおいて、RGBベースのアプローチと比較したmmWaveベースの深度知覚の有望な利得を示す。
"FloorLevel-Net: Recognizing Floor-Level Lines with
  Height-Attention-Guided Multi-task Learning","The ability to recognize the position and order of the floor-level lines that divide adjacent building floors can benefit many applications, for example, urban augmented reality (AR). This work tackles the problem of locating floor-level lines in street-view images, using a supervised deep learning approach. Unfortunately, very little data is available for training such a network $-$ current street-view datasets contain either semantic annotations that lack geometric attributes, or rectified facades without perspective priors. To address this issue, we first compile a new dataset and develop a new data augmentation scheme to synthesize training samples by harassing (i) the rich semantics of existing rectified facades and (ii) perspective priors of buildings in diverse street views. Next, we design FloorLevel-Net, a multi-task learning network that associates explicit features of building facades and implicit floor-level lines, along with a height-attention mechanism to help enforce a vertical ordering of floor-level lines. The generated segmentations are then passed to a second-stage geometry post-processing to exploit self-constrained geometric priors for plausible and consistent reconstruction of floor-level lines. Quantitative and qualitative evaluations conducted on assorted facades in existing datasets and street views from Google demonstrate the effectiveness of our approach. Also, we present context-aware image overlay results and show the potentials of our approach in enriching AR-related applications.","['Mengyang Wu', 'Wei Zeng', 'Chi-Wing Fu']",2021-07-06T08:17:59Z,http://arxiv.org/abs/2107.02462v1,['cs.CV'],隣接する建物の階を分割する床レベルの線の位置と順序を認識する能力は、例えば都市の拡張現実（AR）など、多くのアプリケーションに利益をもたらす。この研究では、教師ありディープラーニングアプローチを用いて、ストリートビュー画像における床レベルの線の位置を特定する問題に取り組む。残念ながら、このようなネットワークの学習に利用可能なデータは非常に少ない$-現在のストリートビューデータセットには、幾何学的属性を欠く意味的注釈か、パースペクティブプリオを持たない修正されたファサードが含まれている。この問題に対処するために、我々はまず新しいデータセットをコンパイルし、(i)既存の修正されたファサードの豊富なセマンティクスと(ii)多様なストリートビューの建物のパースペクティブプリオを利用した学習サンプルを合成する新しいデータ増強スキームを開発する。次に、FloorLevel-Netを設計する。FloorLevel-Netは、建物のファサードの明示的な特徴と暗黙的なフロアレベルの線を関連付けるマルチタスク学習ネットワークであり、フロアレベルの線の垂直方向の順序付けを強制するのに役立つ高さ注意メカニズムも備えている。生成されたセグメンテーションは、第2段階のジオメトリポストプロセッシングに渡され、床レベル線のもっともらしく一貫性のある再構成のために、自己拘束されたジオメトリプリオールを利用する。既存のデータセットに含まれる様々なファサードとGoogleのストリートビューに対して行われた定量的・定性的評価により、本アプローチの有効性が実証された。また、コンテキストを考慮した画像オーバーレイの結果を示し、AR関連アプリケーションの充実における我々のアプローチの可能性を示す。
"CodeMapping: Real-Time Dense Mapping for Sparse SLAM using Compact Scene
  Representations","We propose a novel dense mapping framework for sparse visual SLAM systems which leverages a compact scene representation. State-of-the-art sparse visual SLAM systems provide accurate and reliable estimates of the camera trajectory and locations of landmarks. While these sparse maps are useful for localization, they cannot be used for other tasks such as obstacle avoidance or scene understanding. In this paper we propose a dense mapping framework to complement sparse visual SLAM systems which takes as input the camera poses, keyframes and sparse points produced by the SLAM system and predicts a dense depth image for every keyframe. We build on CodeSLAM and use a variational autoencoder (VAE) which is conditioned on intensity, sparse depth and reprojection error images from sparse SLAM to predict an uncertainty-aware dense depth map. The use of a VAE then enables us to refine the dense depth images through multi-view optimization which improves the consistency of overlapping frames. Our mapper runs in a separate thread in parallel to the SLAM system in a loosely coupled manner. This flexible design allows for integration with arbitrary metric sparse SLAM systems without delaying the main SLAM process. Our dense mapper can be used not only for local mapping but also globally consistent dense 3D reconstruction through TSDF fusion. We demonstrate our system running with ORB-SLAM3 and show accurate dense depth estimation which could enable applications such as robotics and augmented reality.","['Hidenobu Matsuki', 'Raluca Scona', 'Jan Czarnowski', 'Andrew J. Davison']",2021-07-19T16:13:18Z,http://arxiv.org/abs/2107.08994v1,"['cs.CV', 'cs.RO']",我々は、コンパクトなシーン表現を活用した、スパース視覚SLAMシステムのための新しい密なマッピングフレームワークを提案する。最先端のスパース視覚SLAMシステムは、カメラの軌跡とランドマークの位置の正確で信頼できる推定値を提供する。これらのスパースマップはローカライゼーションには有用であるが、障害物回避やシーン理解などの他のタスクには利用できない。本論文では、SLAMシステムによって生成されたカメラポーズ、キーフレーム、スパースポイントを入力とし、全てのキーフレームに対して密な深度画像を予測する、スパース視覚SLAMシステムを補完する密なマッピングフレームワークを提案する。CodeSLAMをベースとし、不確かさを考慮した密な深度マップを予測するために、スパースSLAMからの強度、スパース深度、再投影誤差画像を条件とする変分オートエンコーダ（VAE）を使用する。VAEを使用することで、オーバーラップするフレームの一貫性を向上させるマルチビュー最適化により、密な深度画像を洗練させることができる。我々のマッパーは、SLAMシステムと並行して、疎結合方式で別のスレッドで実行される。この柔軟な設計により、メインのSLAMプロセスを遅延させることなく、任意のメトリックのスパースSLAMシステムと統合することができる。我々の密なマッパーは、局所的なマッピングだけでなく、TSDFフュージョンによる大域的に一貫した密な3D再構成にも使用できる。我々は、ORB-SLAM3で動作するシステムを実証し、ロボット工学や拡張現実感などのアプリケーションを可能にする正確な密な深度推定を示す。
Object Wake-up: 3D Object Rigging from a Single Image,"Given a single image of a general object such as a chair, could we also restore its articulated 3D shape similar to human modeling, so as to animate its plausible articulations and diverse motions? This is an interesting new question that may have numerous downstream augmented reality and virtual reality applications. Comparing with previous efforts on object manipulation, our work goes beyond 2D manipulation and rigid deformation, and involves articulated manipulation. To achieve this goal, we propose an automated approach to build such 3D generic objects from single images and embed articulated skeletons in them. Specifically, our framework starts by reconstructing the 3D object from an input image. Afterwards, to extract skeletons for generic 3D objects, we develop a novel skeleton prediction method with a multi-head structure for skeleton probability field estimation by utilizing the deep implicit functions. A dataset of generic 3D objects with ground-truth annotated skeletons is collected. Empirically our approach is demonstrated with satisfactory performance on public datasets as well as our in-house dataset; our results surpass those of the state-of-the-arts by a noticeable margin on both 3D reconstruction and skeleton prediction.","['Ji Yang', 'Xinxin Zuo', 'Sen Wang', 'Zhenbo Yu', 'Xingyu Li', 'Bingbing Ni', 'Minglun Gong', 'Li Cheng']",2021-08-05T16:20:12Z,http://arxiv.org/abs/2108.02708v3,['cs.CV'],椅子のような一般的な物体の1つの画像があれば、その関節のある3D形状を人間のモデリングと同様に復元し、もっともらしい関節の動きや多様な動きをアニメーション化できるだろうか？これは、拡張現実感やバーチャルリアリティへの応用が期待される、興味深い新しい問題である。オブジェクト操作に関するこれまでの取り組みと比較すると、我々の研究は、2次元操作や剛体変形にとどまらず、多関節操作を含んでいる。この目標を達成するために、我々は、1枚の画像からこのような3D汎用オブジェクトを構築し、その中に多関節スケルトンを埋め込む自動化アプローチを提案する。具体的には、我々のフレームワークは、入力画像から3Dオブジェクトを再構成することから始める。その後、汎用3Dオブジェクトの骨格を抽出するために、深い陰関数を利用した骨格確率場推定のための多頭構造を持つ新しい骨格予測手法を開発する。グランドトゥルースでアノテーションされた骨格を持つ一般的な3Dオブジェクトのデータセットを収集する。経験的に、我々のアプローチは、公開データセットと我々の社内データセットで満足のいく性能を実証し、我々の結果は、3D再構成と骨格予測の両方で、顕著なマージンをもって、最先端技術の結果を上回る。
"Category-Level 6D Object Pose Estimation via Cascaded Relation and
  Recurrent Reconstruction Networks","Category-level 6D pose estimation, aiming to predict the location and orientation of unseen object instances, is fundamental to many scenarios such as robotic manipulation and augmented reality, yet still remains unsolved. Precisely recovering instance 3D model in the canonical space and accurately matching it with the observation is an essential point when estimating 6D pose for unseen objects. In this paper, we achieve accurate category-level 6D pose estimation via cascaded relation and recurrent reconstruction networks. Specifically, a novel cascaded relation network is dedicated for advanced representation learning to explore the complex and informative relations among instance RGB image, instance point cloud and category shape prior. Furthermore, we design a recurrent reconstruction network for iterative residual refinement to progressively improve the reconstruction and correspondence estimations from coarse to fine. Finally, the instance 6D pose is obtained leveraging the estimated dense correspondences between the instance point cloud and the reconstructed 3D model in the canonical space. We have conducted extensive experiments on two well-acknowledged benchmarks of category-level 6D pose estimation, with significant performance improvement over existing approaches. On the representatively strict evaluation metrics of $3D_{75}$ and $5^{\circ}2 cm$, our method exceeds the latest state-of-the-art SPD by $4.9\%$ and $17.7\%$ on the CAMERA25 dataset, and by $2.7\%$ and $8.5\%$ on the REAL275 dataset. Codes are available at https://wangjiaze.cn/projects/6DPoseEstimation.html.","['Jiaze Wang', 'Kai Chen', 'Qi Dou']",2021-08-19T15:46:52Z,http://arxiv.org/abs/2108.08755v1,['cs.CV'],カテゴリレベルの6次元姿勢推定は、未知のオブジェクトインスタンスの位置と向きを予測することを目的とし、ロボット操作や拡張現実などの多くのシナリオの基本であるが、まだ未解決のままである。正準空間におけるインスタンス3Dモデルを正確に復元し、観測結果と正確にマッチングさせることは、未見物体の6次元姿勢を推定する際に不可欠なポイントである。本論文では、カスケード関係ネットワークとリカレント再構成ネットワークを用いて、正確なカテゴリレベルの6次元姿勢推定を実現する。具体的には、インスタンスRGB画像、インスタンス点群、カテゴリ形状事前分布の間の複雑で有益な関係を探索するための、高度な表現学習のための新しいカスケード関係ネットワークを用いる。さらに、再構成と対応関係の推定を粗いものから細かいものへと漸進的に改善するために、繰り返し残差精密化のためのリカレント再構成ネットワークを設計する。最後に、正準空間におけるインスタンス点群と再構成された3Dモデルとの間の密な対応関係を推定することにより、インスタンスの6Dポーズを得る。我々は、カテゴリレベルの6Dポーズ推定に関する、よく知られた2つのベンチマークに対して広範な実験を行い、既存のアプローチよりも大幅に性能を向上させた。3D_{75}$と$5^{circ}2 cm$という代表的に厳密な評価基準において、本手法は、CAMERA25データセットにおいて、最新のSPDを$4.9%・$17.7%・$、REAL275データセットにおいて、$2.7%・$8.5%・$上回る。コードはhttps://wangjiaze.cn/projects/6DPoseEstimation.html。
"A Multiple-View Geometric Model for Specularity Prediction on General
  Curved Surfaces","Specularity prediction is essential to many computer vision applications, giving important visual cues usable in Augmented Reality (AR), Simultaneous Localisation and Mapping (SLAM), 3D reconstruction and material modeling. However, it is a challenging task requiring numerous information from the scene including the camera pose, the geometry of the scene, the light sources and the material properties. Our previous work addressed this task by creating an explicit model using an ellipsoid whose projection fits the specularity image contours for a given camera pose. These ellipsoid-based approaches belong to a family of models called JOint-LIght MAterial Specularity (JOLIMAS), which we have gradually improved by removing assumptions on the scene geometry. However, our most recent approach is still limited to uniformly curved surfaces. This paper generalises JOLIMAS to any surface geometry while improving the quality of specularity prediction, without sacrificing computation performances. The proposed method establishes a link between surface curvature and specularity shape in order to lift the geometric assumptions made in previous work. Contrary to previous work, our new model is built from a physics-based local illumination model namely Torrance-Sparrow, providing an improved reconstruction. Specularity prediction using our new model is tested against the most recent JOLIMAS version on both synthetic and real sequences with objects of various general shapes. Our method outperforms previous approaches in specularity prediction, including the real-time setup, as shown in the supplementary videos.","['Alexandre Morgand', 'Mohamed Tamaazousti', 'Adrien Bartoli']",2021-08-20T21:21:26Z,http://arxiv.org/abs/2108.09378v2,"['cs.CV', 'cs.GR']",スペキュラリティ予測は、拡張現実感（AR）、同時位置決めマッピング（SLAM）、3D再構成、マテリアルモデリングで使用可能な重要な視覚的手がかりを与え、多くのコンピュータビジョンアプリケーションに不可欠である。しかし、これはカメラのポーズ、シーンの形状、光源、材料の特性など、シーンから多くの情報を必要とする困難なタスクです。私たちの以前の研究では、与えられたカメラポーズに対して、投影が鏡面画像輪郭に適合する楕円体を用いて明示的モデルを作成することで、このタスクに取り組んできました。これらの楕円体ベースのアプローチは、JOint-LIght MAterial Specularity (JOLIMAS)と呼ばれるモデルファミリーに属します。しかし、我々の最新のアプローチはまだ一様な曲面に限定されている。本論文では、計算性能を犠牲にすることなく、鏡面反射率予測の質を向上させながら、JOLIMASをあらゆる表面形状に一般化する。提案手法は、従来の研究でなされた幾何学的仮定を解除するために、表面の曲率と鏡面形状の間のリンクを確立する。従来の研究とは異なり、我々の新しいモデルは物理ベースの局所照明モデル、すなわちTorrance-Sparrowから構築され、より改善された再構成を提供する。我々の新しいモデルを用いたスペキュラリティ予測は、様々な一般的な形状のオブジェクトを持つ合成シーケンスと実シーケンスの両方において、最新のJOLIMASバージョンに対してテストされた。我々の方法は、補足ビデオに示すように、リアルタイムのセットアップを含め、鏡面度予測において以前のアプローチを凌駕する。
"Neural Étendue Expander for Ultra-Wide-Angle High-Fidelity
  Holographic Display","Holographic displays can generate light fields by dynamically modulating the wavefront of a coherent beam of light using a spatial light modulator, promising rich virtual and augmented reality applications. However, the limited spatial resolution of existing dynamic spatial light modulators imposes a tight bound on the diffraction angle. As a result, modern holographic displays possess low \'{e}tendue, which is the product of the display area and the maximum solid angle of diffracted light. The low \'{e}tendue forces a sacrifice of either the field-of-view (FOV) or the display size. In this work, we lift this limitation by presenting neural \'{e}tendue expanders. This new breed of optical elements, which is learned from a natural image dataset, enables higher diffraction angles for ultra-wide FOV while maintaining both a compact form factor and the fidelity of displayed contents to human viewers. With neural \'{e}tendue expanders, we experimentally achieve 64$\times$ \'{e}tendue expansion of natural images in full color, expanding the FOV by an order of magnitude horizontally and vertically, with high-fidelity reconstruction quality (measured in PSNR) over 29 dB on retinal-resolution images.","['Ethan Tseng', 'Grace Kuo', 'Seung-Hwan Baek', 'Nathan Matsuda', 'Andrew Maimone', 'Florian Schiffers', 'Praneeth Chakravarthula', 'Qiang Fu', 'Wolfgang Heidrich', 'Douglas Lanman', 'Felix Heide']",2021-09-16T17:21:52Z,http://arxiv.org/abs/2109.08123v4,"['eess.IV', 'cs.CV', 'physics.optics']","ホログラフィック・ディスプレイは、空間光変調器を用いてコヒーレントな光ビームの波面を動的に変調することで光場を生成することができ、豊かな仮想現実や拡張現実の応用が期待されている。しかし、既存の動的空間光変調器の限られた空間分解能は、回折角に厳しい制限を課している。その結果、最新のホログラフィック・ディスプレイは、ディスプレイ面積と回折光の最大立体角の積である低い ""e ""テンデューを有しています。e}テンデューが低いため、視野角（FOV）かディスプレイサイズのどちらかを犠牲にせざるを得ません。この研究において、私たちは神経用テンデューエキスパンダを提示することで、この制限を解除します。この新しい種類の光学素子は、自然画像データセットから学習され、コンパクトなフォームファクターと表示されたコンテンツの人間の視聴者への忠実度の両方を維持しながら、超広視野角のためのより高い回折角を可能にします。我々は、ニューロ・⾊⾊拡張素⼦を使⽤して、フルカラーの⾃然画像の64倍⾊の⾊拡張を実験的に実現し、FOVを水平・垂直方向に⼀桁拡⼤し、網膜解像度の画像で29dB以上の⾼忠実な再構成品質（PSNRで測定）を得ました。"
PoseKernelLifter: Metric Lifting of 3D Human Pose using Sound,"Reconstructing the 3D pose of a person in metric scale from a single view image is a geometrically ill-posed problem. For example, we can not measure the exact distance of a person to the camera from a single view image without additional scene assumptions (e.g., known height). Existing learning based approaches circumvent this issue by reconstructing the 3D pose up to scale. However, there are many applications such as virtual telepresence, robotics, and augmented reality that require metric scale reconstruction. In this paper, we show that audio signals recorded along with an image, provide complementary information to reconstruct the metric 3D pose of the person.   The key insight is that as the audio signals traverse across the 3D space, their interactions with the body provide metric information about the body's pose. Based on this insight, we introduce a time-invariant transfer function called pose kernel -- the impulse response of audio signals induced by the body pose. The main properties of the pose kernel are that (1) its envelope highly correlates with 3D pose, (2) the time response corresponds to arrival time, indicating the metric distance to the microphone, and (3) it is invariant to changes in the scene geometry configurations. Therefore, it is readily generalizable to unseen scenes. We design a multi-stage 3D CNN that fuses audio and visual signals and learns to reconstruct 3D pose in a metric scale. We show that our multi-modal method produces accurate metric reconstruction in real world scenes, which is not possible with state-of-the-art lifting approaches including parametric mesh regression and depth regression.","['Zhijian Yang', 'Xiaoran Fan', 'Volkan Isler', 'Hyun Soo Park']",2021-12-01T01:34:56Z,http://arxiv.org/abs/2112.00216v2,"['cs.CV', 'cs.SD', 'eess.AS']",シングルビュー画像からメトリックスケールで人物の3Dポーズを再構築することは、幾何学的に非ポーズ問題です。例えば、シーンの仮定（例えば既知の身長）を追加しなければ、シングルビュー画像からカメラに対する人物の正確な距離を測定することはできません。既存の学習ベースのアプローチは、3Dポーズをスケールアップして再構成することで、この問題を回避している。しかし、仮想テレプレゼンス、ロボット工学、拡張現実など、メトリックスケールの再構成を必要とするアプリケーションは多い。本論文では、画像とともに記録された音声信号が、人物のメトリック3Dポーズを再構成するための補完的な情報を提供することを示す。   重要な洞察は、音声信号が3D空間を横断する際に、身体との相互作用により、身体のポーズに関するメトリック情報が得られることである。この洞察に基づき、我々はポーズカーネルと呼ばれる時間不変の伝達関数を導入します。ポーズカーネルの主な特性は、(1)その包絡線が3次元ポーズと高い相関を持つこと、(2)時間応答が到着時間に対応し、マイクロホンまでのメトリック距離を示すこと、(3)シーン形状の構成の変化に対して不変であること、である。したがって、未知のシーンにも容易に一般化できる。我々は、音声信号と視覚信号を融合し、3Dポーズをメトリックスケールで再構成するように学習する多段3D CNNを設計する。パラメトリックメッシュ回帰や深度回帰を含む最新のリフティングアプローチでは不可能である、実世界のシーンにおいて、我々のマルチモーダル手法が正確なメトリック再構成を行うことを示す。
Volumetric Disentanglement for 3D Scene Manipulation,"Recently, advances in differential volumetric rendering enabled significant breakthroughs in the photo-realistic and fine-detailed reconstruction of complex 3D scenes, which is key for many virtual reality applications. However, in the context of augmented reality, one may also wish to effect semantic manipulations or augmentations of objects within a scene. To this end, we propose a volumetric framework for (i) disentangling or separating, the volumetric representation of a given foreground object from the background, and (ii) semantically manipulating the foreground object, as well as the background. Our framework takes as input a set of 2D masks specifying the desired foreground object for training views, together with the associated 2D views and poses, and produces a foreground-background disentanglement that respects the surrounding illumination, reflections, and partial occlusions, which can be applied to both training and novel views. Our method enables the separate control of pixel color and depth as well as 3D similarity transformations of both the foreground and background objects. We subsequently demonstrate the applicability of our framework on a number of downstream manipulation tasks including object camouflage, non-negative 3D object inpainting, 3D object translation, 3D object inpainting, and 3D text-based object manipulation. Full results are given in our project webpage at https://sagiebenaim.github.io/volumetric-disentanglement/","['Sagie Benaim', 'Frederik Warburg', 'Peter Ebert Christensen', 'Serge Belongie']",2022-06-06T17:57:07Z,http://arxiv.org/abs/2206.02776v1,['cs.CV'],近年、ディファレンシャル・ボリューメトリック・レンダリングの進歩により、複雑な3Dシーンのフォト・リアリスティックで精細な再構成が飛躍的に向上した。しかし、拡張現実感の文脈では、シーン内のオブジェクトの意味的操作や拡張を行いたい場合もある。この目的のために、我々は、(i)背景から与えられた前景オブジェクトの体積表現を分離し、(ii)背景と同様に前景オブジェクトを意味的に操作するための体積フレームワークを提案する。私たちのフレームワークは、トレーニングビューのための望ましい前景オブジェクトを指定する2Dマスクのセットを、関連する2Dビューとポーズとともに入力として受け取り、周囲の照明、反射、部分的なオクルージョンを尊重する前景-背景分離を生成します。本手法は、前景オブジェクトと背景オブジェクトの3次元類似性変換だけでなく、ピクセルの色と奥行きを別々に制御することが可能である。続いて、オブジェクトカモフラージュ、非負3Dオブジェクトインペインティング、3Dオブジェクトトランスレーション、3Dオブジェクトインペインティング、3Dテキストベースオブジェクトマニュピュレーションを含む、多くのダウンストリームマニュピュレーションタスクにおいて、我々のフレームワークの適用可能性を実証する。全結果は、我々のプロジェクトのウェブページ（https://sagiebenaim.github.io/volumetric-disentanglement/）に掲載されている。
"Microservice Architecture Reconstruction and Visualization Techniques: A
  Review","Microservice system solutions are driving digital transformation; however, fundamental tools and system perspectives are missing to better observe, understand, and manage these systems, their properties, and their dependencies. Microservices architecture leads towards decentralization, which implies many advantages to system operation; it, however, brings challenges to their development. Microservice systems often lack a system-centric perspective that would help engineers better cope with system evolution and quality assessment. In this work, we explored microservice-specific architecture reconstruction based on static analysis. Such reconstruction typically results in system models to visualize selected system-centric perspectives. Conventional models involve 2D methods; however, these methods are limited in utility when services proliferate. We considered various architectural perspectives relevant to microservices and assessed the relevancy of the traditional method, comparing it to alternative data visualization using 3D space. As a representative of the 3D method, we considered a 3D graph model presented in augmented reality. To begin testing the feasibility of deriving such perspectives from microservice systems, we developed and implemented prototype tools for software architecture reconstruction and visualization of compared perspectives. Using these prototypes, we performed a small user study with software practitioners to highlight the potentials and limitations of these innovative visualizations used for common practitioner reasoning and tasks.","['Tomas Cerny', 'Amr S. Abdelfattah', 'Vincent Bushong', 'Abdullah Al Maruf', 'Davide Taibi']",2022-07-06T21:45:33Z,http://arxiv.org/abs/2207.02988v2,['cs.SE'],マイクロサービス・システム・ソリューションはデジタルトランスフォーメーションを推進しているが、これらのシステム、その特性、依存関係をよりよく観察、理解、管理するための基本的なツールやシステム視点が欠けている。マイクロサービス・アーキテクチャは分散化をもたらし、システム運用に多くの利点をもたらします。マイクロサービスシステムには、エンジニアがシステムの進化や品質評価にうまく対処できるような、システム中心の視点が欠けていることが多い。本研究では、静的解析に基づくマイクロサービス固有のアーキテクチャ再構築について検討した。このような再構築は、通常、選択されたシステム中心の視点を視覚化するためのシステムモデルに帰結する。従来のモデルには2次元的な手法が用いられているが、サービスが大量に存在する場合、これらの手法の有用性には限界がある。私たちは、マイクロサービスに関連するさまざまなアーキテクチャの視点を検討し、3D空間を使用した代替のデータ可視化と比較しながら、従来の手法の妥当性を評価しました。3D手法の代表として、拡張現実（AR）で表示される3Dグラフモデルを検討した。マイクロサービス・システムからこのようなパースペクティブを導き出すことの実現可能性をテストし始めるために、ソフトウェア・アーキテクチャの再構築と比較されたパースペクティブの視覚化のためのプロトタイプ・ツールを開発し、実装した。これらのプロトタイプを使用して、ソフトウェア実務者を対象とした小規模なユーザー調査を実施し、実務者の一般的な推論やタスクに使用されるこれらの革新的な可視化の可能性と限界を明らかにした。
Student Research Abstract: Microservices-based Systems Visualization,"The evolution of decentralized microservice-based systems is challenging. These challenges are classified into static and dynamic categories. Regarding the static perspective, documenting and visualizing the fluid application topology is something few have been able to accomplish. Building an architecture map of services design is a complicated task in its interpretation rather than construction. Therefore, the system-centric and up-to-date view became essential for such distributed systems. The dynamic perspective considers the process of investigation and service path detection. Therefore performing root cause analysis is a burdening task; such that tracing data is needed to be put in the right context to facilitate the investigation. Moreover, visualizing these traces over the traditional visualization techniques couldn't be feasible with the large number of microservices involved in the system. This paper proposes a visualization concept for microservices-based systems using the Augmented Reality (AR) technique, which merges these static and dynamic behaviors into a single centric view. In addition, we challenge the difficulty related to tracing and debugging an issue in such distributed systems. This concept is designed to work as a dynamic documentation and traceability platform for these systems. A proof of concept and a research study are implemented to show the viability and success of this proposal.",['Amr S. Abdelfattah'],2022-07-23T21:05:20Z,http://arxiv.org/abs/2207.12998v1,['cs.SE'],分散型マイクロサービス・ベースのシステムの進化は挑戦的である。これらの課題は、静的なカテゴリーと動的なカテゴリーに分類される。静的な観点については、流動的なアプリケーションのトポロジーを文書化し、可視化することは、ほとんど達成できていない。サービス設計のアーキテクチャマップの構築は、構築というよりも、その解釈において複雑な作業である。そのため、このような分散システムでは、システム中心の最新の視点が不可欠となった。動的な視点は、調査とサービスパスの検出のプロセスを考慮する。そのため、根本原因分析を行うことは負担の大きい作業であり、調査を容易にするためにトレースデータを適切な文脈に置く必要がある。さらに、従来の可視化技術でこれらのトレースを可視化することは、システムに含まれる多数のマイクロサービスでは実現不可能でした。本論文では、拡張現実（AR）技術を使用して、マイクロサービスベースのシステムのための可視化コンセプトを提案します。さらに、このような分散システムにおける問題のトレースとデバッグに関連する困難に挑戦する。このコンセプトは、このようなシステムの動的なドキュメンテーションとトレーサビリティ・プラットフォームとして機能するように設計されている。この提案の実行可能性と成功を示すために、概念実証と調査研究を実施する。
Realistic Hair Synthesis with Generative Adversarial Networks,"Recent successes in generative modeling have accelerated studies on this subject and attracted the attention of researchers. One of the most important methods used to achieve this success is Generative Adversarial Networks (GANs). It has many application areas such as; virtual reality (VR), augmented reality (AR), super resolution, image enhancement. Despite the recent advances in hair synthesis and style transfer using deep learning and generative modelling, due to the complex nature of hair still contains unsolved challenges. The methods proposed in the literature to solve this problem generally focus on making high-quality hair edits on images. In this thesis, a generative adversarial network method is proposed to solve the hair synthesis problem. While developing this method, it is aimed to achieve real-time hair synthesis while achieving visual outputs that compete with the best methods in the literature. The proposed method was trained with the FFHQ dataset and then its results in hair style transfer and hair reconstruction tasks were evaluated. The results obtained in these tasks and the operating time of the method were compared with MichiGAN, one of the best methods in the literature. The comparison was made at a resolution of 128x128. As a result of the comparison, it has been shown that the proposed method achieves competitive results with MichiGAN in terms of realistic hair synthesis, and performs better in terms of operating time.","['Muhammed Pektas', 'Aybars Ugur']",2022-09-13T11:48:26Z,http://arxiv.org/abs/2209.12875v1,"['cs.GR', 'cs.CV']",近年の生成モデリングの成功は、このテーマの研究を加速させ、研究者の注目を集めている。この成功を達成するために使用される最も重要な手法の1つが、Generative Adversarial Networks（GAN）である。GANは、仮想現実（VR）、拡張現実（AR）、超解像、画像強調など、多くの応用分野がある。近年、ディープラーニングと生成モデリングを用いた髪の合成とスタイル変換が進歩したにもかかわらず、髪の複雑な性質のため、まだ未解決の課題が残っている。この問題を解決するために文献で提案されている方法は、一般的に画像上で高品質な髪の編集を行うことに焦点を当てている。本論文では、毛髪合成問題を解決するために、生成的敵対ネットワーク法を提案する。本手法を開発する一方で、文献中の最良の手法に匹敵する視覚的出力を達成しつつ、リアルタイムの毛髪合成を実現することを目指した。提案手法は、FFHQデータセットを用いて学習され、その後、ヘアスタイルの転送と髪の再構成タスクにおける結果が評価された。これらのタスクで得られた結果と本手法の動作時間を、文献で最も優れた手法の一つであるMichiGANと比較した。比較は128x128の解像度で行った。比較の結果、提案手法は現実的な毛髪合成においてMichiGANと遜色のない結果を達成し、動作時間の点でも優れていることが示された。
"A Novel Light Field Coding Scheme Based on Deep Belief Network &
  Weighted Binary Images for Additive Layered Displays","Light-field displays create an immersive experience by providing binocular depth sensation and motion parallax. Stacking light attenuating layers is one approach to implement a light field display with a broader depth of field, wide viewing angles and high resolution. Due to the transparent holographic optical element (HOE) layers, additive layered displays can be integrated into augmented reality (AR) wearables to overlay virtual objects onto the real world, creating a seamless mixed reality (XR) experience. This paper proposes a novel framework for light field representation and coding that utilizes Deep Belief Network (DBN) and weighted binary images suitable for additive layered displays. The weighted binary representation of layers makes the framework more flexible for adaptive bitrate encoding. The framework effectively captures intrinsic redundancies in the light field data, and thus provides a scalable solution for light field coding suitable for XR display applications. The latent code is encoded by H.265 codec generating a rate-scalable bit-stream. We achieve adaptive bitrate decoding by varying the number of weighted binary images and the H.265 quantization parameter, while maintaining an optimal reconstruction quality. The framework is tested on real and synthetic benchmark datasets, and the results validate the rate-scalable property of the proposed scheme.","['Sally Khaidem', 'Mansi Sharma']",2022-10-04T08:18:06Z,http://arxiv.org/abs/2210.01447v2,"['cs.CV', 'eess.IV']",ライトフィールドディスプレイは、両眼の奥行き感覚と運動視差を提供することで、没入感を生み出します。光減衰層を積層することは、より広い被写界深度、広視野角、高解像度を持つライトフィールドディスプレイを実現する1つのアプローチである。透明なホログラフィック光学素子（HOE）層により、加法積層ディスプレイを拡張現実（AR）ウェアラブルに組み込んで、仮想オブジェクトを現実世界にオーバーレイし、シームレスな複合現実（XR）体験を作り出すことができる。本稿では、ディープ・ビリーフ・ネットワーク（Deep Belief Network：DBN）と加重2値画像を利用した、ライトフィールド表現と符号化のための新しいフレームワークを提案する。レイヤーの重み付き2値表現により、フレームワークは適応ビットレートエンコーディングに対してより柔軟になる。このフレームワークは、ライトフィールドデータに内在する冗長性を効果的に捉え、XRディスプレイアプリケーションに適したライトフィールドコーディングのためのスケーラブルなソリューションを提供する。潜在符号はH.265コーデックによって符号化され、レートスケーラブルなビットストリームを生成する。我々は、最適な再構成品質を維持しながら、重み付けされた2値画像の数とH.265量子化パラメータを変化させることにより、適応的なビットレート復号化を実現する。本フレームワークを実データセットと合成ベンチマークデータセットでテストし、提案方式のレートスケーラブルな特性を検証する。
"THOR-Net: End-to-end Graformer-based Realistic Two Hands and Object
  Reconstruction with Self-supervision","Realistic reconstruction of two hands interacting with objects is a new and challenging problem that is essential for building personalized Virtual and Augmented Reality environments. Graph Convolutional networks (GCNs) allow for the preservation of the topologies of hands poses and shapes by modeling them as a graph. In this work, we propose the THOR-Net which combines the power of GCNs, Transformer, and self-supervision to realistically reconstruct two hands and an object from a single RGB image. Our network comprises two stages; namely the features extraction stage and the reconstruction stage. In the features extraction stage, a Keypoint RCNN is used to extract 2D poses, features maps, heatmaps, and bounding boxes from a monocular RGB image. Thereafter, this 2D information is modeled as two graphs and passed to the two branches of the reconstruction stage. The shape reconstruction branch estimates meshes of two hands and an object using our novel coarse-to-fine GraFormer shape network. The 3D poses of the hands and objects are reconstructed by the other branch using a GraFormer network. Finally, a self-supervised photometric loss is used to directly regress the realistic textured of each vertex in the hands' meshes. Our approach achieves State-of-the-art results in Hand shape estimation on the HO-3D dataset (10.0mm) exceeding ArtiBoost (10.8mm). It also surpasses other methods in hand pose estimation on the challenging two hands and object (H2O) dataset by 5mm on the left-hand pose and 1 mm on the right-hand pose.","['Ahmed Tawfik Aboukhadra', 'Jameel Malik', 'Ahmed Elhayek', 'Nadia Robertini', 'Didier Stricker']",2022-10-25T09:18:50Z,http://arxiv.org/abs/2210.13853v1,['cs.CV'],オブジェクトと相互作用する両手のリアルな再現は、パーソナライズされた仮想現実や拡張現実の環境を構築するために不可欠な、新しく挑戦的な問題である。グラフ畳み込みネットワーク（GCN）は、手のポーズや形状をグラフとしてモデル化することで、そのトポロジーを保持することを可能にします。本研究では、1枚のRGB画像から2本の手と1つの物体をリアルに再構成するために、GCN、Transformer、および自己監視の力を組み合わせたTHOR-Netを提案する。このネットワークは、特徴抽出ステージと再構成ステージの2つのステージから構成されます。特徴抽出段階では、キーポイントRCNNを用いて、単眼RGB画像から2次元ポーズ、特徴マップ、ヒートマップ、バウンディングボックスを抽出する。その後、この2次元情報は2つのグラフとしてモデル化され、再構成段階の2つのブランチに渡される。形状再構成のブランチでは、GraFormerが開発した粗目から細目までの形状ネットワークを用いて、2つの手と1つの物体のメッシュを推定する。手と物体の3Dポーズは、GraFormerネットワークを用いてもう一方のブランチによって再構成される。最後に、自己教師付き測光損失を用いて、手のメッシュの各頂点のリアルなテクスチャを直接回帰する。我々のアプローチは、HO-3Dデータセットにおける手の形状推定において、ArtiBoost（10.8mm）を上回る最先端の結果（10.0mm）を達成した。また、難易度の高い両手と物体(H2O)データセットにおける手のポーズ推定においても、左手のポーズで5mm、右手のポーズで1mm、他の手法を上回る結果を得た。
Automated Reconstruction of 3D Open Surfaces from Sparse Point Clouds,"Real-world 3D data may contain intricate details defined by salient surface gaps. Automated reconstruction of these open surfaces (e.g., non-watertight meshes) is a challenging problem for environment synthesis in mixed reality applications. Current learning-based implicit techniques can achieve high fidelity on closed-surface reconstruction. However, their dependence on the distinction between the inside and outside of a surface makes them incapable of reconstructing open surfaces. Recently, a new class of implicit functions have shown promise in reconstructing open surfaces by regressing an unsigned distance field. Yet, these methods rely on a discretized representation of the raw data, which loses important surface details and can lead to outliers in the reconstruction. We propose IPVNet, a learning-based implicit model that predicts the unsigned distance between a surface and a query point in 3D space by leveraging both raw point cloud data and its discretized voxel counterpart. Experiments on synthetic and real-world public datasets demonstrates that IPVNet outperforms the state of the art while producing far fewer outliers in the reconstruction.","['Mohammad Samiul Arshad', 'William J. Beksi']",2022-10-26T22:02:45Z,http://arxiv.org/abs/2210.15059v2,"['cs.CV', 'cs.GR']",実世界の3Dデータには、顕著な表面の隙間によって定義される複雑な詳細が含まれている場合がある。このようなオープンサーフェス（例えば、非水密メッシュ）の自動再構成は、複合現実感アプリケーションにおける環境合成にとって困難な問題である。現在の学習ベースの暗黙的手法は、閉曲面の再構成において高い忠実度を達成することができる。しかし、それらはサーフェスの内側と外側の区別に依存しているため、開いたサーフェスを再構成することができない。最近、新しいクラスの陰関数が、符号なし距離場を回帰することで、開いた曲面の再構成に有望であることが示された。しかし、これらの方法は生データの離散化表現に依存しており、重要な表面の詳細が失われ、再構成に異常値をもたらす可能性がある。我々はIPVNetを提案する。IPVNetは、生の点群データと離散化されたボクセルデータの両方を活用することで、3次元空間における表面とクエリ点間の符号なし距離を予測する、学習ベースの暗黙的モデルである。合成データセットと実世界の公共データセットでの実験により、IPVNetが、再構成においてはるかに少ない外れ値を生成しながら、最先端の技術を上回ることを実証する。
"Shape, Pose, and Appearance from a Single Image via Bootstrapped
  Radiance Field Inversion","Neural Radiance Fields (NeRF) coupled with GANs represent a promising direction in the area of 3D reconstruction from a single view, owing to their ability to efficiently model arbitrary topologies. Recent work in this area, however, has mostly focused on synthetic datasets where exact ground-truth poses are known, and has overlooked pose estimation, which is important for certain downstream applications such as augmented reality (AR) and robotics. We introduce a principled end-to-end reconstruction framework for natural images, where accurate ground-truth poses are not available. Our approach recovers an SDF-parameterized 3D shape, pose, and appearance from a single image of an object, without exploiting multiple views during training. More specifically, we leverage an unconditional 3D-aware generator, to which we apply a hybrid inversion scheme where a model produces a first guess of the solution which is then refined via optimization. Our framework can de-render an image in as few as 10 steps, enabling its use in practical scenarios. We demonstrate state-of-the-art results on a variety of real and synthetic benchmarks.","['Dario Pavllo', 'David Joseph Tan', 'Marie-Julie Rakotosaona', 'Federico Tombari']",2022-11-21T17:42:42Z,http://arxiv.org/abs/2211.11674v2,"['cs.CV', 'cs.AI', 'cs.GR', 'cs.LG']",GANと組み合わせたニューラル放射場（NeRF）は、任意のトポロジーを効率的にモデル化できることから、単一視点からの3D再構成の分野で有望な方向性を示している。しかし、この分野での最近の研究は、ほとんどが、正確な地上真正のポーズが分かっている合成データセットに焦点を当てており、拡張現実（AR）やロボット工学のような特定の下流のアプリケーションにとって重要なポーズ推定を見落としている。本論文では、正確な真理値（ground-truth）のポーズが得られない自然画像に対して、原理的なエンドツーエンドの再構成フレームワークを紹介する。我々のアプローチは、学習中に複数のビューを利用することなく、物体の単一の画像からSDFパラメータ化された3D形状、姿勢、外観を復元する。具体的には、無条件の3D認識ジェネレータを活用し、これにハイブリッド逆変換スキームを適用する。我々のフレームワークは、わずか10ステップで画像をデレンダリングできるため、実用的なシナリオでの利用が可能である。様々な実ベンチマークと合成ベンチマークにおいて、最先端の結果を実証する。
"Shape-Net: Room Layout Estimation from Panoramic Images Robust to
  Occlusion using Knowledge Distillation with 3D Shapes as Additional Inputs","Estimating the layout of a room from a single-shot panoramic image is important in virtual/augmented reality and furniture layout simulation. This involves identifying three-dimensional (3D) geometry, such as the location of corners and boundaries, and performing 3D reconstruction. However, occlusion is a common issue that can negatively impact room layout estimation, and this has not been thoroughly studied to date. It is possible to obtain 3D shape information of rooms as drawings of buildings and coordinates of corners from image datasets, thus we propose providing both 2D panoramic and 3D information to a model to effectively deal with occlusion. However, simply feeding 3D information to a model is not sufficient to utilize the shape information for an occluded area. Therefore, we improve the model by introducing 3D Intersection over Union (IoU) loss to effectively use 3D information. In some cases, drawings are not available or the construction deviates from a drawing. Considering such practical cases, we propose a method for distilling knowledge from a model trained with both images and 3D information to a model that takes only images as input. The proposed model, which is called Shape-Net, achieves state-of-the-art (SOTA) performance on benchmark datasets. We also confirmed its effectiveness in dealing with occlusion through significantly improved accuracy on images with occlusion compared with existing models.","['Mizuki Tabata', 'Kana Kurata', 'Junichiro Tamamatsu']",2023-04-25T07:45:43Z,http://arxiv.org/abs/2304.12624v1,['cs.CV'],シングルショットのパノラマ画像から部屋のレイアウトを推定することは、バーチャル／拡張現実や家具のレイアウトシミュレーションにおいて重要である。これには、コーナーや境界の位置などの3次元（3D）ジオメトリを特定し、3D再構成を実行することが含まれる。しかし、オクルージョンは部屋のレイアウト推定に悪影響を与える一般的な問題であり、これについてはこれまで十分に研究されてこなかった。部屋の3次元形状情報は、建物の図面や角の座標として画像データセットから得ることが可能であるため、2次元パノラマ情報と3次元情報の両方をモデルに与えることで、オクルージョンに効果的に対処することを提案する。しかし、単に3次元情報をモデルに与えるだけでは、オクルージョン領域の形状情報を利用するには不十分である。そこで、3D Intersection over Union (IoU)ロスを導入することで、3D情報を効果的に利用できるようにモデルを改良する。また、図面がない場合や、図面から乖離した施工が行われる場合もある。このような実用的なケースを考慮し、画像と3D情報の両方を入力として学習させたモデルから、画像のみを入力とするモデルへと知識を抽出する手法を提案する。Shape-Netと呼ばれる提案モデルは、ベンチマークデータセットにおいて最先端の性能(SOTA)を達成した。また、既存のモデルと比較して、オクルージョンのある画像に対する精度が大幅に向上し、オクルージョンに対する有効性が確認された。
"CarGameAR: An Integrated AR Car Game Authoring Interface for
  Custom-Built Car Programed on Arduino Board","In this paper, we present CarGameAR: An Integrated AR Car Game Authoring Interface for Custom-Built Car Programed on Arduino Board. The car consists of an Arduino board, an H-bridge, and motors. The objective of the project is to create a system that can move a car in different directions using a computer application. The system uses Unity software to create a virtual environment where the user can control the car using keyboard commands. The car's motion is achieved by sending signals from the computer to the Arduino board, which then drives the motors through the H-bridge. The project provides a cost-effective and efficient way to build a car, which can be used for educational purposes, such as teaching programming. Moreover, this project is not limited to the control of the car through keyboard commands in a virtual environment. The system can be adapted to support augmented reality (AR) technology, providing an even more immersive and engaging user experience. By integrating the car with AR, the user can control the car's motion using physical gestures and movements, adding an extra layer of interactivity to the system. This makes the car an ideal platform for game development in AR, allowing the user to create driving games that blend the physical and virtual worlds seamlessly. Additionally, the car's affordability and ease of construction make it an accessible and valuable tool for teaching programming and principles in a fun and interactive way. Overall, this project demonstrates the versatility and potential of the car system, highlighting the various applications and possibilities it offers for both education and entertainment.","['Dang Bui', 'Wanwan Li', 'Hong Huang']",2023-04-28T20:36:24Z,http://arxiv.org/abs/2305.00084v1,['cs.HC'],本論文では、CarGameAR: Arduinoボード上でプログラムされたカスタムカー用の統合ARカーゲームオーサリングインタフェースを紹介する。CarGameARは、Arduinoボード、Hブリッジ、モーターから構成される。このプロジェクトの目的は、コンピュータ・アプリケーションを使って車を様々な方向に動かすことができるシステムを作ることである。このシステムでは、Unityソフトウェアを使って仮想環境を作り、ユーザーがキーボード・コマンドを使って車を操作できるようにする。車の動きは、コンピューターからArduinoボードに信号を送り、ArduinoボードがHブリッジを介してモーターを駆動することで実現される。このプロジェクトは、費用対効果が高く効率的な車の製作方法を提供し、プログラミング教育などの教育目的にも利用できる。さらに、このプロジェクトは、仮想環境でのキーボード・コマンドによる車の制御に限定されるものではない。システムは拡張現実（AR）技術に対応させることができ、より没入的で魅力的なユーザー体験を提供することができる。車をARと統合することで、ユーザーは物理的なジェスチャーや動きを使って車の動きをコントロールすることができ、システムにインタラクティブなレイヤーを追加することができる。このため、ARでのゲーム開発にとって理想的なプラットフォームとなり、ユーザーは物理的な世界とバーチャルな世界をシームレスに融合させたドライビングゲームを作成することができる。さらに、このクルマは手頃な価格で簡単に製作できるため、楽しくインタラクティブな方法でプログラミングや原理を教えるための身近で貴重なツールにもなる。全体として、このプロジェクトはカーシステムの多用途性と可能性を実証し、教育とエンターテインメントの両面でカーシステムが提供するさまざまな用途と可能性を強調している。
Enhance-NeRF: Multiple Performance Evaluation for Neural Radiance Fields,"The quality of three-dimensional reconstruction is a key factor affecting the effectiveness of its application in areas such as virtual reality (VR) and augmented reality (AR) technologies. Neural Radiance Fields (NeRF) can generate realistic images from any viewpoint. It simultaneously reconstructs the shape, lighting, and materials of objects, and without surface defects, which breaks down the barrier between virtuality and reality. The potential spatial correspondences displayed by NeRF between reconstructed scenes and real-world scenes offer a wide range of practical applications possibilities. Despite significant progress in 3D reconstruction since NeRF were introduced, there remains considerable room for exploration and experimentation. NeRF-based models are susceptible to interference issues caused by colored ""fog"" noise. Additionally, they frequently encounter instabilities and failures while attempting to reconstruct unbounded scenes. Moreover, the model takes a significant amount of time to converge, making it even more challenging to use in such scenarios. Our approach, coined Enhance-NeRF, which adopts joint color to balance low and high reflectivity objects display, utilizes a decoding architecture with prior knowledge to improve recognition, and employs multi-layer performance evaluation mechanisms to enhance learning capacity. It achieves reconstruction of outdoor scenes within one hour under single-card condition. Based on experimental results, Enhance-NeRF partially enhances fitness capability and provides some support to outdoor scene reconstruction. The Enhance-NeRF method can be used as a plug-and-play component, making it easy to integrate with other NeRF-based models. The code is available at: https://github.com/TANQIanQ/Enhance-NeRF","['Qianqiu Tan', 'Tao Liu', 'Yinling Xie', 'Shuwan Yu', 'Baohua Zhang']",2023-06-08T15:49:30Z,http://arxiv.org/abs/2306.05303v1,['cs.CV'],3次元再構成の品質は、バーチャルリアリティ（VR）や拡張現実（AR）技術などの分野での応用の有効性を左右する重要な要素である。Neural Radiance Fields（NeRF）は、あらゆる視点からリアルな画像を生成することができる。NeRFは、物体の形状、照明、素材を同時に再構成し、表面の欠陥もなく、仮想と現実の間の障壁を取り払う。再構成されたシーンと現実のシーンとの間にNeRFが示す潜在的な空間的対応関係は、幅広い実用化の可能性を提供する。NeRFが導入されて以来、3D再構成の進歩は著しいものの、探求と実験の余地はかなり残されている。NeRFベースのモデルは、色のついた「霧」ノイズによる干渉の影響を受けやすい。さらに、境界のないシーンを再構成しようとすると、不安定性や失敗が頻繁に発生します。さらに、モデルの収束にはかなりの時間がかかるため、このようなシナリオでの使用はさらに困難となる。Enhance-NeRFと名付けられた我々のアプローチは、低反射率オブジェクトと高反射率オブジェクトの表示のバランスをとるためにジョイントカラーを採用し、認識を向上させるために事前知識を持つデコーディングアーキテクチャを利用し、学習能力を高めるために多層性能評価メカニズムを採用する。また、多層性能評価機構を採用し、学習能力を向上させている。実験結果に基づき、Enhance-NeRFはフィットネス能力を部分的に向上させ、屋外シーンの再構成をある程度サポートする。Enhance-NeRF法はプラグ・アンド・プレイ・コンポーネントとして使用できるため、他のNeRFベースのモデルとの統合が容易である。コードはhttps://github.com/TANQIanQ/Enhance-NeRF。
"Aria Digital Twin: A New Benchmark Dataset for Egocentric 3D Machine
  Perception","We introduce the Aria Digital Twin (ADT) - an egocentric dataset captured using Aria glasses with extensive object, environment, and human level ground truth. This ADT release contains 200 sequences of real-world activities conducted by Aria wearers in two real indoor scenes with 398 object instances (324 stationary and 74 dynamic). Each sequence consists of: a) raw data of two monochrome camera streams, one RGB camera stream, two IMU streams; b) complete sensor calibration; c) ground truth data including continuous 6-degree-of-freedom (6DoF) poses of the Aria devices, object 6DoF poses, 3D eye gaze vectors, 3D human poses, 2D image segmentations, image depth maps; and d) photo-realistic synthetic renderings. To the best of our knowledge, there is no existing egocentric dataset with a level of accuracy, photo-realism and comprehensiveness comparable to ADT. By contributing ADT to the research community, our mission is to set a new standard for evaluation in the egocentric machine perception domain, which includes very challenging research problems such as 3D object detection and tracking, scene reconstruction and understanding, sim-to-real learning, human pose prediction - while also inspiring new machine perception tasks for augmented reality (AR) applications. To kick start exploration of the ADT research use cases, we evaluated several existing state-of-the-art methods for object detection, segmentation and image translation tasks that demonstrate the usefulness of ADT as a benchmarking dataset.","['Xiaqing Pan', 'Nicholas Charron', 'Yongqian Yang', 'Scott Peters', 'Thomas Whelan', 'Chen Kong', 'Omkar Parkhi', 'Richard Newcombe', 'Carl Yuheng Ren']",2023-06-10T06:46:32Z,http://arxiv.org/abs/2306.06362v2,"['cs.CV', 'cs.AI', 'cs.LG']",我々は、Aria Digital Twin（ADT）を紹介する。ADTは、広範なオブジェクト、環境、および人間レベルのグランドトゥルースを持つAriaメガネを使用して撮影されたエゴセントリックデータセットである。このADTリリースには、398のオブジェクトインスタンス（324の静止と74の動的）を持つ2つの実際の屋内シーンで、Aria着用者が行った実世界の活動の200シーケンスが含まれている。各シーケンスは、a)2つのモノクロカメラストリーム、1つのRGBカメラストリーム、2つのIMUストリームの生データ、b)完全なセンサーキャリブレーション、c)Ariaデバイスの連続6自由度（6DoF）ポーズ、オブジェクトの6DoFポーズ、3D視線ベクトル、3D人間のポーズ、2D画像セグメンテーション、画像深度マップを含むグランドトゥルースデータ、d)フォトリアルな合成レンダリングで構成されています。我々の知る限り、ADTに匹敵する精度、フォトリアリズム、包括性を持つ既存のエゴセントリックデータセットは存在しない。ADTを研究コミュニティに提供することで、私たちの使命は、3Dオブジェクトの検出と追跡、シーンの再構築と理解、シム・ツー・リアル学習、人間のポーズ予測などの非常に困難な研究課題を含む、自己中心的な機械知覚領域における評価の新しい基準を設定することです。ADTの研究ユースケースの探求を開始するために、我々は、ベンチマークデータセットとしてのADTの有用性を示す、物体検出、セグメンテーション、画像変換タスクのためのいくつかの既存の最先端手法を評価した。
Neural Projection Mapping Using Reflectance Fields,"We introduce a high resolution spatially adaptive light source, or a projector, into a neural reflectance field that allows to both calibrate the projector and photo realistic light editing. The projected texture is fully differentiable with respect to all scene parameters, and can be optimized to yield a desired appearance suitable for applications in augmented reality and projection mapping. Our neural field consists of three neural networks, estimating geometry, material, and transmittance. Using an analytical BRDF model and carefully selected projection patterns, our acquisition process is simple and intuitive, featuring a fixed uncalibrated projected and a handheld camera with a co-located light source. As we demonstrate, the virtual projector incorporated into the pipeline improves scene understanding and enables various projection mapping applications, alleviating the need for time consuming calibration steps performed in a traditional setting per view or projector location. In addition to enabling novel viewpoint synthesis, we demonstrate state-of-the-art performance projector compensation for novel viewpoints, improvement over the baselines in material and scene reconstruction, and three simply implemented scenarios where projection image optimization is performed, including the use of a 2D generative model to consistently dictate scene appearance from multiple viewpoints. We believe that neural projection mapping opens up the door to novel and exciting downstream tasks, through the joint optimization of the scene and projection images.","['Yotam Erel', 'Daisuke Iwai', 'Amit H. Bermano']",2023-06-11T05:33:10Z,http://arxiv.org/abs/2306.06595v1,['cs.CV'],高解像度の空間適応光源（プロジェクター）を神経反射場に導入することで、プロジェクターの較正と現実的な光の編集の両方を可能にする。投影されたテクスチャは、すべてのシーンパラメータに関して完全に微分可能であり、拡張現実感やプロジェクションマッピングへの応用に適した所望の外観を得るために最適化することができる。我々のニューラル・フィールドは3つのニューラル・ネットワークで構成され、ジオメトリ、マテリアル、透過率を推定する。解析的なBRDFモデルと慎重に選択された投影パターンを使用することで、我々の取得プロセスはシンプルで直感的なものとなっており、固定された較正されていない投影と、光源が同位置にあるハンドヘルドカメラを特徴としている。我々が実証するように、パイプラインに組み込まれた仮想プロジェクターは、シーンの理解を向上させ、様々なプロジェクションマッピングアプリケーションを可能にし、ビューやプロジェクターの位置ごとに従来の設定で実行される時間のかかるキャリブレーションステップの必要性を軽減します。新しい視点合成を可能にすることに加え、新しい視点に対する最先端の性能のプロジェクター補正、マテリアルとシーンの再構成におけるベースラインに対する改善、そして、複数の視点から一貫してシーンの外観を指示するための2D生成モデルの使用を含む、投影画像の最適化が実行される3つのシンプルに実装されたシナリオを実証します。我々は、ニューラル・プロジェクション・マッピングが、シーンと投影画像の共同最適化を通じて、新規かつエキサイティングな下流タスクへの扉を開くと信じている。
"Supporting Construction and Architectural Visualization through BIM and
  AR/VR: A Systematic Literature Review","The Architecture, Engineering, Construction, and Facility Management (AEC/FM) industry deals with the design, construction, and operation of complex buildings. Today, Building Information Modeling (BIM) is used to represent information about a building in a single, non-redundant representation. Here, Augmented Reality (AR) and Virtual Reality (VR) can improve the visualization and interaction with the resulting model by augmenting the real world with information from the BIM model or allowing a user to immerse in a virtual world generated from the BIM model. This can improve the design, construction, and operation of buildings. While an increasing number of studies in HCI, construction, or engineering have shown the potential of using AR and VR technology together with BIM, often research remains focused on individual explorations and key design strategies. In addition to that, a systematic overview and discussion of recent works combining AR/VR with BIM are not yet fully covered. Therefore, this paper systematically reviews recent approaches combining AR/VR with BIM and categorizes the literature by the building's lifecycle phase while systematically describing relevant use cases. In total, 32 out of 447 papers between 2017 and 2022 were categorized. The categorization shows that most approaches focus on the construction phase and the use case of review and quality assurance. In the design phase, most approaches use VR, while in the construction and operation phases, AR is prevalent.","['Enes Yigitbas', 'Alexander Nowosad', 'Gregor Engels']",2023-06-21T13:52:37Z,http://arxiv.org/abs/2306.12274v1,['cs.HC'],建築・エンジニアリング・建設・施設管理（AEC/FM）業界は、複雑な建物の設計、建設、運営を扱っている。今日、建物に関する情報を単一の冗長性のない表現で表すために、ビルディング・インフォメーション・モデリング（BIM）が使用されている。ここで、拡張現実（AR）と仮想現実（VR）は、現実世界をBIMモデルからの情報で拡張したり、ユーザーがBIMモデルから生成された仮想世界に没入できるようにすることで、結果として得られるモデルの視覚化とインタラクションを向上させることができます。これにより、建物の設計、建設、運用を改善することができる。HCI、建設、工学の分野では、ARやVR技術をBIMと併用することの可能性を示す研究が増えているが、多くの場合、研究は個別の探求や主要な設計戦略に焦点を当てたままである。それに加えて、AR/VRとBIMを組み合わせた最近の研究の体系的な概観と議論は、まだ十分にカバーされていない。そこで本稿では、AR/VRとBIMを組み合わせた最近のアプローチを体系的にレビューし、関連するユースケースを体系的に説明しながら、建物のライフサイクルフェーズごとに文献を分類する。合計で、2017年から2022年までの447本の論文のうち32本を分類した。分類の結果、ほとんどのアプローチが建設段階とレビューと品質保証のユースケースに焦点を当てていることがわかった。設計フェーズでは、ほとんどのアプローチがVRを使用しているが、建設と運用フェーズではARが主流である。
"Neural-Optic Co-Designed Polarization-Multiplexed Metalens for Compact
  Computational Spectral Imaging","As the realm of spectral imaging applications extends its reach into the domains of mobile technology and augmented reality, the demands for compact yet high-fidelity systems become increasingly pronounced. Conventional methodologies, exemplified by coded aperture snapshot spectral imaging systems, are significantly limited by their cumbersome physical dimensions and form factors. To address this inherent challenge, diffractive optical elements (DOEs) have been repeatedly employed as a means to mitigate issues related to the bulky nature of these systems. Nonetheless, it's essential to note that the capabilities of DOEs primarily revolve around the modulation of the phase of light. Here, we introduce an end-to-end computational spectral imaging framework based on a polarization-multiplexed metalens. A distinguishing feature of this approach lies in its capacity to simultaneously modulate orthogonal polarization channels. When harnessed in conjunction with a neural network, it facilitates the attainment of high-fidelity spectral reconstruction. Importantly, the framework is intrinsically fully differentiable, a feature that permits the joint optimization of both the metalens structure and the parameters governing the neural network. The experimental results presented herein validate the exceptional spatial-spectral reconstruction performance, underscoring the efficacy of this system in practical, real-world scenarios. This innovative approach transcends the traditional boundaries separating hardware and software in the realm of computational imaging and holds the promise of substantially propelling the miniaturization of spectral imaging systems.","['Qiangbo Zhang', 'Peicheng Lin', 'Chang Wang', 'Yang Zhang', 'Zeqing Yu', 'Xinyu Liu', 'Ting Xu', 'Zhenrong Zheng']",2023-11-26T02:06:30Z,http://arxiv.org/abs/2311.15164v1,"['physics.optics', 'eess.IV']",分光画像アプリケーションの領域がモバイル技術や拡張現実の領域にまで拡大するにつれ、小型でありながら高忠実度のシステムに対する要求はますます顕著になっている。コード化開口スナップショット分光イメージングシステムに代表される従来の方法は、その煩雑な物理的寸法とフォームファクターによって著しく制限されている。この固有の課題に対処するため、回折光学素子（DOE）は、これらのシステムのかさばる性質に関する問題を緩和する手段として繰り返し採用されてきた。とはいえ、DOEの性能は主に光の位相変調を中心に展開されることに注意する必要がある。ここでは、偏光多重メタレンズに基づく、エンドツーエンドの計算スペクトルイメージングフレームワークを紹介する。このアプローチの特徴は、直交する偏光チャンネルを同時に変調する能力にある。ニューラルネットワークと組み合わせることで、忠実度の高いスペクトル再構成が可能になる。重要なことは、このフレームワークは本質的に完全微分可能であり、メタレンズ構造とニューラルネットワークを制御するパラメータの両方を共同で最適化できることである。ここで紹介する実験結果は、卓越した空間スペクトル再構成性能を検証し、実用的な実世界のシナリオにおけるこのシステムの有効性を強調している。この革新的なアプローチは、コンピューテーショナルイメージングの領域におけるハードウェアとソフトウェアを隔てる従来の境界を超越し、スペクトルイメージングシステムの小型化を大幅に推進することが期待される。
"Real-and-Present: Investigating the Use of Life-Size 2D Video Avatars in
  HMD-Based AR Teleconferencing","Augmented Reality (AR) teleconferencing allows separately located users to interact with each other in 3D through agents in their own physical environments. Existing methods leveraging volumetric capturing and reconstruction can provide a high-fidelity experience but are often too complex and expensive for everyday usage. Other solutions target mobile and effortless-to-setup teleconferencing on AR Head Mounted Displays (HMD). They directly transplant the conventional video conferencing onto an AR-HMD platform or use avatars to represent remote participants. However, they can only support either a high fidelity or a high level of co-presence. Moreover, the limited Field of View (FoV) of HMDs could further influence users' immersive experience. To achieve a balance between fidelity and co-presence, we explore using life-size 2D video-based avatars (video avatars for short) in AR teleconferencing. Specifically, with the potential effect of FoV on users' perception of proximity, we first conduct a pilot study to explore the local-user-centered optimal placement of video avatars in small-group AR conversations. With the placement results, we then implement a proof-of-concept prototype of video-avatar-based teleconferencing. We conduct user evaluations with the prototype to verify its effectiveness in balancing fidelity and co-presence. Following the indication in the pilot study, we further quantitatively explore the effect of FoV size on the video avatar's optimal placement through a user study involving more FoV conditions in a VR-simulated environment. We regress placement models to serve as references for computationally determining video avatar placements in such teleconferencing applications on various existing AR HMDs and future ones with bigger FoVs.","['Xuanyu Wang', 'Weizhan Zhang', 'Christian Sandor', 'Hongbo Fu']",2024-01-04T09:51:33Z,http://arxiv.org/abs/2401.02171v1,['cs.HC'],拡張現実(AR)遠隔会議では、別々の場所にいるユーザが、それぞれの物理的環境にあるエージェントを介して3Dで相互作用することができます。ボリューメトリック・キャプチャと再構成を活用した既存の方法は、忠実度の高い体験を提供することができますが、日常的に使用するには複雑で高価になりがちです。他のソリューションは、ARヘッドマウントディスプレイ（HMD）を使ったモバイルでセットアップが簡単な遠隔会議を対象としている。従来のビデオ会議をAR-HMDプラットフォームに直接移植したり、アバターを使って遠隔地の参加者を表現したりする。しかし、これらは高忠実度または高レベルの同席しかサポートできない。さらに、HMDの限られた視野（FoV）は、ユーザーの没入体験にさらに影響を与える可能性がある。忠実度と共在感のバランスを達成するために、我々はAR遠隔会議において等身大の2Dビデオベースのアバター（略してビデオアバター）を使用することを探求している。具体的には、FoVがユーザの近接知覚に与える潜在的な影響を考慮し、まずパイロット研究を実施し、少人数のAR会話におけるビデオアバターのローカルユーザ中心の最適配置を探る。この配置結果を用いて、ビデオアバターベースの遠隔会議の概念実証プロトタイプを実装する。このプロトタイプを用いてユーザ評価を実施し、忠実性と同席性のバランスにおける有効性を検証する。パイロットスタディで示された結果を受け、VRシミュレート環境におけるより多くのFoV条件を含むユーザースタディを通じて、ビデオアバターの最適配置に対するFoVサイズの効果をさらに定量的に探索する。このような遠隔会議アプリケーションにおけるビデオアバターの配置を、既存の様々なAR HMDや、より大きなFoVを持つ将来のHMD上で計算により決定するための参考となる配置モデルを回帰する。
"Surgical-DINO: Adapter Learning of Foundation Models for Depth
  Estimation in Endoscopic Surgery","Purpose: Depth estimation in robotic surgery is vital in 3D reconstruction, surgical navigation and augmented reality visualization. Although the foundation model exhibits outstanding performance in many vision tasks, including depth estimation (e.g., DINOv2), recent works observed its limitations in medical and surgical domain-specific applications. This work presents a low-ranked adaptation (LoRA) of the foundation model for surgical depth estimation. Methods: We design a foundation model-based depth estimation method, referred to as Surgical-DINO, a low-rank adaptation of the DINOv2 for depth estimation in endoscopic surgery. We build LoRA layers and integrate them into DINO to adapt with surgery-specific domain knowledge instead of conventional fine-tuning. During training, we freeze the DINO image encoder, which shows excellent visual representation capacity, and only optimize the LoRA layers and depth decoder to integrate features from the surgical scene. Results: Our model is extensively validated on a MICCAI challenge dataset of SCARED, which is collected from da Vinci Xi endoscope surgery. We empirically show that Surgical-DINO significantly outperforms all the state-of-the-art models in endoscopic depth estimation tasks. The analysis with ablation studies has shown evidence of the remarkable effect of our LoRA layers and adaptation. Conclusion: Surgical-DINO shed some light on the successful adaptation of the foundation models into the surgical domain for depth estimation. There is clear evidence in the results that zero-shot prediction on pre-trained weights in computer vision datasets or naive fine-tuning is not sufficient to use the foundation model in the surgical domain directly. Code is available at https://github.com/BeileiCui/SurgicalDINO.","['Beilei Cui', 'Mobarakol Islam', 'Long Bai', 'Hongliang Ren']",2024-01-11T16:22:42Z,http://arxiv.org/abs/2401.06013v2,"['cs.CV', 'cs.AI']",目的：ロボット手術における奥行き推定は、3D再構成、手術ナビゲーション、拡張現実感の視覚化において不可欠である。基礎モデルは、奥行き推定を含む多くの視覚タスクにおいて卓越した性能を示すが（例えばDINOv2）、最近の研究では、医療および外科領域特有のアプリケーションにおける限界が観察されている。本研究では、外科手術の奥行き推定のための基礎モデルの低ランク適応（LoRA）を提示する。方法Surgical-DINOと呼ばれる、内視鏡手術における深度推定のためのDINOv2の低ランク適応である基礎モデルに基づく深度推定法を設計する。LoRAレイヤーを構築し、DINOに統合することで、従来の微調整の代わりに外科手術に特化したドメイン知識で適応させる。トレーニング中は、優れた視覚表現能力を示すDINO画像エンコーダを凍結し、LoRA層と深度デコーダのみを最適化して、手術シーンからの特徴を統合する。結果我々のモデルは、ダヴィンチXi内視鏡手術から収集されたSCAREDのMICCAIチャレンジデータセットで広範囲に検証された。経験的に、Surgical-DINOは内視鏡深度推定タスクにおいて、すべての最先端モデルを大幅に上回ることを示す。アブレーションを用いた解析により、我々のLoRA層と適応の顕著な効果が実証された。結論Surgical-DINOは、深さ推定のための基礎モデルの外科領域への適応が成功したことに光を当てた。コンピュータビジョンデータセットの事前に訓練された重みのゼロショット予測や素朴な微調整では、外科領域で基礎モデルを直接使用するには不十分であるという明確な証拠が結果にある。コードはhttps://github.com/BeileiCui/SurgicalDINO。
"Full-Body Motion Reconstruction with Sparse Sensing from Graph
  Perspective","Estimating 3D full-body pose from sparse sensor data is a pivotal technique employed for the reconstruction of realistic human motions in Augmented Reality and Virtual Reality. However, translating sparse sensor signals into comprehensive human motion remains a challenge since the sparsely distributed sensors in common VR systems fail to capture the motion of full human body. In this paper, we use well-designed Body Pose Graph (BPG) to represent the human body and translate the challenge into a prediction problem of graph missing nodes. Then, we propose a novel full-body motion reconstruction framework based on BPG. To establish BPG, nodes are initially endowed with features extracted from sparse sensor signals. Features from identifiable joint nodes across diverse sensors are amalgamated and processed from both temporal and spatial perspectives. Temporal dynamics are captured using the Temporal Pyramid Structure, while spatial relations in joint movements inform the spatial attributes. The resultant features serve as the foundational elements of the BPG nodes. To further refine the BPG, node features are updated through a graph neural network that incorporates edge reflecting varying joint relations. Our method's effectiveness is evidenced by the attained state-of-the-art performance, particularly in lower body motion, outperforming other baseline methods. Additionally, an ablation study validates the efficacy of each module in our proposed framework.","['Feiyu Yao', 'Zongkai Wu', 'Li Yi']",2024-01-22T09:29:42Z,http://arxiv.org/abs/2401.11783v1,['cs.CV'],疎なセンサデータから3Dフルボディポーズを推定することは、拡張現実感やバーチャルリアリティにおけるリアルな人体運動の再構成に採用される極めて重要な技術である。しかし、一般的なVRシステムでは、まばらに分散したセンサーが人体全体の動きを捉えることができないため、まばらなセンサー信号を包括的な人体の動きに変換することは依然として課題となっています。本論文では、人体を表現するためによく設計されたボディポーズグラフ（BPG）を使用し、この課題をグラフの欠損ノードの予測問題に変換する。そして、BPGに基づく新しい全身運動再構成フレームワークを提案する。BPGを確立するために、ノードは最初に疎なセンサー信号から抽出された特徴を付与される。多様なセンサーにまたがる識別可能な関節ノードからの特徴を統合し、時間的・空間的観点から処理する。時間的ダイナミクスは時間的ピラミッド構造（Temporal Pyramid Structure）を用いてとらえ、関節運動における空間的関係は空間的属性（Spatial Attributes）に反映される。得られた特徴はBPGノードの基礎要素となる。BPGをさらに洗練させるために、ノードの特徴は、変化する関節関係を反映するエッジを組み込んだグラフニューラルネットワークによって更新される。本手法の有効性は、特に下半身の動きにおいて、他のベースライン手法を凌駕する最先端の性能を達成したことで証明される。さらに、アブレーション研究により、提案フレームワークの各モジュールの有効性が検証された。
"Fast Implicit Neural Representation Image Codec in Resource-limited
  Devices","Displaying high-quality images on edge devices, such as augmented reality devices, is essential for enhancing the user experience. However, these devices often face power consumption and computing resource limitations, making it challenging to apply many deep learning-based image compression algorithms in this field. Implicit Neural Representation (INR) for image compression is an emerging technology that offers two key benefits compared to cutting-edge autoencoder models: low computational complexity and parameter-free decoding. It also outperforms many traditional and early neural compression methods in terms of quality. In this study, we introduce a new Mixed Autoregressive Model (MARM) to significantly reduce the decoding time for the current INR codec, along with a new synthesis network to enhance reconstruction quality. MARM includes our proposed Autoregressive Upsampler (ARU) blocks, which are highly computationally efficient, and ARM from previous work to balance decoding time and reconstruction quality. We also propose enhancing ARU's performance using a checkerboard two-stage decoding strategy. Moreover, the ratio of different modules can be adjusted to maintain a balance between quality and speed. Comprehensive experiments demonstrate that our method significantly improves computational efficiency while preserving image quality. With different parameter settings, our method can outperform popular AE-based codecs in constrained environments in terms of both quality and decoding time, or achieve state-of-the-art reconstruction quality compared to other INR codecs.","['Xiang Liu', 'Jiahong Chen', 'Bin Chen', 'Zimo Liu', 'Baoyi An', 'Shu-Tao Xia']",2024-01-23T09:37:58Z,http://arxiv.org/abs/2401.12587v1,"['eess.IV', 'cs.CV']",AR（拡張現実）デバイスなどのエッジデバイスに高品質な画像を表示することは、ユーザーエクスペリエンスを向上させるために不可欠である。しかし、これらのデバイスは消費電力やコンピューティングリソースの制限に直面することが多く、この分野で多くのディープラーニングベースの画像圧縮アルゴリズムを適用することは困難である。画像圧縮のための暗黙的ニューラル表現（INR）は、最先端のオートエンコーダーモデルと比較して、低計算複雑性とパラメータフリーデコーディングという2つの主要な利点を提供する新しい技術です。また、多くの伝統的かつ初期のニューラル圧縮法を品質面で凌駕する。本研究では、現在のINRコーデックのデコード時間を大幅に短縮する新しい混合自己回帰モデル（MARM）を、再構成品質を向上させる新しい合成ネットワークとともに紹介する。MARMは、計算効率の高い我々の提案する自己回帰アップサンプラー（ARU）ブロックを含み、復号時間と再構成品質のバランスをとるために、これまでの研究からARMを導入した。また、チェッカーボード2段復号戦略を用いてARUの性能を向上させることを提案する。さらに、異なるモジュールの比率を調整することで、品質と速度のバランスを保つことができる。包括的な実験により、我々の方法が画質を保ちながら計算効率を大幅に改善することが実証された。異なるパラメータ設定により、本手法は、品質と復号時間の両方において、制約のある環境において一般的なAEベースのコーデックを凌駕し、あるいは他のINRコーデックと比較して最先端の再構成品質を達成することができる。
Neural Rendering and Its Hardware Acceleration: A Review,"Neural rendering is a new image and video generation method based on deep learning. It combines the deep learning model with the physical knowledge of computer graphics, to obtain a controllable and realistic scene model, and realize the control of scene attributes such as lighting, camera parameters, posture and so on. On the one hand, neural rendering can not only make full use of the advantages of deep learning to accelerate the traditional forward rendering process, but also provide new solutions for specific tasks such as inverse rendering and 3D reconstruction. On the other hand, the design of innovative hardware structures that adapt to the neural rendering pipeline breaks through the parallel computing and power consumption bottleneck of existing graphics processors, which is expected to provide important support for future key areas such as virtual and augmented reality, film and television creation and digital entertainment, artificial intelligence and the metaverse. In this paper, we review the technical connotation, main challenges, and research progress of neural rendering. On this basis, we analyze the common requirements of neural rendering pipeline for hardware acceleration and the characteristics of the current hardware acceleration architecture, and then discuss the design challenges of neural rendering processor architecture. Finally, the future development trend of neural rendering processor architecture is prospected.","['Xinkai Yan', 'Jieting Xu', 'Yuchi Huo', 'Hujun Bao']",2024-01-06T07:57:11Z,http://arxiv.org/abs/2402.00028v1,"['cs.GR', 'cs.CV', 'eess.IV']",ニューラルレンダリングは、ディープラーニングに基づく新しい画像・映像生成手法である。ディープラーニングモデルとコンピュータグラフィックスの物理的知識を組み合わせ、制御可能でリアルなシーンモデルを取得し、照明、カメラパラメータ、姿勢などのシーン属性の制御を実現する。一方、ニューラルレンダリングは、ディープラーニングの利点をフルに活用して従来のフォワードレンダリングプロセスを高速化できるだけでなく、インバースレンダリングや3D再構成などの特定のタスクに新たなソリューションを提供することもできる。一方、ニューラル・レンダリング・パイプラインに適応する革新的なハードウェア構造の設計は、既存のグラフィックス・プロセッサの並列コンピューティングと消費電力のボトルネックを打破するものであり、仮想現実や拡張現実、映画やテレビの制作やデジタル・エンターテインメント、人工知能やメタバースといった将来の重要分野を支える重要なサポートになると期待されている。本稿では、ニューラルレンダリングの技術的な意味合い、主な課題、研究の進展について概説する。その上で、ハードウェアアクセラレーションに対するニューラルレンダリングパイプラインの共通要件と現在のハードウェアアクセラレーションアーキテクチャの特徴を分析し、ニューラルレンダリングプロセッサアーキテクチャの設計上の課題について議論する。最後に、ニューラル・レンダリング・プロセッサ・アーキテクチャの将来の開発動向を展望する。
PAS-SLAM: A Visual SLAM System for Planar Ambiguous Scenes,"Visual SLAM (Simultaneous Localization and Mapping) based on planar features has found widespread applications in fields such as environmental structure perception and augmented reality. However, current research faces challenges in accurately localizing and mapping in planar ambiguous scenes, primarily due to the poor accuracy of the employed planar features and data association methods. In this paper, we propose a visual SLAM system based on planar features designed for planar ambiguous scenes, encompassing planar processing, data association, and multi-constraint factor graph optimization. We introduce a planar processing strategy that integrates semantic information with planar features, extracting the edges and vertices of planes to be utilized in tasks such as plane selection, data association, and pose optimization. Next, we present an integrated data association strategy that combines plane parameters, semantic information, projection IoU (Intersection over Union), and non-parametric tests, achieving accurate and robust plane data association in planar ambiguous scenes. Finally, we design a set of multi-constraint factor graphs for camera pose optimization. Qualitative and quantitative experiments conducted on publicly available datasets demonstrate that our proposed system competes effectively in both accuracy and robustness in terms of map construction and camera localization compared to state-of-the-art methods.","['Xinggang Hu', 'Yanmin Wu', 'Mingyuan Zhao', 'Linghao Yang', 'Xiangkui Zhang', 'Xiangyang Ji']",2024-02-09T01:34:26Z,http://arxiv.org/abs/2402.06131v1,"['cs.RO', 'cs.CV']",平面特徴に基づく視覚的SLAM（Simultaneous Localization and Mapping）は、環境構造知覚や拡張現実感などの分野で広く応用されている。しかし、現在の研究は、主に採用されている平面特徴量とデータ関連付け手法の精度の低さに起因する、平面の曖昧なシーンにおける正確なローカライゼーションとマッピングの課題に直面している。本論文では、平面処理、データ関連付け、および多制約因子グラフ最適化を含む、平面曖昧シーン用に設計された平面特徴に基づく視覚SLAMシステムを提案する。我々は、意味情報を平面特徴と統合する平面処理戦略を導入し、平面の辺と頂点を抽出し、平面選択、データ関連付け、ポーズ最適化などのタスクに利用する。次に、平面パラメータ、意味情報、射影IoU(Intersection over Union)、ノンパラメトリック検定を組み合わせた統合データ関連付け戦略を提示し、平面の曖昧なシーンにおいて、正確でロバストな平面データ関連付けを実現する。最後に、カメラポーズ最適化のための多制約因子グラフを設計する。一般に公開されているデータセットを用いて行った定性的・定量的実験により、本提案システムが、地図構築とカメラローカライゼーションにおいて、最新の手法と比較して、精度とロバスト性の両面で効果的に競合することが実証された。
"Camera Calibration through Geometric Constraints from Rotation and
  Projection Matrices","The process of camera calibration involves estimating the intrinsic and extrinsic parameters, which are essential for accurately performing tasks such as 3D reconstruction, object tracking and augmented reality. In this work, we propose a novel constraints-based loss for measuring the intrinsic (focal length: $(f_x, f_y)$ and principal point: $(p_x, p_y)$) and extrinsic (baseline: ($b$), disparity: ($d$), translation: $(t_x, t_y, t_z)$, and rotation specifically pitch: $(\theta_p)$) camera parameters. Our novel constraints are based on geometric properties inherent in the camera model, including the anatomy of the projection matrix (vanishing points, image of world origin, axis planes) and the orthonormality of the rotation matrix. Thus we proposed a novel Unsupervised Geometric Constraint Loss (UGCL) via a multitask learning framework. Our methodology is a hybrid approach that employs the learning power of a neural network to estimate the desired parameters along with the underlying mathematical properties inherent in the camera projection matrix. This distinctive approach not only enhances the interpretability of the model but also facilitates a more informed learning process. Additionally, we introduce a new CVGL Camera Calibration dataset, featuring over 900 configurations of camera parameters, incorporating 63,600 image pairs that closely mirror real-world conditions. By training and testing on both synthetic and real-world datasets, our proposed approach demonstrates improvements across all parameters when compared to the state-of-the-art (SOTA) benchmarks. The code and the updated dataset can be found here: https://github.com/CVLABLUMS/CVGL-Camera-Calibration","['Muhammad Waleed', 'Abdul Rauf', 'Murtaza Taj']",2024-02-13T13:07:34Z,http://arxiv.org/abs/2402.08437v2,['cs.CV'],"カメラのキャリブレーションプロセスは、3D再構成、物体追跡、拡張現実感などのタスクを正確に実行するために不可欠な固有パラメータと外部パラメータの推定を含む。本研究では、カメラの固有パラメータ（焦点距離：$(f_x, f_y)$、主点：$(p_x, p_y)$）と外部パラメータ（ベースライン：$(b$)、視差：$(d$)、平行移動：$(t_x, t_y, t_z)$、回転特にピッチ：$(˶‾θ_p)$）を測定するための、新しい制約に基づく損失を提案する。我々の新しい制約は、投影行列の解剖学的構造（消失点、世界原点の画像、軸平面）と回転行列の直交性を含む、カメラモデルに固有の幾何学的性質に基づく。そこで我々は、マルチタスク学習フレームワークを介した、新しい教師なし幾何学的制約損失（UGCL）を提案した。我々の方法論は、カメラの投影行列に内在する基本的な数学的特性とともに、所望のパラメータを推定するためにニューラルネットワークの学習能力を用いるハイブリッドアプローチである。この特徴的なアプローチは、モデルの解釈可能性を高めるだけでなく、より情報に基づいた学習プロセスを促進する。さらに、我々は新しいCVGL Camera Calibrationデータセットを紹介します。このデータセットは、実世界の状況を忠実に反映した63,600の画像ペアを含み、900以上のカメラパラメータの設定を特徴としています。合成データセットと実世界データセットの両方で学習とテストを行うことで、我々の提案するアプローチは、最先端の（SOTA）ベンチマークと比較した場合、全てのパラメータにおいて改善を示す。コードと更新されたデータセットは、https://github.com/CVLABLUMS/CVGL-Camera-Calibration。"
"Outdoor Environment Reconstruction with Deep Learning on Radio
  Propagation Paths","Conventional methods for outdoor environment reconstruction rely predominantly on vision-based techniques like photogrammetry and LiDAR, facing limitations such as constrained coverage, susceptibility to environmental conditions, and high computational and energy demands. These challenges are particularly pronounced in applications like augmented reality navigation, especially when integrated with wearable devices featuring constrained computational resources and energy budgets. In response, this paper proposes a novel approach harnessing ambient wireless signals for outdoor environment reconstruction. By analyzing radio frequency (RF) data, the paper aims to deduce the environmental characteristics and digitally reconstruct the outdoor surroundings. Investigating the efficacy of selected deep learning (DL) techniques on the synthetic RF dataset WAIR-D, the study endeavors to address the research gap in this domain. Two DL-driven approaches are evaluated (convolutional U-Net and CLIP+ based on vision transformers), with performance assessed using metrics like intersection-over-union (IoU), Hausdorff distance, and Chamfer distance. The results demonstrate promising performance of the RF-based reconstruction method, paving the way towards lightweight and scalable reconstruction solutions.","['Hrant Khachatrian', 'Rafayel Mkrtchyan', 'Theofanis P. Raptis']",2024-02-27T09:11:10Z,http://arxiv.org/abs/2402.17336v1,"['cs.NI', 'cs.LG', 'eess.SP']",屋外環境再構築のための従来の方法は、主に写真測量やLiDARのような視覚ベースの技術に依存しており、制限されたカバレッジ、環境条件の影響を受けやすさ、高い計算およびエネルギー需要などの制限に直面しています。これらの課題は、拡張現実ナビゲーションのようなアプリケーション、特に計算リソースやエネルギー予算に制約のあるウェアラブルデバイスと統合された場合に特に顕著となる。そこで本論文では、屋外環境の再構築のために周囲の無線信号を利用する新しいアプローチを提案する。無線周波数（RF）データを分析することで、環境特性を推測し、屋外環境をデジタル的に再構築することを目的としている。合成RFデータセットWAIR-Dにおける選択されたディープラーニング（DL）手法の有効性を調査することで、本研究はこの領域における研究ギャップを解決しようと努めている。2つのDL駆動アプローチ（畳み込みU-Netと視覚変換器に基づくCLIP+）が評価され、交差-結合（IoU）、ハウスドルフ距離、面取り距離などのメトリクスを用いて性能が評価される。その結果、RFベースの再構成手法の有望な性能が実証され、軽量でスケーラブルな再構成ソリューションへの道が開かれた。
"Vox-Fusion++: Voxel-based Neural Implicit Dense Tracking and Mapping
  with Multi-maps","In this paper, we introduce Vox-Fusion++, a multi-maps-based robust dense tracking and mapping system that seamlessly fuses neural implicit representations with traditional volumetric fusion techniques. Building upon the concept of implicit mapping and positioning systems, our approach extends its applicability to real-world scenarios. Our system employs a voxel-based neural implicit surface representation, enabling efficient encoding and optimization of the scene within each voxel. To handle diverse environments without prior knowledge, we incorporate an octree-based structure for scene division and dynamic expansion. To achieve real-time performance, we propose a high-performance multi-process framework. This ensures the system's suitability for applications with stringent time constraints. Additionally, we adopt the idea of multi-maps to handle large-scale scenes, and leverage loop detection and hierarchical pose optimization strategies to reduce long-term pose drift and remove duplicate geometry. Through comprehensive evaluations, we demonstrate that our method outperforms previous methods in terms of reconstruction quality and accuracy across various scenarios. We also show that our Vox-Fusion++ can be used in augmented reality and collaborative mapping applications. Our source code will be publicly available at \url{https://github.com/zju3dv/Vox-Fusion_Plus_Plus}","['Hongjia Zhai', 'Hai Li', 'Xingrui Yang', 'Gan Huang', 'Yuhang Ming', 'Hujun Bao', 'Guofeng Zhang']",2024-03-19T08:21:54Z,http://arxiv.org/abs/2403.12536v1,['cs.CV'],本論文では、ニューラル暗黙表現と従来の体積融合技術をシームレスに融合した、マルチマップベースのロバストな高密度追跡マッピングシステムであるVox-Fusion++を紹介する。暗黙的なマッピングと位置決めシステムの概念を基に、我々のアプローチは実世界のシナリオへの適用性を拡張する。我々のシステムはボクセルベースのニューラル暗黙的表面表現を採用しており、各ボクセル内のシーンの効率的な符号化と最適化を可能にする。予備知識なしに多様な環境を扱うために、シーン分割と動的拡張のためにオクトリーベースの構造を組み込んでいる。リアルタイム性能を達成するために、高性能マルチプロセスフレームワークを提案する。これにより、時間的制約の厳しいアプリケーションへのシステムの適合性を保証する。さらに、大規模なシーンを扱うためにマルチマップのアイデアを採用し、ループ検出と階層的なポーズ最適化戦略を活用して、長期的なポーズドリフトを低減し、重複するジオメトリを除去する。総合的な評価を通じて、我々の手法が、様々なシナリオにおいて、再構成の品質と精度の点で従来の手法を上回ることを実証する。また、我々のVox-Fusion++が拡張現実や協調マッピングアプリケーションで使用できることも示す。我々のソースコードは \url{https://github.com/zju3dv/Vox-Fusion_Plus_Plus} で公開される予定である。
"AUGlasses: Continuous Action Unit based Facial Reconstruction with
  Low-power IMUs on Smart Glasses","Recent advancements in augmented reality (AR) have enabled the use of various sensors on smart glasses for applications like facial reconstruction, which is vital to improve AR experiences for virtual social activities. However, the size and power constraints of smart glasses demand a miniature and low-power sensing solution. AUGlasses achieves unobtrusive low-power facial reconstruction by placing inertial measurement units (IMU) against the temporal area on the face to capture the skin deformations, which are caused by facial muscle movements. These IMU signals, along with historical data on facial action units (AUs), are processed by a transformer-based deep learning model to estimate AU intensities in real-time, which are then used for facial reconstruction. Our results show that AUGlasses accurately predicts the strength (0-5 scale) of 14 key AUs with a cross-user mean absolute error (MAE) of 0.187 (STD = 0.025) and achieves facial reconstruction with a cross-user MAE of 1.93 mm (STD = 0.353). We also integrated various preprocessing and training techniques to ensure robust performance for continuous sensing. Micro-benchmark tests indicate that our system consistently performs accurate continuous facial reconstruction with a fine-tuned cross-user model, achieving an AU MAE of 0.35.","['Yanrong Li', 'Tengxiang Zhang', 'Xin Zeng', 'Yuntao Wang', 'Haotian Zhang', 'Yiqiang Chen']",2024-05-22T02:07:56Z,http://arxiv.org/abs/2405.13289v1,"['cs.HC', 'cs.CV']",最近の拡張現実感（AR）の進歩により、バーチャルな社会活動のためのAR体験を向上させるために不可欠な、顔の再構成のようなアプリケーションのためのスマートグラス上の様々なセンサーの使用が可能になりました。しかし、スマートグラスのサイズと消費電力の制約から、小型で低消費電力のセンシングソリューションが求められています。AUGlassesは、顔の筋肉の動きによって引き起こされる皮膚の変形をキャプチャするために、顔の一時的な領域に対して慣性計測ユニット（IMU）を配置することによって、邪魔にならない低消費電力の顔の再構成を実現します。これらのIMU信号は、顔のアクションユニット（AU）に関する過去のデータとともに、変換器ベースのディープラーニングモデルによって処理され、リアルタイムでAUの強度を推定し、顔の再構成に使用される。その結果、AUGlassesは14の主要なAUの強度（0-5スケール）を0.187（STD = 0.025）のクロスユーザー平均絶対誤差（MAE）で正確に予測し、1.93mm（STD = 0.353）のクロスユーザーMAEで顔の再構成を達成した。また、連続的なセンシングに対してロバストな性能を確保するために、様々な前処理とトレーニング技術を統合した。マイクロベンチマークテストにより、本システムは、微調整されたクロスユーザーモデルで一貫して正確な連続顔復元を行い、AU MAE 0.35を達成することが示された。
"LookinGood: Enhancing Performance Capture with Real-time Neural
  Re-Rendering","Motivated by augmented and virtual reality applications such as telepresence, there has been a recent focus in real-time performance capture of humans under motion. However, given the real-time constraint, these systems often suffer from artifacts in geometry and texture such as holes and noise in the final rendering, poor lighting, and low-resolution textures. We take the novel approach to augment such real-time performance capture systems with a deep architecture that takes a rendering from an arbitrary viewpoint, and jointly performs completion, super resolution, and denoising of the imagery in real-time. We call this approach neural (re-)rendering, and our live system ""LookinGood"". Our deep architecture is trained to produce high resolution and high quality images from a coarse rendering in real-time. First, we propose a self-supervised training method that does not require manual ground-truth annotation. We contribute a specialized reconstruction error that uses semantic information to focus on relevant parts of the subject, e.g. the face. We also introduce a salient reweighing scheme of the loss function that is able to discard outliers. We specifically design the system for virtual and augmented reality headsets where the consistency between the left and right eye plays a crucial role in the final user experience. Finally, we generate temporally stable results by explicitly minimizing the difference between two consecutive frames. We tested the proposed system in two different scenarios: one involving a single RGB-D sensor, and upper body reconstruction of an actor, the second consisting of full body 360 degree capture. Through extensive experimentation, we demonstrate how our system generalizes across unseen sequences and subjects. The supplementary video is available at http://youtu.be/Md3tdAKoLGU.","['Ricardo Martin-Brualla', 'Rohit Pandey', 'Shuoran Yang', 'Pavel Pidlypenskyi', 'Jonathan Taylor', 'Julien Valentin', 'Sameh Khamis', 'Philip Davidson', 'Anastasia Tkach', 'Peter Lincoln', 'Adarsh Kowdle', 'Christoph Rhemann', 'Dan B Goldman', 'Cem Keskin', 'Steve Seitz', 'Shahram Izadi', 'Sean Fanello']",2018-11-12T22:51:19Z,http://arxiv.org/abs/1811.05029v1,['cs.CV'],テレプレゼンスのような拡張現実や仮想現実のアプリケーションに動機づけられ、最近、動いている人間のリアルタイムのパフォーマンスキャプチャに注目が集まっている。しかし、リアルタイムの制約から、これらのシステムは、最終的なレンダリングにおける穴やノイズ、貧弱な照明、低解像度のテクスチャなど、ジオメトリやテクスチャのアーチファクトに悩まされることが多い。我々は、このようなリアルタイム・パフォーマンス・キャプチャ・システムを、任意の視点からのレンダリングを取り込み、画像の補完、超解像、ノイズ除去をリアルタイムで共同で行うディープ・アーキテクチャで補強するという新しいアプローチをとる。我々はこのアプローチをニューラル（再）レンダリングと呼び、我々のライブシステムを「LookinGood」と呼ぶ。我々のディープアーキテクチャは、粗いレンダリングから高解像度で高品質な画像をリアルタイムで生成するように訓練されている。まず、私たちは、手作業によるグラウンドトゥルース注釈を必要としない、自己教師付き学習法を提案する。また、顔などの被写体の関連部分に焦点を当てるために、意味情報を利用した特殊な再構成誤差を提供する。また、損失関数の顕著な再重み付けスキームを導入し、外れ値を破棄することができる。我々は特に、左目と右目の間の整合性が最終的なユーザー体験において重要な役割を果たす、仮想現実と拡張現実のヘッドセット用にシステムを設計する。最後に、連続する2つのフレーム間の差を明示的に最小化することで、時間的に安定した結果を生成する。提案システムを2つの異なるシナリオでテストした。1つは、単一のRGB-Dセンサーと俳優の上半身の再構成を含み、もう1つは全身360度キャプチャからなる。広範な実験を通じて、我々のシステムが未知のシーケンスや被験者に対してどのように汎化するかを実証する。補足ビデオはhttp://youtu.be/Md3tdAKoLGU。
RGB-D Odometry and SLAM,"The emergence of modern RGB-D sensors had a significant impact in many application fields, including robotics, augmented reality (AR) and 3D scanning. They are low-cost, low-power and low-size alternatives to traditional range sensors such as LiDAR. Moreover, unlike RGB cameras, RGB-D sensors provide the additional depth information that removes the need of frame-by-frame triangulation for 3D scene reconstruction. These merits have made them very popular in mobile robotics and AR, where it is of great interest to estimate ego-motion and 3D scene structure. Such spatial understanding can enable robots to navigate autonomously without collisions and allow users to insert virtual entities consistent with the image stream. In this chapter, we review common formulations of odometry and Simultaneous Localization and Mapping (known by its acronym SLAM) using RGB-D stream input. The two topics are closely related, as the former aims to track the incremental camera motion with respect to a local map of the scene, and the latter to jointly estimate the camera trajectory and the global map with consistency. In both cases, the standard approaches minimize a cost function using nonlinear optimization techniques. This chapter consists of three main parts: In the first part, we introduce the basic concept of odometry and SLAM and motivate the use of RGB-D sensors. We also give mathematical preliminaries relevant to most odometry and SLAM algorithms. In the second part, we detail the three main components of SLAM systems: camera pose tracking, scene mapping and loop closing. For each component, we describe different approaches proposed in the literature. In the final part, we provide a brief discussion on advanced research topics with the references to the state-of-the-art.","['Javier Civera', 'Seong Hun Lee']",2020-01-19T17:56:11Z,http://arxiv.org/abs/2001.06875v1,"['cs.CV', 'cs.RO']",最新のRGB-Dセンサーの登場は、ロボット工学、拡張現実（AR）、3Dスキャンなど、多くの応用分野に大きな影響を与えた。RGB-Dセンサーは、LiDARのような従来のレンジセンサーに代わる、低コスト、低消費電力、小型のセンサーである。さらに、RGBカメラとは異なり、RGB-Dセンサーは、3Dシーン再構築のためのフレームごとの三角測量の必要性を取り除く追加の深度情報を提供する。これらの利点により、エゴモーションや3Dシーン構造を推定することが重要視されるモバイルロボットやARにおいて、RGB-Dセンサーは非常に人気がある。このような空間理解は、ロボットが衝突することなく自律的にナビゲートすることを可能にし、ユーザーが画像ストリームと一致した仮想エンティティを挿入することを可能にする。本章では、RGB-Dストリーム入力を用いたオドメトリとSimultaneous Localization and Mapping（頭文字をとってSLAMと呼ばれる）の一般的な定式化についてレビューする。この2つのトピックは密接に関連しており、前者はシーンのローカルマップに対するカメラの増分運動を追跡することを目的とし、後者はカメラの軌跡とグローバルマップを整合性をもって共同推定することを目的としている。どちらの場合も、標準的なアプローチは非線形最適化技術を用いてコスト関数を最小化する。本章は3つの主要部分から構成される：第1部では、オドメトリとSLAMの基本概念を紹介し、RGB-Dセンサの利用を動機付ける。また、ほとんどのオドメトリーとSLAMアルゴリズムに関連する数学的な前置きも行う。第2部では、SLAMシステムの3つの主要コンポーネント、カメラのポーズトラッキング、シーンマッピング、ループクロージングについて詳しく説明します。各コンポーネントについて、文献で提案されている様々なアプローチを説明する。最後のパートでは、最先端の研究トピックについて簡単な考察を行う。
Towards real-time unsupervised monocular depth estimation on CPU,"Unsupervised depth estimation from a single image is a very attractive technique with several implications in robotic, autonomous navigation, augmented reality and so on. This topic represents a very challenging task and the advent of deep learning enabled to tackle this problem with excellent results. However, these architectures are extremely deep and complex. Thus, real-time performance can be achieved only by leveraging power-hungry GPUs that do not allow to infer depth maps in application fields characterized by low-power constraints. To tackle this issue, in this paper we propose a novel architecture capable to quickly infer an accurate depth map on a CPU, even of an embedded system, using a pyramid of features extracted from a single input image. Similarly to state-of-the-art, we train our network in an unsupervised manner casting depth estimation as an image reconstruction problem. Extensive experimental results on the KITTI dataset show that compared to the top performing approach our network has similar accuracy but a much lower complexity (about 6% of parameters) enabling to infer a depth map for a KITTI image in about 1.7 s on the Raspberry Pi 3 and at more than 8 Hz on a standard CPU. Moreover, by trading accuracy for efficiency, our network allows to infer maps at about 2 Hz and 40 Hz respectively, still being more accurate than most state-of-the-art slower methods. To the best of our knowledge, it is the first method enabling such performance on CPUs paving the way for effective deployment of unsupervised monocular depth estimation even on embedded systems.","['Matteo Poggi', 'Filippo Aleotti', 'Fabio Tosi', 'Stefano Mattoccia']",2018-06-29T14:18:24Z,http://arxiv.org/abs/1806.11430v3,"['cs.CV', 'cs.RO']",単一画像からの教師なし奥行き推定は、ロボット、自律ナビゲーション、拡張現実感などにおいて、いくつかの意味を持つ非常に魅力的な技術である。このトピックは非常に困難な課題であり、ディープラーニングの登場により、この問題に取り組んで優れた結果を得ることができるようになった。しかし、これらのアーキテクチャは非常に深く複雑である。そのため、低消費電力という制約を特徴とする応用分野では、奥行きマップを推論することができない消費電力の高いGPUを活用することによってのみ、リアルタイムの性能を達成することができる。この問題に取り組むため、本稿では、1つの入力画像から抽出された特徴のピラミッドを用いて、組み込みシステムであってもCPU上で正確な深度マップを迅速に推測できる、新しいアーキテクチャを提案する。最先端の技術と同様に、我々は、深度推定を画像再構成問題としてキャストする教師なし方法でネットワークを学習する。KITTIデータセットを用いた広範な実験結果から、我々のネットワークは、トップ性能のアプローチと比較して、同程度の精度を持ちながら、はるかに低い複雑さ（パラメータの約6％）を持ち、Raspberry Pi 3では約1.7秒、標準的なCPUでは8Hz以上でKITTI画像の深度マップを推論できることが示された。さらに、精度と効率を交換することで、我々のネットワークは、それぞれ約2Hzと40Hzでマップを推論することを可能にし、依然としてほとんどの最先端の遅い方法よりも正確である。我々の知る限り、これはCPU上でこのようなパフォーマンスを可能にする最初の手法であり、組み込みシステム上でも教師なし単眼深度推定の効果的な展開への道を開くものである。
"On the Effect of Selfie Beautification Filters on Face Detection and
  Recognition","Beautification and augmented reality filters are very popular in applications that use selfie images captured with smartphones or personal devices. However, they can distort or modify biometric features, severely affecting the capability of recognizing individuals' identity or even detecting the face. Accordingly, we address the effect of such filters on the accuracy of automated face detection and recognition. The social media image filters studied either modify the image contrast or illumination or occlude parts of the face with for example artificial glasses or animal noses. We observe that the effect of some of these filters is harmful both to face detection and identity recognition, specially if they obfuscate the eye or (to a lesser extent) the nose. To counteract such effect, we develop a method to reconstruct the applied manipulation with a modified version of the U-NET segmentation network. This is observed to contribute to a better face detection and recognition accuracy. From a recognition perspective, we employ distance measures and trained machine learning algorithms applied to features extracted using a ResNet-34 network trained to recognize faces. We also evaluate if incorporating filtered images to the training set of machine learning approaches are beneficial for identity recognition. Our results show good recognition when filters do not occlude important landmarks, specially the eyes (identification accuracy >99%, EER<2%). The combined effect of the proposed approaches also allow to mitigate the effect produced by filters that occlude parts of the face, achieving an identification accuracy of >92% with the majority of perturbations evaluated, and an EER <8%. Although there is room for improvement, when neither U-NET reconstruction nor training with filtered images is applied, the accuracy with filters that severely occlude the eye is <72% (identification) and >12% (EER)","['Pontus Hedman', 'Vasilios Skepetzis', 'Kevin Hernandez-Diaz', 'Josef Bigun', 'Fernando Alonso-Fernandez']",2021-10-17T22:10:56Z,http://arxiv.org/abs/2110.08934v4,['cs.CV'],美化フィルターや拡張現実フィルターは、スマートフォンやパーソナルデバイスで撮影された自撮り画像を使用するアプリケーションで非常に人気があります。しかし、これらのフィルタは、バイオメトリックな特徴を歪めたり修正したりする可能性があり、個人のアイデンティティを認識したり、顔を検出したりする能力に重大な影響を与えます。そこで我々は、自動顔検出と認識の精度に対するこのようなフィルタの影響を取り上げる。研究対象としたソーシャルメディア画像フィルタは、画像のコントラストや照明を変更したり、人工眼鏡や動物の鼻などで顔の一部を隠したりするものである。我々は、これらのフィルタの効果が、顔検出とID認識の両方に有害であることを観察している。このような効果を打ち消すために、我々はU-NETセグメンテーションネットワークの修正版を用いて、適用された操作を再構成する方法を開発した。これにより、顔検出と認識の精度が向上することが確認された。認識の観点からは、顔認識用に訓練されたResNet-34ネットワークを用いて抽出された特徴量に、距離尺度と訓練された機械学習アルゴリズムを適用する。また、機械学習アプローチの学習セットにフィルタリングされた画像を組み込むことがID認識に有益かどうかを評価する。その結果、フィルターが重要なランドマーク、特に目を隠さない場合、良好な認識が得られた（識別精度99%以上、EER2%未満）。また、提案されたアプローチの複合効果により、顔の一部を覆い隠すフィルターによって生じる影響を緩和することができ、評価された摂動の大部分で92％以上の識別精度を達成し、EERは8％未満であった。改善の余地はあるが、U-NET再構成もフィルタリングされた画像による訓練も適用しない場合、眼球をひどく閉塞するフィルタによる精度は、72％未満（識別）、12％以上（EER）である。
"The Hitchhiker's Guide to Fused Twins: A Review of Access to Digital
  Twins in situ in Smart Cities","Smart Cities already surround us, and yet they are still incomprehensibly far from directly impacting everyday life. While current Smart Cities are often inaccessible, the experience of everyday citizens may be enhanced with a combination of the emerging technologies Digital Twins (DTs) and Situated Analytics. DTs represent their Physical Twin (PT) in the real world via models, simulations, (remotely) sensed data, context awareness, and interactions. However, interaction requires appropriate interfaces to address the complexity of the city. Ultimately, leveraging the potential of Smart Cities requires going beyond assembling the DT to be comprehensive and accessible. Situated Analytics allows for the anchoring of city information in its spatial context. We advance the concept of embedding the DT into the PT through Situated Analytics to form Fused Twins (FTs). This fusion allows access to data in the location that it is generated in an embodied context that can make the data more understandable. Prototypes of FTs are rapidly emerging from different domains, but Smart Cities represent the context with the most potential for FTs in the future. This paper reviews DTs, Situated Analytics, and Smart Cities as the foundations of FTs. Regarding DTs, we define five components (Physical, Data, Analytical, Virtual, and Connection environments) that we relate to several cognates (i.e., similar but different terms) from existing literature. Regarding Situated Analytics, we review the effects of user embodiment on cognition and cognitive load. Finally, we classify existing partial examples of FTs from the literature and address their construction from Augmented Reality, Geographic Information Systems, Building/City Information Models, and DTs and provide an overview of future direction","['Jascha Grübel', 'Tyler Thrash', 'Leonel Aguilar', 'Michal Gath-Morad', 'Julia Chatain', 'Robert W. Sumner', 'Christoph Hölscher', 'Victor R. Schinazi']",2022-02-15T00:17:40Z,http://arxiv.org/abs/2202.07104v2,"['cs.CY', 'cs.GL', 'cs.HC']",スマートシティはすでに私たちを取り囲んでいるが、日常生活に直接影響を与えるには、まだ理解しがたいほど遠い。現在のスマートシティはアクセスしにくいことが多いが、新たなテクノロジーであるデジタル・ツイン（DT）とシチュエーション・アナリティクス（Situated Analytics）を組み合わせることで、日常生活での体験が向上するかもしれない。DTは、モデル、シミュレーション、（遠隔）センシングされたデータ、コンテキスト認識、インタラクションを通じて、現実世界のフィジカルツイン（PT）を表現します。しかし、インタラクションには、都市の複雑性に対応するための適切なインターフェースが必要である。最終的に、スマートシティの可能性を活用するには、DTを組み立てるだけでなく、包括的でアクセス可能なものにする必要があります。シチュエーション・アナリティクスは、都市情報をその空間的文脈に固定することを可能にする。私たちは、シチュエーション・アナリティクスを通じてDTをPTに組み込み、フューズド・ツイン（FT）を形成するというコンセプトを進めています。このフュージョンにより、データをより理解しやすくすることができる具現化されたコンテキストの中で、それが生成された場所でデータにアクセスすることができる。FTのプロトタイプは様々な領域から急速に出現しているが、スマートシティは将来的にFTの可能性が最も高いコンテキストである。本稿では、FTの基礎となるDT、Situated Analytics、スマートシティについて概説する。DTに関しては、5つの構成要素（物理環境、データ環境、分析環境、仮想環境、接続環境）を定義し、既存の文献にあるいくつかの同義語（似ているが異なる用語）と関連付ける。Situated Analyticsに関しては、認知と認知負荷に対するユーザーの具現化の効果をレビューする。最後に、既存の文献からFTの部分的な例を分類し、拡張現実感、地理情報システム、建物／都市情報モデル、DTからの構築について述べ、今後の方向性について概観する。
"FADEC: FPGA-based Acceleration of Video Depth Estimation by HW/SW
  Co-design","3D reconstruction from videos has become increasingly popular for various applications, including navigation for autonomous driving of robots and drones, augmented reality (AR), and 3D modeling. This task often combines traditional image/video processing algorithms and deep neural networks (DNNs). Although recent developments in deep learning have improved the accuracy of the task, the large number of calculations involved results in low computation speed and high power consumption. Although there are various domain-specific hardware accelerators for DNNs, it is not easy to accelerate the entire process of applications that alternate between traditional image/video processing algorithms and DNNs. Thus, FPGA-based end-to-end acceleration is required for such complicated applications in low-power embedded environments.   This paper proposes a novel FPGA-based accelerator for DeepVideoMVS, a DNN-based depth estimation method for 3D reconstruction. We employ HW/SW co-design to appropriately utilize heterogeneous components in modern SoC FPGAs, such as programmable logic (PL) and CPU, according to the inherent characteristics of the method. As some operations are unsuitable for hardware implementation, we determine the operations to be implemented in software through analyzing the number of times each operation is performed and its memory access pattern, and then considering comprehensive aspects: the ease of hardware implementation and degree of expected acceleration by hardware. The hardware and software implementations are executed in parallel on the PL and CPU to hide their execution latencies. The proposed accelerator was developed on a Xilinx ZCU104 board by using NNgen, an open-source high-level synthesis (HLS) tool. Experiments showed that the proposed accelerator operates 60.2 times faster than the software-only implementation on the same FPGA board with minimal accuracy degradation.","['Nobuho Hashimoto', 'Shinya Takamaeda-Yamazaki']",2022-12-01T08:30:09Z,http://arxiv.org/abs/2212.00357v2,['cs.AR'],映像からの3D再構成は、ロボットやドローンの自律走行ナビゲーション、拡張現実（AR）、3Dモデリングなど、さまざまな用途でますます普及している。このタスクは、従来の画像／映像処理アルゴリズムとディープニューラルネットワーク（DNN）を組み合わせることが多い。近年のディープラーニングの発展により、このタスクの精度は向上しているが、計算回数が多いため、計算速度が低く、消費電力も大きい。DNNのためのさまざまなドメイン固有のハードウェア・アクセラレータはあるが、従来の画像/動画処理アルゴリズムとDNNを交互に実行するアプリケーションのプロセス全体を高速化するのは容易ではない。そのため、低消費電力の組込み環境におけるこのような複雑なアプリケーションには、FPGAベースのエンドツーエンド・アクセラレーションが必要である。   本稿では、3D再構成のためのDNNベースの奥行き推定手法であるDeepVideoMVSのための、FPGAベースの新しいアクセラレータを提案する。HW/SW協調設計を採用し，プログラマブル・ロジック（PL）やCPUといった最新のSoC FPGAのヘテロジニアス・コンポーネントを，手法固有の特性に応じて適切に利用する．ハードウェア実装に適さない演算もあるため、各演算の実行回数やメモリアクセスパターンを分析し、ハードウェア実装の容易さやハードウェアによる高速化の期待度などを総合的に考慮してソフトウェア実装する演算を決定する。ハードウェア実装とソフトウェア実装は、PLとCPU上で並列に実行され、それぞれの実行レイテンシを隠蔽する。提案するアクセラレータは、オープンソースの高位合成（HLS）ツールであるNNgenを用いて、ザイリンクスのZCU104ボード上で開発した。実験によると、提案アクセラレータは、同じFPGAボード上で、ソフトウェアのみの実装よりも60.2倍高速に動作し、精度の劣化は最小限であった。
